list_year,rank,list_size,artist_id,artist_name,release_group_id,release_group_name,n_albums_25yr,tier
2001,1,91,a74b1b7f-71a5-4011-9441-d0b5e4122711,Radiohead,bca9280e-28b4-327f-8fe0-fd918579e486,Amnesiac,8,3
2001,2,91,f181961b-20f7-459e-89de-920ef03c7ed0,The Strokes,efea26d1-a016-30f6-b8e2-bc8c02336b0a,Is This It,4,3
2001,3,91,87c5dedd-371d-4a53-9f7f-80522fb7f3cb,Björk,271faeb3-fdd1-3ebb-80aa-97b3116e9341,Vespertine,6,3
2001,4,91,0039c7ae-e1a7-4a7d-9b49-0cbc716821a6,Death Cab for Cutie,ff5098ec-9410-3fbf-8191-2e74deda082e,The Photo Album,9,3
2001,5,91,6c8b9855-ba8b-48f9-ac1d-42167f7f7b18,The Shins,970604f0-59e8-36d0-922f-0b7459192c9b,"Oh, Inverted World",5,3
2001,6,91,11ae9fbb-f3d7-4a47-936f-4c0a04d3b3b5,The White Stripes,c5a0411f-374e-360d-9364-3ddec3007162,White Blood Cells,4,3
2001,7,91,3ac482b8-1494-4071-a0e9-f192f9d2c2b0,Built to Spill,060b2c77-1d7b-387e-921e-3d8578246200,Ancient Melodies of the Future,5,3
2001,8,91,e21857d5-3256-4547-afb3-4b6ded592596,Gorillaz,b0405d2a-5720-340a-bb56-4e135d031cc2,Gorillaz,8,3
2001,9,91,2ff49515-1701-4bac-a53a-04345893f3f3,Gillian Welch,4f9a9d35-b16d-3b7b-80d0-32b29683633f,Time (The Revelator),4,3
2001,10,91,c80f38a6-9980-485d-997c-5c1a9cbd0d64,Ryan Adams,4c7d8cfb-0678-38a4-ac3b-8ff98705a6b5,Gold,8,3
2001,11,91,a74b1b7f-71a5-4011-9441-d0b5e4122711,Radiohead,e404b349-7cef-398f-ac5e-ce06737341d1,I Might Be Wrong: Live Recordings,8,3
2001,12,91,ef2eabba-9edd-4606-a40d-3011e4626473,Dear John Letters,92be5171-58c7-39f4-ab53-1136b751b0ab,Rewriting the Wrongs,3,3
2001,13,91,45be8e20-3c3c-4e78-98f0-b5bdecf2f703,Sparklehorse,ac143976-7acc-318e-b5cf-cb9a052be38f,It’s a Wonderful Life,2,2
2001,14,91,233fc3f3-6de2-465c-985e-e721dbabbace,Fugazi,7b1cb5fb-7ba5-3472-a687-1cb8f2d896e7,The Argument,1,1
2001,15,91,6c85f4c3-026c-4c16-9a7c-f546f42ed0fb,Guided by Voices,34522edb-d889-3456-92cf-890ec38fd8de,Isolation Drills,4,3
2001,16,91,f6f2326f-6b25-4170-b89d-e235b25508e8,Sigur Rós,62b427b8-1c52-34e7-b250-da2aa3e44860,Ágætis byrjun,9,3
2001,17,91,21685b15-3074-446e-aa1d-ff7157014f53,Lucinda Williams,b914f6af-b975-375e-bd6f-4c0065296482,Essence,3,3
2001,18,91,8dd216da-6db2-4130-9a7c-ece756d1394d,Old 97’s,c0161abc-4c8e-335b-9583-0ba7ad398cd9,Satellite Rides,1,1
2001,19,91,84eac621-1c5a-49a1-9500-555099c6e184,Spoon,836422a2-9619-38a5-9e70-022b40eec3c4,Girls Can Tell,8,3
2001,20,91,0d82f0cd-107a-403f-a726-ac7287cbea65,The Beta Band,34c62e23-de6c-36ba-afa0-8d91086d22c2,Hot Shots II,2,2
2001,21,91,3fa354b6-aaba-4bb7-99ca-78a843047b4f,Nikka Costa,dbb2e6c2-4255-33fa-add3-d96d8bc6b2cd,Everybody Got Their Something,1,1
2001,22,91,6c0994fb-382e-4510-8e26-56709afaf190,Juno,9b456e4b-5e11-328a-af98-456be1716dc4,A Future Lived in Past Tense,1,1
2001,23,91,42faad37-8aaa-42e4-a300-5a7dae79ed24,Low,71a852c2-60b8-3bea-9e4c-373b1069be28,Things We Lost in the Fire,6,3
2001,24,91,72c536dc-7137-4477-a521-567eeb840fa8,Bob Dylan,9980ffe5-c5b5-3a83-8c1e-1ec6618f97ca,“Love and Theft”,6,3
2001,25,91,45f563aa-4601-4c6d-ab0d-a9f296eea71a,Ken Stringfellow,6807d866-f281-3d20-81fa-23685a17cb57,Touched,1,1
2001,26,91,7b1cf87e-c54f-4abc-893d-90245a31900d,Mercury Rev,08f53003-a3d8-3a84-8b02-0fb81a92b8de,All Is Dream,1,1
2001,27,91,eaefd603-84c1-4db4-a72b-0cb718a0cc07,Stephen Malkmus,39aaf84c-6de0-3978-8a1a-d79ef73725a9,Stephen Malkmus,2,2
2001,28,91,a96ac800-bfcb-412a-8a63-0a98df600700,Modest Mouse,d9e33b1e-1ae7-348d-bb72-1bd7d7cb45e5,Everywhere and His Nasty Parlour Tricks,5,3
2001,29,91,ead4fa2d-2ecc-47f6-8ad0-01d26683e7db,Halou,021068d0-59e4-34d3-b343-a6c840423bf6,Wiser,1,1
2001,30,91,cb67438a-7f50-4f2b-a6f1-2bb2729fd538,Air,21062c6a-bf91-3d5d-866a-7f54f6918861,10 000 Hz Legend,2,2
2001,31,91,1f16a425-2606-4137-a6b7-234b6dabe037,Pinback,c4c05867-a68e-39c1-976d-54eeb1639489,Blue Screen Life,4,3
2001,32,91,a9126556-f555-4920-9617-6e013f8228a7,Mark Lanegan,52826eb4-d7f2-316c-997b-ad249d17727c,Field Songs,1,1
2001,33,91,172e1f1a-504d-4488-b053-6344ba63e6d0,Nick Cave & the Bad Seeds,82c9fedb-4475-378b-b850-6e119d6b1828,No More Shall We Part,7,3
2001,34,91,1131e5da-dfdf-46c9-b6ff-b7ac552c2a3c,The Dismemberment Plan,253d9d94-9177-420f-ac07-5532e630a698,Change,1,1
2001,35,91,2d50057a-5541-4b1a-990d-92d3698e7ba5,Jay Farrar,227824e1-7479-3a75-b5f6-b9c096725a22,Sebastopol,1,1
2001,36,91,3df29542-402a-49a5-ae1f-82f936184b3b,Quasi,b38ef5e5-58c3-47d2-8efe-6564c782deb6,The Sword of God,1,1
2001,37,91,65041e06-83d2-4987-ae52-c17a915fc82a,Spiritualized,8d64439f-5e8f-374b-a993-629f000258a2,Let It Come Down,3,3
2001,38,91,3ddfd733-80a1-4c2b-a49c-32acb19f507c,Kinski,c0a32592-6881-3aa2-8936-b47575df0730,Be Gentle With the Warm Turtle,1,1
2001,39,91,38d16213-25ba-450d-8665-4e08548e62e3,DJ Krush,81f7ced8-8bb6-38cf-bf71-465aa0c973bf,Zen,1,1
2001,40,91,32b90c92-9978-4a07-90eb-caa4b22f4907,Black Rebel Motorcycle Club,ed9f81e5-7964-31ba-a49b-0776790e2347,B.R.M.C.,6,3
2001,41,91,b6ab8d01-0cb3-4515-bc05-d928397e7429,The Helio Sequence,18f51c16-6953-3a28-adaf-5583d478fab6,Young Effectuals,5,3
2001,42,91,610404f9-26bd-4be2-8697-f916495f14a4,Ivy,02e15771-25a8-3dc1-9756-3895a8ca0012,Long Distance,1,1
2001,43,91,22a40b75-affc-4e69-8884-266d087e4751,Travis,5c87e1b5-1d55-381f-a648-dce879a59c33,The Invisible Band,1,1
2001,44,91,0b461f11-c7af-4ddb-a30e-5cb0aabb3e7f,Kristin Hersh,cb7c0d22-0904-386a-83c7-8fba7b586138,Sunny Border Blue,1,1
2001,45,91,7f5dde96-1573-4491-9673-f03fe7c5caaa,The American Analog Set,118d5895-ecee-3246-869f-28ae172fdf99,Know by Heart,1,1
2001,46,91,d700b3f5-45af-4d02-95ed-57d301bda93e,Mogwai,cb5d08d3-e7bd-31a4-87c4-2bae64572faa,Rock Action,6,3
2001,47,91,4bd31567-70a8-4007-9ac6-3c68c7fc3d45,Carissa’s Wierd,16d1cb99-9d09-39fa-83e7-6ec0dac8508e,You Should Be at Home Here,2,2
2001,48,91,28cbf94d-0700-4095-a188-37e373b069a7,Basement Jaxx,c290df05-2211-35c7-9701-7fa779afd41f,Rooty,2,2
2001,49,91,2d67239c-aa40-4ad5-a807-9052b66857a6,Le Tigre,61c85d3d-2f15-3d83-a5bc-8f3cf6211967,Feminist Sweepstakes,2,2
2001,50,91,48772747-4cda-4ba8-b470-cfd5a32e05f7,Macy Gray,8a6c1afc-2bbc-324d-93ae-dd4c2e2bf1d3,The Id,1,1
2001,51,91,f1106b17-dcbb-45f6-b938-199ccfab50cc,New Order,03fce663-c450-34ab-afea-b8824796bb46,Get Ready,2,2
2001,52,91,9434776a-bdd7-4f58-b719-b5d95b9d2a11,Unwound,75a65e18-da84-345d-a30e-4a7e1b605a22,Leaves Turn Inside You,1,1
2001,53,91,14777d5d-e489-463a-8077-e74a35fd472f,The Melody Unit,aa3a8f46-3c67-3802-881c-1bc5437263cc,Choose Your Own Adventure,1,1
2001,54,91,fa6b3377-e287-4d9c-947b-4df412c0ff0f,The Reindeer Section,34821df0-eaf0-3fc3-9ba0-cba784b2e0f9,"Y'All Get Scared Now, Ya Hear!",2,2
2001,55,91,056e4f3e-d505-4dad-8ec1-d04f521cbb56,Daft Punk,48117b90-a16e-34ca-a514-19c702df1158,Discovery,2,2
2001,56,91,dec629c1-c5b8-4fa1-9bb2-eaf979550f41,Mint Royale,e478cb69-8dbc-3e93-8141-00dba5935617,On the Ropes,1,1
2001,57,91,a6623d39-2d8e-4f70-8242-0a9553b91e50,The Avalanches,28438e4f-3710-459f-a332-a1eba9dd1f26,Since I Left You,2,2
2001,58,91,43e2b545-3e4a-4fd7-a773-8daafa610570,Lovage,60214ce4-810b-3042-ad4e-3b121e313844,Music to Make Love to Your Old Lady By,1,1
2001,59,91,64d62f45-e001-40a1-a055-c3545fcc14de,Idlewild,55035f4b-787c-366a-8bc1-c9cbaa3f51e1,100 Broken Windows,2,2
2001,60,91,072e6967-a712-469f-8d2a-a8ef2296dab9,Vendetta Red,846f5640-6d46-31d2-b256-711023058b31,White Knuckled Substance,1,1
2001,61,91,e9aca1a3-836a-4e5e-b8d4-56d20c60af5f,Beulah,d9594e33-a5cc-3e01-ac6c-a9cd1665c66a,The Coast Is Never Clear,2,2
2001,62,91,cf0f4547-ffbd-4011-98ad-0bec9ba022db,Kings of Convenience,1be126b3-896a-3982-b4d6-90d3efaf0a4b,Quiet Is the New Loud,2,2
2001,63,91,23f527e1-74ae-4f7c-94f3-4a5d5f379c51,Hope Sandoval & the Warm Inventions,33c549e6-5f64-38cd-acc4-b22734469d0c,Bavarian Fruit Bread,1,1
2001,64,91,59a2e877-0571-40c3-a405-2e52b170fa2c,Trembling Blue Stars,f5aa933a-9add-388f-8b4c-7c26b6cd612b,Alive to Every Smile,1,1
2001,65,91,48b83db5-1aa2-48d3-8f5c-8cc1d585e585,Pernice Brothers,41ac2b0d-4159-314f-8cdf-3722fc46f71b,The World Won’t End,2,2
2001,66,91,bf103bec-70e3-45a5-9d1b-97715db04a96,Alejandro Escovedo,87921985-431d-307c-9627-e3ecbda9e3a7,A Man Under the Influence,1,1
2001,67,91,1ea2c08f-323c-4207-9af1-e2fb8588f08e,Clinic,36d0e9a7-5b32-3668-9bf0-8a9ee87984ea,Internal Wrangler,2,2
2001,68,91,172aab84-4c01-4dc0-b2ad-e723033e10ec,Jim O’Rourke,4a1126a2-8233-36ae-a579-539e0b7fb392,Insignificance,1,1
2001,69,91,3533dea4-218c-4fc9-ab6e-2e3dc0ffde6e,Pete Yorn,cca0cdab-6f0e-3b1a-87c2-221825d43353,musicforthemorningafter,1,1
2001,70,91,c71abd83-9d66-4c7b-9f0d-c9c36e85a955,Dilated Peoples,d23d9faf-9cdc-30b8-a289-7247ef8b7b8b,Expansion Team,1,1
2001,71,91,e23eac42-f904-47da-8599-823ff431bea4,Michael Franti & Spearhead,1771148f-bc9c-319c-bd1c-8ae5d0fe23ec,Stay Human,3,3
2001,72,91,8777a849-fb4e-4430-9918-170f619c5286,Bebel Gilberto,c06f9801-087b-451c-aa0a-cb53ebad065a,Tanto Tempo Remixes,1,1
2001,73,91,f22942a1-6f70-4f48-866e-238cb2308fbd,Aphex Twin,87f1a316-510f-36c3-9f2c-38230b0e56e0,Drukqs,2,2
2001,74,91,784985ba-f29f-46b9-a49c-80984753019e,Ass Ponys,cb5d9477-74c3-3f4b-9c76-3cee197059cb,Lohio,1,1
2001,75,91,b2274e6d-10e8-4068-9dd2-eb55d4a144b5,Pretty Girls Make Graves,4c3a89f0-c7d2-3e77-9ca4-d8c6c25e38a3,Pretty Girls Make Graves,3,3
2001,76,91,1b54e90c-638e-4fdd-a20e-4ab09db9fdaf,The Get Up Kids,c837839d-adb1-301e-985d-e982743c6b7d,Eudora,1,1
2001,77,91,ea4dfa26-f633-4da6-a52a-f49ea4897b58,R.E.M.,6f285675-2ae8-3a6c-883a-0e29f8a6d1c6,Reveal,3,3
2001,78,91,61653550-fd9b-4401-8248-44f2d064d384,Superchunk,d05a4972-f3d8-3b90-9c8f-f6c4a7dd390b,Here’s to Shutting Up,3,3
2001,79,91,049d86e6-be73-4cb9-b498-0b6103ae3cb1,Clem Snide,73a959e2-b993-3eb8-87ed-f94238e04847,The Ghost of Fashion,2,2
2001,80,91,fa7b9055-3703-473a-8a09-adf2fe031a24,CAKE,cdb7197f-ed14-3238-a402-d0e554bcc0c8,Comfort Eagle,1,1
2001,81,91,501f3068-9791-4b67-b36c-a37899905b5a,Kelly Hogan,eeb58839-7fde-3e99-a2ce-a93c17d2758a,Because It Feel Good,1,1
2001,82,91,c23b637b-97c6-41eb-8ef6-6c724efc80a8,Zero 7,7cda193a-7284-309a-bc05-df04de833030,Simple Things,3,3
2001,83,91,b3d5b1c9-95df-42ea-83eb-c86b18f61f8d,The New Year,916187bf-3a12-38e7-9707-8418c30ff8d9,Newness Ends,2,2
2001,84,91,41a84b9d-fc0b-4d15-85e5-c46bdc3d1bfa,Woke Up Falling,add3e304-f749-4eae-9755-cb1a99ec31d6,Dividing Blue from Blue,1,1
2001,85,91,82612071-cfe2-4228-8ca0-bc96e02f5409,Preston School of Industry,e3cff2df-9144-3cb3-8bb7-0767715dd365,All This Sounds Gas,1,1
2001,86,91,1ee39085-0b53-4837-b41d-c03ebe3c8182,Aveo,48daf6a2-0160-3d98-b632-624d151fc55a,Bridge to the Northern Lights,1,1
2001,87,91,d4659efb-b8eb-4f03-95e9-f69ce35967a9,David Byrne,18946270-568d-3bd9-8907-2301ca3bf392,Look Into the Eyeball,5,3
2001,88,91,b45335d1-5219-4262-a44d-936aa36eeaed,Ladytron,728114b0-6333-3835-9434-6686cef7f012,604,3,3
2001,89,91,a66999a7-ae5c-460e-ba94-1a01143ae847,Snow Patrol,b602ca3e-0f62-38af-9eed-6343123803f4,When It’s All Over We Still Have to Clear Up,3,3
2001,90,91,6caf09f5-2f01-4f76-bcc7-6207930c56c6,Arab Strap,d1f3f45b-9555-33a2-818a-9a4213e74b32,The Red Thread,1,1
2001,91,91,266b1566-3484-4d90-b3a0-fc5e184fd858,Neo,d79e4c9e-cd5e-4a54-99ff-02ba296ee0b9,Space Country,1,1
2002,1,91,9e53f84d-ef44-4c16-9677-5fd4d78cbd7d,Wilco,95f2ba4b-2dd9-38d1-8158-a416a391489c,Yankee Hotel Foxtrot,11,4
2002,2,91,1f43d76f-8edf-44f6-aaf1-b65f05ad9402,The Flaming Lips,54b1ad4e-7e86-308d-b053-a0843f6abbdb,Yoshimi Battles the Pink Robots,5,3
2002,3,91,b23e8a63-8f47-4882-b55b-df2c92ef400e,Interpol,e7227840-5ef2-3813-af26-15dab34e1a51,Turn On the Bright Lights,6,3
2002,4,91,309c62ba-7a22-4277-9f67-4a162526d18a,Beck,5f84e8b9-b8e5-3fbf-b514-0192a62d88b6,Sea Change,7,3
2002,5,91,cc197bad-dc9c-440d-a5b5-d52ba2e14234,Coldplay,120c786d-a3b2-3c19-b4ff-2b7b3b4435bf,A Rush of Blood to the Head,3,3
2002,6,91,f6f2326f-6b25-4170-b89d-e235b25508e8,Sigur Rós,950a650b-1e8d-3097-92af-9f7686bba4f1,( ),9,3
2002,7,91,11c6b106-1c1f-429d-8407-b1ee155d7f72,Jurassic 5,3ec846cc-e07a-3734-836c-822d10ab10d0,Power in Numbers,1,1
2002,8,91,e13d2935-8c42-4c0a-96d7-654062acf106,Neko Case,ec08962a-433c-3071-9978-488e44a25a3b,Blacklisted,7,3
2002,9,91,e36e78eb-3ace-4acd-882c-16789e700ab7,Sleater‐Kinney,55f3d073-ec82-3cb2-a1d8-0f47aa639ad2,One Beat,6,3
2002,10,91,84eac621-1c5a-49a1-9500-555099c6e184,Spoon,f40ad871-3f38-38e7-a78a-3dcf01d8ded7,Kill the Moonlight,8,3
2002,11,91,9de8f66e-3cd1-4f11-8328-38200f0612b0,Doves,91b37425-6d27-3cbc-b8a4-589e44cd968f,The Last Broadcast,4,3
2002,12,91,9c1ff574-2ae4-4fea-881f-83293d0d5881,…And You Will Know Us by the Trail of Dead,b2ed93f0-9b35-3d86-ac20-0c57272d86fc,Source Tags & Codes,2,2
2002,13,91,6f607087-9c46-4bb2-a884-e4efc764554c,The Streets,e701a954-0fd7-3789-83cb-03b5a28783b7,Original Pirate Material,2,2
2002,14,91,78f797e3-4913-4026-aad0-1cd858bd735b,Bright Eyes,f41575e3-376a-3c8f-9063-51ae2c9df181,"LIFTED or The Story Is in the Soil, Keep Your Ear to the Ground",6,3
2002,15,91,985c709c-7771-4de3-9024-7bda29ebe3f9,Norah Jones,6ccac9d2-22ed-33de-bd5d-f2aadcacf7f8,Come Away With Me,1,1
2002,16,91,5cbef01b-cc35-4f52-af7b-d0df0c4f61b9,Sonic Youth,1fa9181e-91a9-3f29-8f4f-d73b18199da0,Murray Street,4,3
2002,17,91,5c2d7596-2366-47c5-b4a2-0550ac8f9e69,Ugly Casanova,71171a43-963d-3158-966d-9981c5914674,Sharpen Your Teeth,1,1
2002,18,91,92ee5562-3c1b-4e02-ac22-aae6261edac5,Blackalicious,057609ac-68b4-37e7-a6ac-9bc1cea38a3f,Blazing Arrow,2,2
2002,19,91,1c70a3fc-fa3c-4be1-8b55-c3192db8a884,Röyksopp,95d72e72-55b2-3408-8d76-cce7abad3836,Melody A.M.,2,2
2002,20,91,26860648-1c93-4849-bc52-a8541ec88219,mclusky,3e710532-61e8-3925-b3b9-24b21eb2fbf9,mclusky Do Dallas,2,2
2002,21,91,2f360fd9-6440-4896-9f45-8156e8b0b204,Pedro the Lion,698f31a8-d3d4-36a7-8461-304c3540e60b,Control,2,2
2002,22,91,42c520b5-4992-4aab-9f3f-542addcde686,Doug Martsch,d23b163f-3d54-3dbb-90a0-f0f3309d92e4,Now You Know,1,1
2002,23,91,1ea2c08f-323c-4207-9af1-e2fb8588f08e,Clinic,5a8461af-cbc8-3f28-baa4-2386c36e0ec2,Walking With Thee,2,2
2002,24,91,14387b0f-765c-4852-852f-135335790466,EELS,759d03ec-7b3f-3762-9d1b-f889b961c3dc,Souljacker,4,3
2002,25,91,067102ea-9519-4622-9077-57ca4164cfbb,Morcheeba,80ce0c47-c0bb-3757-b170-6d64c65d30c2,Charango,1,1
2002,26,91,efa2c11a-1a35-4b60-bc1b-66d37de88511,DJ Shadow,c6881bae-1bce-3e06-bb3d-e57c2670e16c,The Private Press,2,2
2002,27,91,2b64e811-cbcd-45f7-b29d-296444cad4f1,múm,18412e7c-2769-3d89-9603-36ba4dabb319,Finally We Are No One,1,1
2002,28,91,8a338e06-d182-46f2-bd16-30a09bc840ba,Elvis Costello,fcf2f954-cde4-312a-ab44-825656d3e6c7,When I Was Cruel,2,2
2002,29,91,bb861349-25f2-4e90-ab38-bde20ef9849e,Rhett Miller,410aa417-e85a-323a-9829-e1b079a4ad9f,The Instigator,1,1
2002,30,91,214d84a5-e9e5-4432-af95-8c84da7ba4c0,Beth Orton,4d2c725d-5ec8-3e01-8a1d-65156558d879,Daybreaker,1,1
2002,31,91,d43d12a1-2dc9-4257-a2fd-0a3bb1081b86,Johnny Cash,aca4ccc8-5d1b-361e-ab21-396b2c6d42d3,American IV: The Man Comes Around,3,3
2002,32,91,487bfd74-71bf-46dd-b89c-80b7a0f06f2f,The Hives,61a34a5e-37ea-3f7b-a462-e645b96108df,Veni Vidi Vicious,4,3
2002,33,91,7dc8f5bd-9d0b-4087-9f73-dc164950bbd8,Queens of the Stone Age,cbffb669-c390-3a4d-b46f-1be8ea934b03,Songs for the Deaf,5,3
2002,34,91,dfa0e21c-ee3e-44da-81d5-58e3c1218a9f,Hot Snakes,ce1c2193-6e64-3a63-a9b3-b775b386c6d1,Suicide Invoice,1,1
2002,35,91,0881daf1-20df-4a3e-a84f-6476a84bb172,Badly Drawn Boy,6e931ed9-19f7-3230-85fc-b8ea9ddd2e6d,Have You Fed the Fish?,1,1
2002,36,91,0d8af401-9461-41c2-b612-a8d0123db604,Maktub,e4c7dc9e-fa33-33db-9137-69ff394cb3fd,Khronos,1,1
2002,37,91,80b3cf5e-18fe-4c59-98c7-e5bb87210710,The Roots,98277141-0f63-3796-894a-11409d1377c4,Phrenology,5,3
2002,38,91,6c85f4c3-026c-4c16-9a7c-f546f42ed0fb,Guided by Voices,8b016368-0526-3388-a387-7dfed07cee82,Universal Truths and Cycles,4,3
2002,39,91,04bc9ee0-a1f6-48f9-8f72-e6cacc14e06d,Bobby Bare Jr.'s Young Criminals' Starvation League,811d105b-e744-39cc-8426-27b247694d5f,Young Criminals Starvation League,3,3
2002,40,91,c3f28da8-662d-4f09-bdc7-3084bf685930,Iron & Wine,8d9f43cb-ad78-34e2-b91d-93a5c350876b,The Creek Drank the Cradle,7,3
2002,41,91,966bd819-2ba1-4e1b-9d35-72385937e8ed,The Long Winters,96b1e629-4cd0-3a0d-b987-3df727ce5def,The Worst You Can Do Is Harm,4,3
2002,42,91,db3c0a20-bf05-4b30-ac22-f294aea24172,Aimee Mann,719e5d6c-2b64-3136-8aa0-538dbac94b61,Lost in Space,2,2
2002,43,91,42faad37-8aaa-42e4-a300-5a7dae79ed24,Low,373f9395-2485-340c-986a-91b2f569b623,Trust,6,3
2002,44,91,232bb885-d7c6-4463-a694-0830ae3300bc,Hem,84bda8ff-1243-323d-974a-2e748b2e1ef8,Rabbit Songs,1,1
2002,45,91,d4019e11-c719-4338-9198-4c03da0cfb6f,Rosie Thomas,0a0151b2-e709-3e0b-bb25-739880f1b45d,When We Were Small,2,2
2002,46,91,a505bb48-ad65-4af4-ae47-29149715bff9,Thievery Corporation,fc36583b-e0a9-3a21-adf3-b1bda73fb059,The Richest Man in Babylon,2,2
2002,47,91,8970d868-0723-483b-a75b-51088913d3d4,Moby,f83ca650-ae20-3347-ba06-5eaa9ab163af,18,2,2
2002,48,91,1a120ec5-35b3-4f3e-aa49-7201550d9feb,RJD2,fcca105e-1677-32db-b7cc-e3840d4f1456,Deadringer,1,1
2002,49,91,83b9cbe7-9857-49e2-ab8e-b57b01038103,Pearl Jam,42bb668a-c33b-381a-a492-1b38ac7611e8,Riot Act,6,3
2002,50,91,0e0dd9da-5878-4c46-9a9a-6df43abb5c96,Hot Hot Heat,4edab2b1-f4a3-3170-b6d9-874ec54fa44e,Make Up the Breakdown,2,2
2002,51,91,675ec992-a8e4-41f8-b28b-1aad0c8a9ad1,Jets to Brazil,56e7585f-0763-352a-8f80-d41a1cedf148,Perfecting Loneliness,1,1
2002,52,91,c3aeb863-7b26-4388-94e8-5a240f2be21b,Tom Waits,e95110a2-d81c-3291-910c-8b80c878f99c,Alice,5,3
2002,53,91,69158f97-4c07-4c4e-baf8-4e4ab1ed666e,Boards of Canada,8183834a-6c8a-39ef-a7bc-a82f79b929e9,Geogaddi,3,3
2002,54,91,101e0102-841f-4858-972b-edf716ee67c9,Flunk,dc845658-dbbd-3553-8269-07ea1e4d6a6d,For Sleepyheads Only,2,2
2002,55,91,e4c226f2-ba57-483f-be6b-3391112244b8,Mirah,c5908a3e-d24a-3472-abd3-0922d5b33a2e,Advisory Committee,1,1
2002,56,91,ae362950-090f-4686-82da-9d22a5f88f2e,The Soft Boys,c3c23fe2-980c-3b89-b5ed-af991246a666,Nextdoorland,1,1
2002,57,91,d5c79890-36c5-4f1b-bed3-4468eee093f3,Solomon Burke,561acc9f-7942-347d-822c-97c35cd77f7e,Don’t Give Up On Me,1,1
2002,58,91,c3aeb863-7b26-4388-94e8-5a240f2be21b,Tom Waits,63377d20-38df-30ae-b1bc-6808b9e05482,Blood Money,5,3
2002,59,91,f24c343a-5c24-4633-8ae4-9a3e8cc1eee7,Joseph Arthur,7116593f-3b24-3f58-bd13-aa76430a404e,Redemption’s Son,3,3
2002,60,91,ec863030-7c13-45a3-a025-a69195d3a020,Steve Earle,de1f6147-2ff0-36f3-9639-f109fdf042a8,Jerusalem,2,2
2002,61,91,5315c1a1-3667-488c-bbe4-f231e336b69a,Mr. Lif,c5947642-ee48-3ca9-8fe7-d8f71ab69d21,I Phantom,1,1
2002,62,91,ba2f4f3b-0293-4bc8-bb94-2f73b5207343,Underworld,2d0bd26f-7a0d-3644-b019-6e97a83139ec,A Hundred Days Off,2,2
2002,63,91,c80f38a6-9980-485d-997c-5c1a9cbd0d64,Ryan Adams,ab963af8-2b61-3492-a7f1-2695aba1a390,Demolition,8,3
2002,64,91,d558f844-4db0-4bc3-ba22-49ad2ca2722e,Paul Westerberg,a5c679ff-fe52-33b5-a90b-77052887cd51,Stereo,1,1
2002,65,91,fa6b3377-e287-4d9c-947b-4df412c0ff0f,The Reindeer Section,801e464e-cec2-3ab1-bb4e-a02c4a1dc8cd,Son of Evil Reindeer,2,2
2002,66,91,ef2eabba-9edd-4606-a40d-3011e4626473,Dear John Letters,3fdd47ff-e0a4-4a94-bcdf-3b2e8646a3eb,Unbroken,3,3
2002,67,91,8ab7f591-0506-4f6f-9cfa-293d5aab15e3,Desaparecidos,5a08d6ab-c149-33d4-9fa3-d9f84201d716,Read Music/Speak Spanish,1,1
2002,68,91,c1e98e4a-4628-4c89-a7a6-0e0171600b05,Minus the Bear,6fc3b39d-339b-3ded-b8fb-f44ceee71244,Highly Refined Pirates,3,3
2002,69,91,ed9a90d2-f4bc-410b-a016-19e0764621e2,Pris,c45d0f64-c4b6-3f9d-bd6a-21a1c098b9f9,This Should Help Reduce the Swelling,1,1
2002,70,91,b2274e6d-10e8-4068-9dd2-eb55d4a144b5,Pretty Girls Make Graves,a32b87c8-2ad6-31a5-b488-954aa2df9ac7,Good Health,3,3
2002,71,91,304cdd9d-a04e-4eb2-865c-980a553a0efd,Gomez,583bf80d-bd0e-3241-85c1-28f56f2206d5,In Our Gun,2,2
2002,72,91,a1c29c2f-778f-4b02-9ac7-80f0c37cdea9,Sondre Lerche,bf69116c-d9fd-3f03-915e-165b376806c9,Faces Down,1,1
2002,73,91,4bd31567-70a8-4007-9ac6-3c68c7fc3d45,Carissa’s Wierd,b8e69326-6882-3821-95ee-7609d9398ffd,Songs About Leaving,2,2
2002,74,91,fec02932-60cd-46ee-a70c-05c07905ae77,Richard Buckner,3567885d-ee8d-3512-a525-0bb9d8313ef1,Impasse,1,1
2002,75,91,e6e47c4f-be7a-4361-8b7c-50d2b68edf97,Pete Krebs & the Gossamer Wings,45b0d4c1-aa64-3d78-aab7-b79e393a85f2,I Know It by Heart,1,1
2002,76,91,dda04604-b50a-4bd1-8780-77564c659dc0,Luna,ddf479d7-f5ca-3f5a-8edc-5d2aca183c8f,Romantica,2,2
2002,77,91,edbaa513-b8d3-4e8f-b81f-ef640b8ad128,Brad,f6faabcd-13e3-35d1-b3e8-6dfccf556957,Welcome to Discovery Park,1,1
2002,78,91,4e045c96-538b-46ed-8ea8-7cae20b56574,The Vines,e7981a9a-bec8-33a3-b803-de187aa67f14,Highly Evolved,1,1
2002,79,91,e675295a-1efe-4247-aa3b-53b78d0cdffc,Mudhoney,a11fe3f2-ac26-3de7-b2e9-96cd73da3272,Since We've Become Translucent,2,2
2002,80,91,62cfba2f-d6da-4c93-a2e2-a7922fe47d1b,The Music,c238b579-2e62-3a81-b653-8120e17dfe14,The Music,1,1
2002,81,91,3514da92-e20e-4f66-8c65-786233bebf08,Automaton Adventure Series,4b4489ce-69eb-4344-9e4b-1dcc9fedf677,Clarions and Banners,1,1
2002,82,91,d05f4ae2-b911-4d19-a428-5ea38ac342a5,Ms. Led,34e748bd-cd0f-3bde-9da0-d62c0456c61d,Afternoon in Central Park,2,2
2002,83,91,3b7c93ab-40a5-4745-ab6b-eaafed2308bb,Neil Finn,7b63310a-d21a-3670-a881-46b4e505961f,One Nil,1,1
2002,84,91,f4805b9d-68f8-438e-8f13-ec7bcb4c8581,Damien Jurado,20538fbf-dc34-3a68-a24a-ae352c408e4e,I Break Chairs,7,3
2002,85,91,4f4bda3c-d636-4135-b65a-6cc26bc75788,Kosheen,5ba8537a-3b76-324a-81e9-3f91b6609964,Resist,1,1
2002,86,91,cbdbfa40-a839-4fa2-a5e1-dbd6e84fe1fd,Tahiti 80,6583fbb4-3725-375e-8b46-c9f60422fa7b,Wallpaper for the Soul,1,1
2002,87,91,d70416d3-c006-4a8b-aebd-91a4f198591f,The Donnas,0e1c01ac-1006-3d0d-99d2-3aa75fb99f88,Spend the Night,1,1
2002,88,91,9bbbca84-c6a4-44ac-87b6-d7e8e7930bb1,Sparta,a71e0005-e1d1-3e1b-98c1-696ffd7141f7,Wiretap Scars,1,1
2002,89,91,630662ea-1c7d-4208-99fd-ba3afec20f0c,Amon Tobin,076e4121-045e-3e6e-bcac-7c85cca4462d,Out From Out Where,1,1
2002,90,91,bb3cbea2-5ad4-4917-bc84-8a1975d40315,Talib Kweli,036299a6-1fcb-3c46-80d7-b41869ba75b8,Quality,1,1
2002,91,91,584c04d2-4acc-491b-8a0a-e63133f4bfc4,Yeah Yeah Yeahs,a4c4132e-3736-33af-951a-6c7f19a63b9f,Yeah Yeah Yeahs,7,3
2003,1,91,a74b1b7f-71a5-4011-9441-d0b5e4122711,Radiohead,5c14fd50-a2f1-3672-9537-b0dad91bea2f,Hail to the Thief,8,3
2003,2,91,0039c7ae-e1a7-4a7d-9b49-0cbc716821a6,Death Cab for Cutie,f48c46e8-8178-3e74-b60f-72b677ebcb96,Transatlanticism,9,3
2003,3,91,299278d3-25dd-4f30-bae4-5b571c28034d,The Postal Service,ee51d41d-d337-3ce1-b72c-3f40e1973e2b,Give Up,2,2
2003,4,91,6c8b9855-ba8b-48f9-ac1d-42167f7f7b18,The Shins,d4194792-dc49-3065-acae-22c809379262,Chutes Too Narrow,5,3
2003,5,91,11ae9fbb-f3d7-4a47-936f-4c0a04d3b3b5,The White Stripes,d85b9684-4277-3565-b89b-115c8b4b7fd3,Elephant,4,3
2003,6,91,73fdb566-a9b1-494c-9f32-51768ec9fd27,OutKast,fa64febd-61e0-346e-aaa2-04564ed4f0a3,Speakerboxxx / The Love Below,1,1
2003,7,91,492c18bc-ffbe-43b1-a22a-9bb801216b96,The Wrens,cd359166-1c41-3b6a-844c-7ff740141611,The Meadowlands,1,1
2003,8,91,25b75a66-ce83-4db3-b136-395a3c3784c4,The New Pornographers,e68bf070-f7a8-3d7f-894a-2a50de3759b2,Electric Version,8,3
2003,9,91,ea5883b7-68ce-48b3-b115-61746ea53b8c,My Morning Jacket,edc79edc-6c02-33c2-be16-d410ff2c5c5f,It Still Moves,9,3
2003,10,91,966bd819-2ba1-4e1b-9d35-72385937e8ed,The Long Winters,9679d866-af66-3a7f-9653-895c6a3066a4,When I Pretend to Fall,4,3
2003,11,91,584c04d2-4acc-491b-8a0a-e63133f4bfc4,Yeah Yeah Yeahs,e8e2d824-dd32-3b24-9c7c-24619fbe86a9,Fever to Tell,7,3
2003,12,91,f181961b-20f7-459e-89de-920ef03c7ed0,The Strokes,1e9db573-5671-301f-87fc-846a605fe35b,Room on Fire,4,3
2003,13,91,05755bf1-380c-487f-983f-d1a02401fa28,Cat Power,b24234fc-1afd-34df-9c42-92cb51cc0a36,You Are Free,5,3
2003,14,91,b9a2a9a6-7a40-48a6-bcb1-8eff5b89ad5b,Nada Surf,40f527a1-e3cc-3a9b-90ed-43f2a6450365,Let Go,6,3
2003,15,91,e5c7b94f-e264-473c-bb0f-37c85d4d5c70,Belle and Sebastian,8ad0c295-a1f4-3bd2-8abb-3659320c062e,Dear Catastrophe Waitress,4,3
2003,16,91,9d4c4835-c71a-4647-a4fc-263e26832cd0,Grandaddy,5916a0ad-d791-3d6a-b07b-7570f4ca2b20,Sumday,2,2
2003,17,91,e8eed2c6-269a-47c0-aed9-8517a304b02c,The Stills,4690a3a8-a350-3dd6-b262-488d82d8b59f,Logic Will Break Your Heart,1,1
2003,18,91,2eada8f8-056a-4093-bbc2-004909ce743b,Broken Social Scene,65731979-ad24-3497-8c8b-541be4aa2fae,You Forgot It in People,4,3
2003,19,91,5f572b31-8fd9-45ae-9beb-358c98d839df,The Dandy Warhols,19dc2439-5bcb-3ee3-ac92-8160ce704cc1,Welcome to the Monkey House,1,1
2003,20,91,53a4de34-35ca-4ad0-aa4b-67382435ed69,The Twilight Singers,0a4bcdfd-3eb1-4d5e-aa5a-266423bd54e8,Blackberry Belle,2,2
2003,21,91,cb8b0935-af9d-4d26-8ceb-dbfeeaf75aad,The Fire Theft,41989cdb-440c-3891-b7a8-5655c750490e,The Fire Theft,1,1
2003,22,91,32b90c92-9978-4a07-90eb-caa4b22f4907,Black Rebel Motorcycle Club,a4cb926d-404c-3e6e-b33c-44e60e99f8aa,"Take Them On, on Your Own",6,3
2003,23,91,f180cec2-9421-4417-a841-c7372090d13d,The Notwist,7e0c1da0-f2b6-3d5a-93b1-c96c1da15fca,Neon Golden,1,1
2003,24,91,97b1142f-c71e-4971-8736-4a8ceaf6b4c3,The Decemberists,5f135b33-c28f-36dc-aa9c-9a4851665226,Her Majesty the Decemberists,10,4
2003,25,91,b2274e6d-10e8-4068-9dd2-eb55d4a144b5,Pretty Girls Make Graves,cb4238e8-2d11-38a3-bd28-ff558cd8a7ee,The New Romance,3,3
2003,26,91,b476264b-dcdc-4cbf-bd40-9eddaf5a6942,Longwave,8bf7fde0-835a-3b72-a543-e7fbf092f46c,The Strangest Things,1,1
2003,27,91,ef2c6449-d02b-415b-ad8c-c14c08266552,Sun Kil Moon,41146f8d-3b99-3957-81a3-d8198bb025df,Ghosts of the Great Highway,3,3
2003,28,91,24ed5b09-02b1-47fe-bd83-6fa5270039b0,The Jayhawks,8c7eca20-31d0-3966-9ce4-2dd442b07698,Rainy Day Music,1,1
2003,29,91,ba853904-ae25-4ebb-89d6-c44cfbd71bd2,Blur,25b8f0eb-8031-3a24-b363-476229fa882b,Think Tank,3,3
2003,30,91,31095622-5a1e-4f22-8ad1-b08eb6255f37,Ted Leo and the Pharmacists,89360b76-f23a-309e-8681-9dc7fe631090,Hearts of Oak,3,3
2003,31,91,6ffb8ea9-2370-44d8-b678-e9237bbd347b,Kings of Leon,dd793060-5ae7-3353-8586-16c94c32171c,Youth & Young Manhood,5,3
2003,32,91,20883363-1ea4-4d72-ad72-c0e767038f3e,The Mars Volta,605124dd-0f2a-382b-a8ba-720658c1fe45,De-Loused in the Comatorium,1,1
2003,33,91,0f82d6b5-12fb-4569-b047-a00194f572a7,Fountains of Wayne,db2a3102-5ea2-395f-89e9-2de7881186b3,Welcome Interstate Managers,1,1
2003,34,91,8eae1e0a-1696-4532-9e3c-0a072217ef4c,Drive‐By Truckers,196730c7-2c36-3157-b68c-3edd2bc4bebd,Decoration Day,6,3
2003,35,91,ae8e3434-a8fd-4ba8-9c76-6ee6a9301d03,Radio Nationals,67ef0bcb-655d-3d98-b19b-0495b53599ef,Place You Call Home,1,1
2003,36,91,98e4bf9e-9e33-4f07-9962-f7c1c2d773ba,Stephen Malkmus and the Jicks,2960a73e-b0ce-34e2-8459-9aa81d4842c5,Pig Lib,3,3
2003,37,91,39c1e474-647e-42ef-a157-fcfb30c2c2ff,Joe Strummer & the Mescaleros,56d7dcc5-2c78-3518-b8c2-b7964a758144,Streetcore,1,1
2003,38,91,d700b3f5-45af-4d02-95ed-57d301bda93e,Mogwai,8a26df58-c36a-3c4b-a507-2a526f57cbd2,Happy Songs for Happy People,6,3
2003,39,91,041a113f-4734-4765-8e2e-af9726390749,The Divorce,915b8bc8-64c1-359d-9de7-eff280b5ba01,There Will Be Blood Tonight,1,1
2003,40,91,f85cc17d-30bc-4a52-a22f-5c096593ea75,Los Halos,1195c6d2-7465-4555-9391-0e7e0ec9f9d0,Leaving Va.,1,1
2003,41,91,e23eac42-f904-47da-8599-823ff431bea4,Michael Franti & Spearhead,a491f0b8-d917-34bb-b9f3-dadbed0fa610,Everyone Deserves Music,3,3
2003,42,91,abe0ffbc-58c9-4688-a4c5-096411802660,Ugly Duckling,d6a9036c-d499-3708-af3a-9c1a1ab896b8,Taste the Secret,1,1
2003,43,91,048fad7a-10ba-4f9e-b305-580fb3ce32a4,The Thrills,03937e2a-9143-3bce-87d3-08bd392f2800,So Much for the City,1,1
2003,44,91,c80f38a6-9980-485d-997c-5c1a9cbd0d64,Ryan Adams,36fd3d9d-754b-3703-8f43-6ecd80b943a4,Rock n Roll,8,3
2003,45,91,655b3e5b-09e4-45dd-941c-6fa3fc12521b,M. Ward,639f247c-5739-3f08-a9cc-035099bfafcb,Transfiguration of Vincent,5,3
2003,46,91,e6e879c0-3d56-4f12-b3c5-3ce459661a8e,Jeff Buckley,a65d62a6-fe2c-3a2e-8c1a-98081d7c7e15,Live at Sin-É,1,1
2003,47,91,e9c97fdb-9fa0-4955-9a6c-1c43e1ac3f64,Mates of State,1c23885e-9340-3c63-8fd9-1853a096ba05,Team Boo,3,3
2003,48,91,d15721d8-56b4-453d-b506-fc915b14cba2,The Black Keys,35bacad8-4327-33f2-9e7a-3a69721ca707,Thickfreakness,9,3
2003,49,91,6c85f4c3-026c-4c16-9a7c-f546f42ed0fb,Guided by Voices,0f891cf3-6a2c-37b0-b706-caff9b114b28,Earthquake Glue,4,3
2003,50,91,5b32946a-4c08-4a75-b1b1-60700470671f,Death in Vegas,c7ec9d86-3d0c-3ab7-bd52-220316198dfe,Scorpio Rising,1,1
2003,51,91,28cbf94d-0700-4095-a188-37e373b069a7,Basement Jaxx,ab5faca6-74d9-3c7b-83dd-7776c163fefd,Kish Kash,2,2
2003,52,91,5e372a49-5672-4fb8-ba14-18c90780c4f9,Calexico,a22417bc-7068-3caa-8572-52af24a486eb,Feast of Wire,7,3
2003,53,91,48b83db5-1aa2-48d3-8f5c-8cc1d585e585,Pernice Brothers,879c465b-6a17-3f80-a9ab-c2473fa4d2c1,"Yours, Mine & Ours",2,2
2003,54,91,78e46ae5-9bfd-433b-be3f-19e993d67ecc,Rufus Wainwright,b226aaa9-f69a-3fd9-b31b-c3ada1ea2870,Want One,1,1
2003,55,91,6cbe1e63-5895-4168-ac7e-f0d2836ba0c1,Guster,c5742dd8-f5f1-3d71-a322-70350dc61b0f,Keep It Together,1,1
2003,56,91,cf998a99-5b7e-4342-b372-9c5d45c2ca62,The Hidden Cameras,1ac69434-f71a-3a3e-a8eb-a3d0cd9d9cca,The Smell of Our Own,1,1
2003,57,91,14387b0f-765c-4852-852f-135335790466,EELS,f9c955d4-65fd-3d0b-88e4-6bbac6fcc520,Shootenanny!,4,3
2003,58,91,3f542031-b054-454d-b57b-812fa2a81b11,Yo La Tengo,4418580d-fc5c-3103-9a88-66e43cea38a0,Summer Sun,7,3
2003,59,91,51c143bf-6d7a-459c-9284-a7b50a5736b1,Visqueen,d4d42d44-e446-359a-89ac-86547f707e1d,King Me,3,3
2003,60,91,d9294ec9-c754-43d5-8edc-8dd6f7297a70,stellastarr*,8c77b210-bca5-30f9-9a88-8525a89c5101,stellastarr*,1,1
2003,61,91,3697647f-1839-479e-98a1-9ad39004d923,The Rapture,4cf3ffd2-3ede-36fa-b519-c6786ca98705,Echoes,2,2
2003,62,91,e9aca1a3-836a-4e5e-b8d4-56d20c60af5f,Beulah,458951c7-0b8f-3100-99c5-49905f66bb1d,Yoko,2,2
2003,63,91,049d86e6-be73-4cb9-b498-0b6103ae3cb1,Clem Snide,e4904eb0-d8fb-3830-b9a0-2b705a14d434,Soft Spot,2,2
2003,64,91,abf74786-2f3e-47e0-ae68-69a55c13909a,Mojave 3,9eeb9ea5-20a8-376c-86db-01c9662ab112,Spoon and Rafter,1,1
2003,65,91,2ff49515-1701-4bac-a53a-04345893f3f3,Gillian Welch,cf71f2e5-2cfe-3652-b572-8f24560f44b0,Soul Journey,4,3
2003,66,91,21685b15-3074-446e-aa1d-ff7157014f53,Lucinda Williams,e6bc8b54-8435-3a56-a08c-03ba869b838f,World Without Tears,3,3
2003,67,91,aff558f3-d25d-43ea-854d-6f4b442da318,Lifesavas,ab39da69-6f7b-3a60-8a63-900f900b8506,Spirit in Stone,1,1
2003,68,91,dbbc47a5-1338-4830-9298-a8d0b11c0a46,Joss Stone,0046f7ec-acbe-3adf-a91a-5fdadf377ef4,The Soul Sessions,1,1
2003,69,91,10adbe5e-a2c0-4bf3-8249-2b4cbf6e6ca8,Massive Attack,d9c12c5f-8ad8-334a-a238-fad5a91af242,100th Window,2,2
2003,70,91,8830afec-83b3-4213-aad0-f6377f1d73ac,Sea Power,cc24d8c1-c004-3aac-8866-2952847992dd,The Decline of British Sea Power,1,1
2003,71,91,3cb3928a-526c-4a3d-93c5-53315fa9bde0,Elbow,842f31ef-2c6d-331a-bb09-8bd2e12abfb4,Cast of Thousands,6,3
2003,72,91,e94357c5-815c-424d-80d4-968ec02d6d05,Constantines,7506ff60-e707-3aa3-904d-6fd730c6c77f,Shine a Light,1,1
2003,73,91,ef2eabba-9edd-4606-a40d-3011e4626473,Dear John Letters,a0d2bf21-fcca-4ecf-a254-c25d7c3f429c,Stories of Our Lives,3,3
2003,74,91,f4805b9d-68f8-438e-8f13-ec7bcb4c8581,Damien Jurado,aef4c710-f2af-35b3-8607-799e46a655e8,Where Shall You Take Me?,7,3
2003,75,91,d43d12a1-2dc9-4257-a2fd-0a3bb1081b86,Johnny Cash,137e7170-452b-3dde-89af-d52a9e1de8d9,Unearthed,3,3
2003,76,91,2119beb8-6ac5-4f21-82a4-b831c90c0024,Damien Rice,d7e69fd9-59ac-3093-8b72-60b77a91b298,O,1,1
2003,77,91,bc68928b-fbb5-4aac-baae-52ba49202372,The Weakerthans,3a3f7e3a-f200-352e-92ec-c5afc9ce672e,Reconstruction Site,1,1
2003,78,91,d4019e11-c719-4338-9198-4c03da0cfb6f,Rosie Thomas,bb5fad0d-be83-3ee4-8efd-7e5bba80b881,Only With Laughter Can You Win,2,2
2003,79,91,c5f5dc27-3059-49c0-ae45-5009a01bb9ec,Super Furry Animals,b3d9a0cc-1637-30f9-995a-0832e83eca62,Phantom Power,1,1
2003,80,91,8fa5800e-055a-4c72-9704-62173a2f08a0,The Lights,ed7cadd0-abc7-497f-bd60-bef65a9c8a49,Beautiful Bird,2,2
2003,81,91,82b304c0-7da4-45d3-896a-0767c7ae1141,The Libertines,21c7323a-88c3-3800-92c4-b09715d79811,Up the Bracket,2,2
2003,82,91,bd837f10-ed18-47e9-9636-ca44edceebfd,Elefant,4b4d670c-8ff9-33a8-a95b-8988c890a214,Sunlight Makes Me Paranoid,1,1
2003,83,91,3fafb3eb-bd69-4463-b6aa-bf88472b6089,Lyrics Born,beb1f205-638b-3a3c-bcf0-bcd69c5ccef4,Later That Day...,1,1
2003,84,91,fc61dd75-880b-44ba-9ba9-c7b643d33413,Prefuse 73,cbe78742-3f6f-3f68-8ec9-847b6c19f8cc,One Word Extinguisher,1,1
2003,85,91,66cc244d-6f96-4668-a6e9-0f9cd5acc940,Gotan Project,1866c2af-03f2-3bb1-a61b-41f68951ee25,La revancha del tango,1,1
2003,86,91,c0eee88b-47f2-4cd2-ac48-a045e902a432,Ween,d51d3947-55f5-3672-8d30-23755dda3cdf,Quebec,1,1
2003,87,91,64d62f45-e001-40a1-a055-c3545fcc14de,Idlewild,54b616be-086c-3930-b46d-bd86a969c9f6,The Remote Part,2,2
2003,88,91,7e915503-cc34-43fa-a6d7-986ff909d5e9,Kathleen Edwards,a79acf7d-4237-34b3-a670-d50886c384a3,Failer,1,1
2003,89,91,87220a16-c8f0-4d68-a58e-1bae5c67c7d2,The Sleepy Jackson,55dc98a7-e9ee-3943-b787-c38f90d2a734,Lovers,1,1
2003,90,91,21042d7e-4622-45f0-b1a0-a6dfa458a2e3,Kinky,ba796b07-d7ce-38e5-9232-4b956768a834,Atlas,1,1
2003,91,91,4efa55ba-93cf-497f-baf3-2ca9da7e193e,Jet,bfc13ebf-27b6-3d1b-94f5-756745ec7b6f,Get Born,1,1
2004,1,91,52074ba6-e495-4ef3-9bb4-0703888a9f68,Arcade Fire,05affa96-5959-32da-8d75-1c9eb985ca59,Funeral,5,3
2004,2,91,a96ac800-bfcb-412a-8a63-0a98df600700,Modest Mouse,65b47520-2e58-3bc2-a755-34ff35f23ad5,Good News for People Who Love Bad News,5,3
2004,3,91,aa7a2827-f74b-473c-bd79-03d065835cf7,Franz Ferdinand,c145ca26-2556-3780-828f-82729de51f7b,Franz Ferdinand,3,3
2004,4,91,b23e8a63-8f47-4882-b55b-df2c92ef400e,Interpol,bc7740e1-02c9-3ab7-9869-0e0c79acf941,Antics,6,3
2004,5,91,a66999a7-ae5c-460e-ba94-1a01143ae847,Snow Patrol,eefd9e7b-d805-3e47-935f-9157dc72ae2a,Final Straw,3,3
2004,6,91,9b21f670-8359-4e11-be1d-bf75b649a719,Citizen Cope,baa86671-b1be-3db2-a31a-8694e05f1c72,The Clarence Greenwood Recordings,1,1
2004,7,91,03ad1736-b7c9-412a-b442-82536d63a5c4,Elliott Smith,73c74665-e920-3bf1-bfcf-27d2fd7b9c09,From a Basement on the Hill,2,2
2004,8,91,9e53f84d-ef44-4c16-9677-5fd4d78cbd7d,Wilco,355ed2eb-2b61-335c-b3e4-10ca26a17c88,A Ghost Is Born,11,4
2004,9,91,95e1ead9-4d31-4808-a7ac-32c3614c116b,The Killers,e8c09b4e-33ae-368b-8f70-24b4e14fb9ad,Hot Fuss,1,1
2004,10,91,c3aeb863-7b26-4388-94e8-5a240f2be21b,Tom Waits,576c3356-80fc-3f59-b9b3-c4af2428056a,Real Gone,5,3
2004,11,91,c3f28da8-662d-4f09-bdc7-3084bf685930,Iron & Wine,e73745df-c2de-374a-818b-bcedc03ac655,Our Endless Numbered Days,7,3
2004,12,91,b5c4ffa2-82e1-4b72-b7f3-c60afb74b860,Ray LaMontagne,1e5ee424-fb61-3df1-b64c-908d69452947,Trouble,2,2
2004,13,91,cb67438a-7f50-4f2b-a6f1-2bb2729fd538,Air,c636f6e8-0fe6-3470-b5af-b31a0ebed0bb,Talkie Walkie,2,2
2004,14,91,613260c3-d620-4645-94cd-33cd55f29b1e,Loretta Lynn,ed7ea6bf-cda9-35cc-95ee-907279b0266e,Van Lear Rose,1,1
2004,15,91,eb872766-98f6-453d-883f-2ae908a18315,TV on the Radio,e73c84f5-8d7f-3518-901f-e345296ce59a,"Desperate Youth, Blood Thirsty Babes",5,3
2004,16,91,6f607087-9c46-4bb2-a884-e4efc764554c,The Streets,606032a2-ec19-32ca-a7c9-17a32dea72ae,A Grand Don’t Come for Free,2,2
2004,17,91,634fe78e-fc6b-4b2a-ba83-c8c66e13a8aa,Brian Wilson,7eea3a40-7c24-34f9-aa48-958edb5145c5,SMiLE,1,1
2004,18,91,eaf6a7ca-105d-4a94-ba02-8c3e4040319a,Rilo Kiley,2fb02dc3-f37f-373c-a682-dacc7f20237b,More Adventurous,1,1
2004,19,91,a3cb23fc-acd3-4ce0-8f36-1e5aa6a18432,U2,3ab33753-c16f-3e44-ae67-2fba4fd0e823,How to Dismantle an Atomic Bomb,1,1
2004,20,91,f86d80f3-3d2e-4450-9b0c-638152e93df3,Delays,d99c84cd-943e-3351-9fda-9f7d72d5adb2,Faded Seaside Glamour,1,1
2004,21,91,4236d929-9a81-4c8e-97c3-8d3306780f50,Scissor Sisters,9235cafc-3083-33c7-bfee-ed9f0828b6de,Scissor Sisters,1,1
2004,22,91,2c916f95-f6ba-46fa-b9d8-dc0d9379f603,The Fiery Furnaces,78797285-2d10-3dac-8e28-b4c14ad1c780,Blueberry Boat,1,1
2004,23,91,8eae1e0a-1696-4532-9e3c-0a072217ef4c,Drive‐By Truckers,5fceac69-fc0e-3275-b289-3365fd4b0ae3,The Dirty South,6,3
2004,24,91,c7020c6d-cae9-4db3-92a7-e5c561cbad50,Keane,b74d25cf-dcb5-3d19-992c-964fc0c72ba7,Hopes and Fears,2,2
2004,25,91,b7834ebd-64ae-46c3-a930-2d3a52ee743a,The Walkmen,d4ae973d-8ffd-3f04-a8ad-aa3c90ec926b,Bows + Arrows,4,3
2004,26,91,d15721d8-56b4-453d-b506-fc915b14cba2,The Black Keys,dc7f0c9d-fd57-33a2-bfd9-b345315c2258,Rubber Factory,9,3
2004,27,91,31095622-5a1e-4f22-8ad1-b08eb6255f37,Ted Leo and the Pharmacists,a4d3a0b2-60da-36b9-bfa5-47ecc02b8e96,Shake the Sheets,3,3
2004,28,91,f24c343a-5c24-4633-8ae4-9a3e8cc1eee7,Joseph Arthur,e082f09e-3ae3-3f84-af40-f60533d9fe82,Our Shadows Will Remain,3,3
2004,29,91,bb40af12-0dfd-4a53-bfe1-666a9e49dfb2,A.C. Newman,05714ca8-5eaa-39a0-8705-6cfe3972f30d,The Slow Wonder,1,1
2004,30,91,3ff72a59-f39d-411d-9f93-2d4a86413013,The Magnetic Fields,271793d4-2611-345a-a70d-1c755beeb912,i,3,3
2004,31,91,01d3c51b-9b98-418a-8d8e-37f6fab59d8c,Sufjan Stevens,9c034a12-db0e-3bc1-b3ed-e74e7ffa92b1,Seven Swans,9,3
2004,32,91,69cd93fd-1c2b-40f5-ae03-7bf4b4213fd3,Blue Scholars,f4be3234-0afc-31e0-82e7-b7eba0d69061,Blue Scholars,5,3
2004,33,91,e795e03d-b5d5-4a5f-834d-162cfb308a2c,PJ Harvey,08fdd0c0-ea57-367f-afa6-2743004807ef,Uh Huh Her,5,3
2004,34,91,172e1f1a-504d-4488-b053-6344ba63e6d0,Nick Cave & the Bad Seeds,f0ffb9ec-fcb5-3e03-9a1b-3f018472d831,Abattoir Blues / The Lyre of Orpheus,7,3
2004,35,91,0cf9d983-aecf-4d57-9e94-fde2beac014f,The Futureheads,b300f38d-667a-30e4-8fb8-fd3f419e949e,The Futureheads,1,1
2004,36,91,5cbef01b-cc35-4f52-af7b-d0df0c4f61b9,Sonic Youth,65697dec-0741-3e6d-bd81-72de8a079824,Sonic Nurse,4,3
2004,37,91,b7c3af7b-1379-4125-8a64-95f3e1fb3546,Ambulance LTD,17cf0d15-7255-3bc6-a233-e80664ed2bde,Ambulance LTD,1,1
2004,38,91,9ef1d76d-5f1d-4398-b4ed-05afb3172f26,Earlimart,a94a2361-5a7a-3f8e-bcc0-47b42b17a73e,Treble and Tremble,1,1
2004,39,91,3cb3928a-526c-4a3d-93c5-53315fa9bde0,Elbow,842f31ef-2c6d-331a-bb09-8bd2e12abfb4,Cast of Thousands,6,3
2004,40,91,d94f79b0-c690-4a60-9a45-a37a11b78051,Jem,ec09e5b8-05e1-338d-a66a-fa62d0b56c8c,Finally Woken,1,1
2004,41,91,80b3cf5e-18fe-4c59-98c7-e5bb87210710,The Roots,b27a6c72-6b57-3e53-8c8f-e6a52c4697b4,The Tipping Point,5,3
2004,42,91,87c5dedd-371d-4a53-9f7f-80522fb7f3cb,Björk,4b2ee53c-6527-30e5-940c-c426a7a6f618,Medúlla,6,3
2004,43,91,b6ab8d01-0cb3-4515-bc05-d928397e7429,The Helio Sequence,33b45fb5-8d65-34fe-a3d5-3497f3a498b8,Love and Distance,5,3
2004,44,91,82b304c0-7da4-45d3-896a-0767c7ae1141,The Libertines,95524ec1-dfa4-3da0-8e45-6ef9d229a2e2,The Libertines,2,2
2004,45,91,04bc9ee0-a1f6-48f9-8f72-e6cacc14e06d,Bobby Bare Jr.'s Young Criminals' Starvation League,8b21069a-95f3-3ac2-8569-085fb3f603c6,From the End of Your Leash,3,3
2004,46,91,e13d2935-8c42-4c0a-96d7-654062acf106,Neko Case,72fed43b-b07b-3427-a0c4-d6e89d183603,The Tigers Have Spoken,7,3
2004,47,91,cf0f4547-ffbd-4011-98ad-0bec9ba022db,Kings of Convenience,d0e15374-e370-3558-b2e4-6f2f4e6394e2,Riot on an Empty Street,2,2
2004,48,91,6aa55ee1-4c46-4f7c-9a6d-5051dfe2c06d,Rogue Wave,3601d0ee-2d2e-3bc6-bc7e-b67a5fb5d966,Out of the Shadow,3,3
2004,49,91,3dd5b199-2001-4c1b-a04a-02eddc1b9934,Dogs Die in Hot Cars,d23c738d-85b3-3216-acfb-93e15b7fa7a3,Please Describe Yourself,1,1
2004,50,91,52f34f97-084d-4cb2-94c6-aa384041e022,Secret Machines,3f3263ac-c1cf-3a53-a28b-d1341567cfa7,Now Here Is Nowhere,1,1
2004,51,91,dda04604-b50a-4bd1-8780-77564c659dc0,Luna,9a6ca889-2389-3ea6-8aff-0a06e71325d9,Rendezvous,2,2
2004,52,91,6821bf3f-5d5b-4b0f-8fa4-79d2ab2d9219,Blonde Redhead,6312daed-1a02-35a0-a8ef-c6addf0336a5,Misery Is a Butterfly,3,3
2004,53,91,1f16a425-2606-4137-a6b7-234b6dabe037,Pinback,6e4b6b21-8ab6-31f1-a8ee-a26d036af05a,Summer in Abaddon,4,3
2004,54,91,6d7b7cd4-254b-4c25-83f6-dd20f98ceacd,M83,528afc2e-39d4-3e78-bb88-40aeb08bd122,"Dead Cities, Red Seas & Lost Ghosts",6,3
2004,55,91,19f40952-e3ba-44ba-87b2-218e2744fb58,Mark Lanegan Band,cb823ddc-2c03-37f5-9252-b945c4622040,Bubblegum,5,3
2004,56,91,254b5419-1819-49c9-abcf-6e9b8210ebf4,Jesse Sykes & The Sweet Hereafter,c8e854ba-a953-37c6-8c26-21c98fac9505,"Oh, My Girl",2,2
2004,57,91,9c9f1380-2516-4fc9-a3e6-f9f61941d090,Muse,6f151223-f3a3-3e57-810f-598f7897006c,Absolution,1,1
2004,58,91,26860648-1c93-4849-bc52-a8541ec88219,mclusky,16c12427-7def-374d-b4f2-e2b12281e6de,The Difference Between Me and You Is That I’m Not on Fire,2,2
2004,59,91,d05f4ae2-b911-4d19-a428-5ea38ac342a5,Ms. Led,f21ffd0f-99c9-32d2-8bfc-e41b37276917,These Things We Say,2,2
2004,60,91,9beb62b2-88db-4cea-801e-162cd344ee53,Beastie Boys,e675dd51-6b3e-3bf5-ad30-5a26f9724714,To the 5 Boroughs,2,2
2004,61,91,164f0d73-1234-4e2c-8743-d77bf2191051,Ye,8a01217e-6947-3927-a39b-6691104694f1,The College Dropout,6,3
2004,62,91,c23b637b-97c6-41eb-8ef6-6c724efc80a8,Zero 7,9f5aa7a6-3112-41a3-8572-0550262c6f93,When It Falls,3,3
2004,63,91,101e0102-841f-4858-972b-edf716ee67c9,Flunk,96533bed-ae6c-319b-ac68-75133dfa30f3,Morning Star,2,2
2004,64,91,89ad4ac3-39f7-470e-963a-56509c546377,Various Artists,d4e93e1d-f56c-3a47-b7d4-55b1ff0de946,Garden State: Music From the Motion Picture,8,3
2004,65,91,1b3e92d4-1c68-412d-a92d-1172f24f7de3,Aqualung,d760d1d2-1c4e-35fd-b79e-faec3bc5c8a8,Still Life,2,2
2004,66,91,94219793-a46b-4c39-9397-e05ad633f32d,Camera Obscura,b6fb83db-e030-328e-83be-588b14e4b08c,Underachievers Please Try Harder,3,3
2004,67,91,c3bf5aee-646e-4030-9ab4-d1fbd4947a97,The Veils,74219476-025f-3fd6-9f87-49fc828274e3,The Runaway Found,2,2
2004,68,91,51c143bf-6d7a-459c-9284-a7b50a5736b1,Visqueen,9d57e754-fbc5-384d-830d-3f3b420843f6,Sunset on Dateland,3,3
2004,69,91,2d67239c-aa40-4ad5-a807-9052b66857a6,Le Tigre,799d5033-ff8d-3c12-9821-4f92eb50b8a7,This Island,2,2
2004,70,91,d5da1841-9bc8-4813-9f89-11098090148e,The Fall,07b5b7bb-2a04-38c6-a3d8-8632412c54d1,The Real New Fall LP (formerly Country on the Click),1,1
2004,71,91,013fa897-86db-41d3-8e9f-386c8a34f4e6,Morrissey,a7b797f2-7ada-30be-9d94-7b4687a3e450,You Are the Quarry,1,1
2004,72,91,d629843e-d2b9-4665-a203-19f9c7f811ef,The Delgados,448627f0-3b7f-3dcc-8baa-105a97bb6247,Universal Audio,1,1
2004,73,91,4e024037-14b7-4aea-99ad-c6ace63b9620,Madvillain,ab570ccb-b06b-3746-8147-4903163ba895,Madvillainy,1,1
2004,74,91,955c0e2e-fc96-4ac5-ad8f-7a0e0af059a7,United State of Electronica,38b1748e-c7ca-4b7b-a376-111311d46fe8,U.S.E.,1,1
2004,75,91,86a064f9-3ed4-4621-b29d-d05442c6b1ae,Junior Boys,0f9fdb50-bc15-3659-82ea-09c85be777d6,Last Exit,3,3
2004,76,91,11b1a7c4-3a48-43f8-9d57-6a81fdd1eeba,The Concretes,4986e33e-c360-3acf-ba41-9d5afab621f3,The Concretes,1,1
2004,77,91,0d82f0cd-107a-403f-a726-ac7287cbea65,The Beta Band,e0721394-af15-3e16-a3bd-2a8cb1b9740d,Heroes to Zeros,2,2
2004,78,91,6c85f4c3-026c-4c16-9a7c-f546f42ed0fb,Guided by Voices,d7d3a1a1-4341-3c33-9a17-6b8862d81175,Half Smiles of the Decomposed,4,3
2004,79,91,65e1db8a-17cd-4ed7-b163-b74890f16573,French Kicks,cb27f829-55c1-3ece-a7f2-c902a749d76b,The Trial of the Century,1,1
2004,80,91,5b11f4ce-a62d-471e-81fc-a69a8278c7da,Nirvana,d4d28ec1-220a-327c-93c5-ae006be43598,With the Lights Out,1,1
2004,81,91,487bfd74-71bf-46dd-b89c-80b7a0f06f2f,The Hives,aab16dd4-0c5c-3256-940c-0e157a3ab962,Tyrannosaurus Hives,4,3
2004,82,91,0110e63e-0a9b-4818-af8e-41e180c20b9a,Devendra Banhart,964fe50c-8bb3-3086-98ac-88f92cbec56a,Rejoicing in the Hands,4,3
2004,83,91,9639cd52-c351-4a17-9797-58880e95a7ef,The Mountain Goats,6c9bbb47-7845-3823-8c8a-d615b17b2415,We Shall All Be Healed,8,3
2004,84,91,2f360fd9-6440-4896-9f45-8156e8b0b204,Pedro the Lion,e498de13-6150-3645-8962-4c3392067488,Achilles Heel,2,2
2004,85,91,918befaf-17dd-4970-93da-e75e0dd41167,West Indian Girl,c1b56717-2d0d-3c17-8103-99e23552b236,West Indian Girl,1,1
2004,86,91,d4a9be59-13e5-481b-8c68-833c5c1fd458,matt pond PA,9de584a7-bb6d-3450-bf84-1e6c8d1e8c6b,Emblems,1,1
2004,87,91,66932740-f510-4bc6-b4d0-160bb1f4c723,Jolie Holland,cb2a8a79-5501-3b3b-a814-ea509aa00172,Escondida,1,1
2004,88,91,ec863030-7c13-45a3-a025-a69195d3a020,Steve Earle,3902eabb-0e71-307a-8f14-d25e1d8ef2a3,The Revolution Starts Now,2,2
2004,89,91,e1f83b22-d40e-400a-8ebb-4e59b5b53d31,Jim White,985cebad-cc43-3455-a6a7-1c8bffbc958a,Drill a Hole in That Substrate and Tell Me What You See,1,1
2004,90,91,6758601f-6d57-491e-a125-037f382a5ddd,The Polyphonic Spree,381440b4-c9c9-31bb-9e38-17f886c9c6f5,Together We’re Heavy,1,1
2004,91,91,f26c72d3-e52c-467b-b651-679c73d8e1a7,!!!,79e3ac21-8359-3761-ba35-251a1bd04d68,Louden Up Now,2,2
2005,1,91,01d3c51b-9b98-418a-8d8e-37f6fab59d8c,Sufjan Stevens,1fb75447-c513-38c4-ad8f-1bfc441aa74c,Illinois,9,3
2005,2,91,4b2d6a23-034d-4a29-9bb9-d2462796da4e,Clap Your Hands Say Yeah,f31f11ef-71f6-3d32-8871-19be2dcbec22,Clap Your Hands Say Yeah,2,2
2005,3,91,8c538f11-c141-4588-8ecb-931083524186,Bloc Party,f3f82b80-b2c5-3151-be53-5cb5803860e0,Silent Alarm,2,2
2005,4,91,0039c7ae-e1a7-4a7d-9b49-0cbc716821a6,Death Cab for Cutie,bc7630eb-521a-3312-a281-adfb8c5aac7d,Plans,9,3
2005,5,91,97b1142f-c71e-4971-8736-4a8ceaf6b4c3,The Decemberists,83809016-521d-3b0b-8685-7d0e554fdcb7,Picaresque,10,4
2005,6,91,309c62ba-7a22-4277-9f67-4a162526d18a,Beck,e49e2f8a-94c0-3dcf-8ce6-9bc52a1a7867,Guero,7,3
2005,7,91,ea5883b7-68ce-48b3-b115-61746ea53b8c,My Morning Jacket,3e3d75c0-48a4-3def-8dc3-b417b2d6e5e7,Z,9,3
2005,8,91,84eac621-1c5a-49a1-9500-555099c6e184,Spoon,c7a0fc4d-b6a0-3a43-9e25-4052e4fe33b2,Gimme Fiction,8,3
2005,9,91,b7ddce8b-9e5c-46bd-9d33-41b134ce1a7f,Wolf Parade,d147f6f8-1ca1-3df0-acd9-3c81808f2822,Apologies to the Queen Mary,5,3
2005,10,91,78f797e3-4913-4026-aad0-1cd858bd735b,Bright Eyes,d18d4a89-8da6-3b5d-b1c7-3910e4c0f12c,"I’m Wide Awake, It’s Morning",6,3
2005,11,91,7cf0ea9d-86b9-4dad-ba9e-2355a64899ea,M.I.A.,32d38e25-27e8-45bc-b79b-931f5a609546,Arular,5,3
2005,12,91,f6f2326f-6b25-4170-b89d-e235b25508e8,Sigur Rós,47d8e9e2-dc13-3d94-afee-1f8c38cec091,Takk…,9,3
2005,13,91,25b75a66-ce83-4db3-b136-395a3c3784c4,The New Pornographers,5b36f019-6c92-32e0-be67-433e125859d1,Twin Cinema,8,3
2005,14,91,9fa07bb4-8312-4cd7-a19a-4fdbc5797148,Okkervil River,78ef4b4c-b9f5-336b-a123-aef92c12e1ae,Black Sheep Boy,3,3
2005,15,91,11ae9fbb-f3d7-4a47-936f-4c0a04d3b3b5,The White Stripes,e6960f09-7b61-370e-9f42-71bb4be41af1,Get Behind Me Satan,4,3
2005,16,91,e36e78eb-3ace-4acd-882c-16789e700ab7,Sleater‐Kinney,b7d0d3f5-8980-32c6-995d-db6f8226f1ca,The Woods,6,3
2005,17,91,e21857d5-3256-4547-afb3-4b6ded592596,Gorillaz,f959a46a-a136-3134-9412-6572b23fad95,Demon Days,8,3
2005,18,91,164f0d73-1234-4e2c-8743-d77bf2191051,Ye,c563d738-3841-31ce-b29d-ec6b40fd1e7b,Late Registration,6,3
2005,19,91,c1e98e4a-4628-4c89-a7a6-0e0171600b05,Minus the Bear,ed9fc34f-3487-3121-b932-3c4a3f9ea389,Menos el Oso,3,3
2005,20,91,2eada8f8-056a-4093-bbc2-004909ce743b,Broken Social Scene,16b2e095-9c48-30a3-9c10-227e717c6456,Broken Social Scene,4,3
2005,21,91,5e372a49-5672-4fb8-ba14-18c90780c4f9,Calexico,c705097d-438c-3033-ad29-a006588c761f,In the Reins,7,3
2005,22,91,5aeb21a3-4606-4a0d-8369-50c768d1e99a,Stars,c2ebd36a-f9e5-3e51-b298-8020fc5e9dc5,Set Yourself on Fire,5,3
2005,23,91,8a396a9c-2e4f-47e2-a587-c26e93a0953f,The Go! Team,370f0e88-abf3-3a22-a7cd-9cb0c3ebdc61,"Thunder, Lightning, Strike",1,1
2005,24,91,69cd93fd-1c2b-40f5-ae03-7bf4b4213fd3,Blue Scholars,51bc613c-1a0e-3131-9691-1a3d6ad88329,The Long March EP,5,3
2005,25,91,6ffb8ea9-2370-44d8-b678-e9237bbd347b,Kings of Leon,d8dcba72-fe4f-314e-ab75-c96f51137be2,Aha Shake Heartbreak,5,3
2005,26,91,9639cd52-c351-4a17-9797-58880e95a7ef,The Mountain Goats,7797081a-94b6-3a9b-b103-fc215b85d46a,The Sunset Tree,8,3
2005,27,91,6aa55ee1-4c46-4f7c-9a6d-5051dfe2c06d,Rogue Wave,ff425888-b69b-3510-a58f-36d840f3a7d7,Descended Like Vultures,3,3
2005,28,91,2aaf7396-6ab8-40f3-9776-a41c42c8e26b,LCD Soundsystem,0276770a-5f4b-3b0a-936c-69e295f3c5b9,LCD Soundsystem,5,3
2005,29,91,299278d3-25dd-4f30-bae4-5b571c28034d,The Postal Service,34f1d9c2-6e5a-31c6-8c6d-18ca534bc390,We Will Become Silhouettes,2,2
2005,30,91,aa7a2827-f74b-473c-bd79-03d065835cf7,Franz Ferdinand,d0645c49-21a6-3f40-9df7-5f7e0a7188ed,You Could Have It So Much Better,3,3
2005,31,91,822cb123-f728-4a1a-931c-fa27257bb83f,Harvey Danger,481d6fc5-a022-3188-b529-297aaf2b14fe,Little by Little…,1,1
2005,32,91,32b90c92-9978-4a07-90eb-caa4b22f4907,Black Rebel Motorcycle Club,a5343a48-2ea4-327e-add5-3bcf873b9658,Howl,6,3
2005,33,91,c3f28da8-662d-4f09-bdc7-3084bf685930,Iron & Wine,ebb62e96-06d1-3aca-afd3-5c3a9629a187,Woman King,7,3
2005,34,91,b9a2a9a6-7a40-48a6-bcb1-8eff5b89ad5b,Nada Surf,8d28dd2f-10db-38ec-94d4-2ec8a5d03e0a,The Weight Is a Gift,6,3
2005,35,91,89ad4ac3-39f7-470e-963a-56509c546377,Various Artists,9e75015e-a2c2-3cee-bb86-209ceed5d9e2,"Live at KEXP, Volume One",8,3
2005,36,91,9c1ff574-2ae4-4fea-881f-83293d0d5881,…And You Will Know Us by the Trail of Dead,d830515a-4031-31de-9364-3e781ac3e326,Worlds Apart,2,2
2005,37,91,664c3e0e-42d8-48c1-b209-1efca19c0325,The National,8bebb379-ac9e-3283-b230-a2d3deae7346,Alligator,9,3
2005,38,91,9de8f66e-3cd1-4f11-8328-38200f0612b0,Doves,d9aa4e3e-d74f-3c02-99d2-1ff37269ed5f,Some Cities,4,3
2005,39,91,cc197bad-dc9c-440d-a5b5-d52ba2e14234,Coldplay,c50b180a-12c9-3153-8ba5-eac6a6537d6f,X&Y,3,3
2005,40,91,b5bd9f88-962e-4730-84a7-795592ba42e8,Silversun Pickups,ab03d170-1582-3f54-bfec-7fac33a88e55,Pikul,4,3
2005,41,91,90cc2464-234e-4da0-b39b-576f36e633bc,ANOHNI and the Johnsons,63373d83-a96e-355c-aa44-837db92c2193,I Am a Bird Now,2,2
2005,42,91,8475297d-fb78-4630-8d74-9b87b6bb7cc8,of Montreal,d0b72322-9f88-3b55-a761-279b083d1c9d,The Sunlandic Twins,3,3
2005,43,91,8b2350de-b682-4fe7-ad8f-4508d7b6c697,Brazilian Girls,df9e8d11-9d68-3e49-b348-8454cfbaa692,Brazilian Girls,1,1
2005,44,91,a33a9cd6-8c03-4047-b62d-59f76f494c20,Cloud Cult,20dbdc4c-f7ce-35fe-99ea-b7211036c621,Advice From the Happy Hippopotamus,3,3
2005,45,91,3a20707e-2c60-4cec-94cb-ae95116b23b9,Cancer Rising,b037a80d-72fa-4563-9881-84165f39cb10,Search for the Cure,1,1
2005,46,91,6d7b7cd4-254b-4c25-83f6-dd20f98ceacd,M83,ddaa2d4d-314e-3e7c-b1d0-f6d207f5aa2f,Before the Dawn Heals Us,6,3
2005,47,91,c0a1179b-b14a-4d68-a3c1-1fdab16ed602,Common,93b891c9-4fc4-3085-960e-5da4c7fe8113,Be,1,1
2005,48,91,1b3e92d4-1c68-412d-a92d-1172f24f7de3,Aqualung,33b8a20d-f0b2-3a61-ac7d-d26e77f45514,Strange and Beautiful,2,2
2005,49,91,27a8ce8c-4e41-4a56-ba65-3a82662c9af9,Ryan Adams & the Cardinals,4a767b64-09bf-3f44-a78b-bab05b90f29d,Cold Roses,2,2
2005,50,91,0110e63e-0a9b-4818-af8e-41e180c20b9a,Devendra Banhart,7ea71cb3-5fd9-35e8-a7a3-fe74715b0700,Cripple Crow,4,3
2005,51,91,1d25e697-096d-43b1-94bd-74e0619c5567,Tullycraft,33bdd6e6-f3cb-310b-b631-dd2673a837b3,Disenchanted Hearts Unite,2,2
2005,52,91,49814f71-8fef-41ec-9af8-b6995c0bd601,The Black Angels,17a51bac-7619-36fd-a35c-ae91a29b6054,The Black Angels,7,3
2005,53,91,99ee58ab-dd5a-45bd-9945-69cb607aaceb,In Praise of Folly,5e9ae4c4-07c7-4443-aead-8bcffc2ac99e,Means / Ends,1,1
2005,54,91,f36f2a6d-91fa-40cd-a282-9156c895ffed,Tom Brosseau,a3be000a-4280-320e-8cb3-660e1f142250,What I Mean to Say Is Goodbye,1,1
2005,55,91,c8b259a5-6acb-43e8-bb28-bc09e92eb22e,Common Market,bde48318-c177-399f-bc6d-37f2dedc3a14,Common Market,2,2
2005,56,91,92ee5562-3c1b-4e02-ac22-aae6261edac5,Blackalicious,c46eaff5-2335-3369-a226-78e0d0f6836e,The Craft,2,2
2005,57,91,42faad37-8aaa-42e4-a300-5a7dae79ed24,Low,a613b38a-342b-33ec-9ad1-8ba466a79df1,The Great Destroyer,6,3
2005,58,91,72c536dc-7137-4477-a521-567eeb840fa8,Bob Dylan,3d1e0f14-a3c3-3107-9884-c900aa7f6a08,"The Bootleg Series, Vol. 7: No Direction Home: The Soundtrack",6,3
2005,59,91,a670e05a-cea8-4b37-bce9-d82daf1a0fa4,Feist,7755a010-37a4-3ff6-8640-e4f33b0786b0,Let It Die,5,3
2005,60,91,655b3e5b-09e4-45dd-941c-6fa3fc12521b,M. Ward,8c569ea7-407a-358a-a8fc-64ceeb8cfa85,Transistor Radio,5,3
2005,61,91,69158f97-4c07-4c4e-baf8-4e4ab1ed666e,Boards of Canada,401bc572-414c-3cb2-b2b8-fbef17eb9ab0,The Campfire Headphase,3,3
2005,62,91,b45335d1-5219-4262-a44d-936aa36eeaed,Ladytron,532ddc26-600b-3278-aff5-94f601cddc6e,Witching Hour,3,3
2005,63,91,4883523d-fc0e-4d0d-802c-91379e767083,The Hold Steady,3e2cc66a-7244-3c94-b548-04456ed96591,Separation Sunday,3,3
2005,64,91,eaefd603-84c1-4db4-a72b-0cb718a0cc07,Stephen Malkmus,fa3dd29c-85ef-3512-8955-24f5be433c4a,Face the Truth,2,2
2005,65,91,b91f0973-002e-4237-a39f-c7e02e786e53,Architecture in Helsinki,b390d6ba-d766-3f89-9624-4ba9b8a63a46,In Case We Die,1,1
2005,66,91,b359ffe2-01df-4d79-b043-a2c56980781d,Tea for Julie,6a4b230f-2dce-3816-89fb-742f6351461d,Division,1,1
2005,67,91,183473aa-5550-4dfb-befb-505b9e9bee2a,Slender Means,927f36ac-1bf6-3d6a-8769-1b2e0a06bc2d,Neon & Ruin,2,2
2005,68,91,69b39eab-6577-46a4-a9f5-817839092033,Kasabian,6a5a0cc6-245e-3e29-a143-c1bab026def6,Kasabian,1,1
2005,69,91,14387b0f-765c-4852-852f-135335790466,EELS,3c809945-d185-3227-b3b9-e4e039bf99ed,Blinking Lights and Other Revelations,4,3
2005,70,91,78f797e3-4913-4026-aad0-1cd858bd735b,Bright Eyes,8761a4bd-1792-3a69-b541-6b56ddba05c4,Digital Ash in a Digital Urn,6,3
2005,71,91,1978fa58-f7c5-460e-92f6-5ed703ce2bc7,The Purrs,59e82f7d-0505-353c-9af2-67a1194c8c1f,The Dreams Our Stuff Is Made Of,1,1
2005,72,91,5eaf11c4-12bf-4545-929b-76f2e03ca208,John Vanderslice,67076c8d-8bee-41dc-bd0c-804be581d283,Pixel Revolt,1,1
2005,73,91,be0cb2f2-71c3-4e95-a584-c19248951ff4,DANGERDOOM,6fa4f80a-a866-3898-8ea0-fc1f968bbcdb,The Mouse and the Mask,1,1
2005,74,91,a505bb48-ad65-4af4-ae47-29149715bff9,Thievery Corporation,46a4c350-5d39-39e5-8ce8-d94dda896412,The Cosmic Game,2,2
2005,75,91,0e0dd9da-5878-4c46-9a9a-6df43abb5c96,Hot Hot Heat,7d12ee6a-75ec-386b-94a0-9182aa67c448,Elevator,2,2
2005,76,91,3a9f3479-4f0c-4355-8ccd-c9ed5cd01586,Ben Lee,56553f83-f4c8-322a-a3af-1c4118fecc07,Awake Is the New Sleep,1,1
2005,77,91,966bd819-2ba1-4e1b-9d35-72385937e8ed,The Long Winters,0446c52b-e247-32fa-a33d-082b49ab55cb,Ultimatum,4,3
2005,78,91,f3bcf7b3-be33-493b-8557-b201b3567828,Mike Doughty,3aeb7126-76ad-37f5-83dc-a6ac3de35d75,Haughty Melodic,1,1
2005,79,91,aaae25bf-c794-45d7-bab7-cdc7c655bfa6,Broadcast,c1e95023-7208-359a-9056-ab94385c39bc,Tender Buttons,1,1
2005,80,91,90218af4-4d58-4821-8d41-2ee295ebbe21,Kaiser Chiefs,74c91805-fa46-3cea-bfe3-66ea4292b759,Employment,1,1
2005,81,91,e3f139c7-11bc-4803-82be-2bac85ca3c61,Fruit Bats,cb93fe9f-f88d-370a-98ea-7b0ff171999a,Spelled in Bones,2,2
2005,82,91,707622da-475f-48e1-905d-248718df6521,The Wedding Present,898a3bb7-11e5-34b8-b628-e827dbfeafbc,Take Fountain,1,1
2005,83,91,ecbd1331-95b6-4a77-b739-b4bd8ef222a7,Son Volt,0b6d135b-8305-3391-a602-3716cdc9ad24,Okemah and the Melody of Riot,1,1
2005,84,91,3f06695e-5308-48ef-b3eb-e1f8ac6ef299,Aqueduct,e43731f4-a526-33ce-9833-52aa660a65ca,I Sold Gold,1,1
2005,85,91,92e634a7-6023-4be8-be15-ebba822f5b34,Maxïmo Park,55d3a2f8-37e9-3cd9-8a27-170a244fc95b,A Certain Trigger,1,1
2005,86,91,7dc8f5bd-9d0b-4087-9f73-dc164950bbd8,Queens of the Stone Age,5967a9ad-a0d5-34f7-bd53-f5d4bad80a67,Lullabies to Paralyze,5,3
2005,87,91,276cfa71-caa8-4bf4-b522-39a8086e7c6b,The Bees,3c4a80da-a5df-3de4-b388-7522abaccacc,Free the Bees,1,1
2005,88,91,332228ce-fe8c-4a5e-90e0-e1361553e5ff,Amos Lee,1694f82f-f59a-336b-8f03-1516a5d7d30f,Amos Lee,1,1
2005,89,91,8951c87f-f730-4247-b442-52ed14ad6a97,Laura Veirs,87cce494-ed00-3c66-b894-4a83a5918851,Year of Meteors,1,1
2005,90,91,f356f143-90c3-47ef-8414-bb9fe5ac8253,Tim Seely,39640061-49a1-34ba-8a50-f0bd96de9771,Funeral Music,1,1
2005,91,91,3b3531c4-cd2d-4df0-897c-a2e29b8341fc,The Magic Numbers,0dde1c5d-e5b8-3dfc-8322-e687096cec00,The Magic Numbers,1,1
2006,1,91,07b6020a-c539-4d68-aeef-f159f3befc76,Band of Horses,f9c3a3db-c1d5-33ec-98ca-8c8de928c17f,Everything All the Time,7,3
2006,2,91,97b1142f-c71e-4971-8736-4a8ceaf6b4c3,The Decemberists,3958580d-8271-3cd2-90d4-c027515941dc,The Crane Wife,10,4
2006,3,91,e13d2935-8c42-4c0a-96d7-654062acf106,Neko Case,7813c6a9-36fd-3541-8099-f877a6c72766,Fox Confessor Brings the Flood,7,3
2006,4,91,b5bd9f88-962e-4730-84a7-795592ba42e8,Silversun Pickups,4eb68c5b-dc3f-3a1d-bcc1-9ade293f7627,Carnavas,4,3
2006,5,91,eb872766-98f6-453d-883f-2ae908a18315,TV on the Radio,3fc31d4b-442a-3cbc-872a-b2418e2b9145,Return to Cookie Mountain,5,3
2006,6,91,49814f71-8fef-41ec-9af8-b6995c0bd601,The Black Angels,23d02a5d-31cb-308f-b177-6760bcc6c744,Passover,7,3
2006,7,91,3ac482b8-1494-4071-a0e9-f192f9d2c2b0,Built to Spill,bc4a482f-ed5d-3a2f-b365-c3dc48117376,You in Reverse,5,3
2006,8,91,05755bf1-380c-487f-983f-d1a02401fa28,Cat Power,1d09530d-2a86-3495-9de1-6636e5f8a0f1,The Greatest,5,3
2006,9,91,8ed2e0b3-aa4c-4e13-bec3-dc7393ed4d6b,Thom Yorke,2a971a81-2f4d-333b-8327-8b2d73c649cf,The Eraser,4,3
2006,10,91,0741b30d-e15b-4a8c-b2e5-8834a03d6116,Cold War Kids,be7e86db-c875-311a-b4fe-2294aebe5006,Robbers & Cowards,2,2
2006,11,91,966bd819-2ba1-4e1b-9d35-72385937e8ed,The Long Winters,44bc98a8-dbd2-3668-b139-fab0703eab14,Putting the Days to Bed,4,3
2006,12,91,e5c7b94f-e264-473c-bb0f-37c85d4d5c70,Belle and Sebastian,ba08bd68-04f4-3409-87d9-c2d0f80a4423,The Life Pursuit,4,3
2006,13,91,4883523d-fc0e-4d0d-802c-91379e767083,The Hold Steady,dd147445-877c-381b-ac14-f060cbf871fa,Boys and Girls in America,3,3
2006,14,91,a47c3aa2-7d87-475c-a2c7-1e2047dafb09,Gnarls Barkley,3c47e22a-82a6-3e49-baf8-70519b6097b7,St. Elsewhere,2,2
2006,15,91,309c62ba-7a22-4277-9f67-4a162526d18a,Beck,dce5fb18-24d8-386d-b5db-8c52c4c73c82,The Information,7,3
2006,16,91,b0fa8b31-87cb-43ad-9f15-179725c1e3b6,Ghostland Observatory,a4771e62-ff94-3ee7-a81a-5c63364263b8,Paparazzi Lightning,2,2
2006,17,91,3f542031-b054-454d-b57b-812fa2a81b11,Yo La Tengo,fc558b94-1a6c-382e-9182-7f351125fc3b,I Am Not Afraid of You and I Will Beat Your Ass,7,3
2006,18,91,a83ec79e-bcbf-4872-92e5-8c7ca1bb8ff2,Tapes ’n Tapes,2741ae0b-016e-3f56-af20-e936cfa19324,The Loon,1,1
2006,19,91,7cd2d860-c6d7-4be2-af50-57c51ee45687,The Thermals,b4ed2024-4002-3884-8358-2dc1862ddaed,"The Body, the Blood, the Machine",3,3
2006,20,91,c3aeb863-7b26-4388-94e8-5a240f2be21b,Tom Waits,6163d607-3443-3062-b6a1-0a2e0790dff5,"Orphans: Brawlers, Bawlers & Bastards",5,3
2006,21,91,ada7a83c-e3e1-40f1-93f9-3e73dbc9298a,Arctic Monkeys,6c9c4985-3628-3070-b956-b538f30c9bea,"Whatever People Say I Am, That’s What I’m Not",7,3
2006,22,91,6e0c7c0e-cba5-4c2c-a652-38f71ef5785d,Lily Allen,06e9ba8d-6920-3a47-aa3a-6fa63224ef3f,"Alright, Still",3,3
2006,23,91,bf710b71-48e5-4e15-9bd6-96debb2e4e98,The Knife,02c05025-e031-30a0-afee-d92cea9d79dd,Silent Shout,1,1
2006,24,91,0af78501-5647-4c18-9a0d-66ac8789e13b,Beirut,ce71dcab-b10c-3ac4-9303-6b61d4501270,Gulag Orkestar,6,3
2006,25,91,655b3e5b-09e4-45dd-941c-6fa3fc12521b,M. Ward,7fe781fe-dbec-3756-9119-f8f981c7b275,Post-War,5,3
2006,26,91,be407b02-f3e6-4ed5-9489-f8e5f0ab36dc,The Raconteurs,16d852cc-b287-352a-bacd-1069e101fb2e,Broken Boy Soldiers,3,3
2006,27,91,d8915e13-d67a-4aa0-9c0b-1f126af951af,Hot Chip,4c616513-9b14-3dfd-b023-a7e77e69a029,The Warning,7,3
2006,28,91,72c536dc-7137-4477-a521-567eeb840fa8,Bob Dylan,d300b74b-02b4-33e3-998e-e4405e8e6580,Modern Times,6,3
2006,29,91,9ad6d1e3-427f-4921-b603-7e9eda94a061,Jenny Lewis,a5e39331-9d27-30db-b6ba-186fa4668af3,Rabbit Fur Coat,5,3
2006,30,91,a46c2fea-ec1d-44c1-88f1-dbc6c62a8acc,Sera Cahoone,0a003f0c-85e6-36a1-a8bf-d1200f98b85b,Sera Cahoone,4,3
2006,31,91,f0c8f75f-8736-4b1d-b312-9349fcff321d,Wolfmother,12aabb9f-c33c-33df-be4d-8739d66ab791,Wolfmother,1,1
2006,32,91,584c04d2-4acc-491b-8a0a-e63133f4bfc4,Yeah Yeah Yeahs,702b0213-f66e-33b7-b3f7-9307697edf58,Show Your Bones,7,3
2006,33,91,80b3cf5e-18fe-4c59-98c7-e5bb87210710,The Roots,28f24dc6-8fd8-3635-a1cb-5a394fcf542d,Game Theory,5,3
2006,34,91,01d3c51b-9b98-418a-8d8e-37f6fab59d8c,Sufjan Stevens,56acd303-7479-38c9-be55-f33b85045bc3,The Avalanche,9,3
2006,35,91,cb69e1f1-bc76-4df5-93c9-cf97dd8a3b5c,Joanna Newsom,34315f68-08a5-3637-8da7-deaad8f45514,Ys,3,3
2006,36,91,fbb375f9-48bb-4635-824e-4120273b3ba7,Regina Spektor,473691ea-841e-3427-9fa4-63f64fd048ce,Begin to Hope,3,3
2006,37,91,86a064f9-3ed4-4621-b29d-d05442c6b1ae,Junior Boys,0eab0029-cc8b-3349-8770-63d5b3adeb70,So This Is Goodbye,3,3
2006,38,91,da90b5da-349e-4906-a0b4-805f5e46190d,Midlake,b7d1b94c-0837-3bb8-a3bb-c23c2a2ff54b,The Trials of Van Occupanther,1,1
2006,39,91,750e9439-2e5d-4afd-92cc-d23183cd7606,Alexi Murdoch,d0b08b65-a410-3953-b563-8ab521f8ab4d,Time Without Consequence,1,1
2006,40,91,5cbef01b-cc35-4f52-af7b-d0df0c4f61b9,Sonic Youth,4c528cc1-e920-38f5-9ee4-12e36afc388b,Rather Ripped,4,3
2006,41,91,d15721d8-56b4-453d-b506-fc915b14cba2,The Black Keys,0df23c7f-bc3f-39dd-805a-c4de489bd569,Magic Potion,9,3
2006,42,91,59a7fbcb-ff74-494d-abd0-9c82359040c9,Grizzly Bear,27943691-0d9e-3cf5-90dc-5fb7ed1ee2b9,Yellow House,5,3
2006,43,91,94219793-a46b-4c39-9397-e05ad633f32d,Camera Obscura,5c3c11c7-9a96-3546-b82a-3846f3f1c6be,Let’s Get Out of This Country,3,3
2006,44,91,5e372a49-5672-4fb8-ba14-18c90780c4f9,Calexico,cedd9e0d-c220-300f-8f27-2e5eec451d1f,Garden Ruin,7,3
2006,45,91,e23eac42-f904-47da-8599-823ff431bea4,Michael Franti & Spearhead,89947f44-eaa3-391a-83de-85c80b366f25,Yell Fire!,3,3
2006,46,91,7b885d42-3c41-4f43-9944-a5855ec5155e,Goldfrapp,237b9e12-c7e2-388f-a37e-3be768518b71,Supernature,1,1
2006,47,91,1c89bbcc-a253-452a-9181-546eb536e06f,Art Brut,02525917-fe51-3d52-9b42-9faefb352b3e,Bang Bang Rock & Roll,1,1
2006,48,91,83b9cbe7-9857-49e2-ab8e-b57b01038103,Pearl Jam,4f1bb05f-3b03-391f-a2d0-773ad70664b1,Pearl Jam,6,3
2006,49,91,ea5883b7-68ce-48b3-b115-61746ea53b8c,My Morning Jacket,8b7f6588-07a5-3f5d-bad4-fc497a2ee3b8,Okonokos,9,3
2006,50,91,1b28949f-f8d7-4a60-a8f8-99330c9113e2,Canada,df98cdfc-7de6-395d-995e-e39e8693a43c,This Cursed House,1,1
2006,51,91,f24c343a-5c24-4633-8ae4-9a3e8cc1eee7,Joseph Arthur,ec8233bc-ad75-32a3-af44-38b9977ff5c7,Nuclear Daydream,3,3
2006,52,91,7b0a63b2-b8e8-490e-b724-1d30cb5edfe3,Bonnie “Prince” Billy,72fdb56c-08b4-3052-8c30-1bafa64f7a5a,The Letting Go,2,2
2006,53,91,35058042-8310-4c5c-852c-f0ed011d77b0,Jeremy Enigk,898ef651-7b17-385c-a8b5-14bc56d8f01d,World Waits,1,1
2006,54,91,1f43d76f-8edf-44f6-aaf1-b65f05ad9402,The Flaming Lips,40413103-e161-3130-8a4d-a06ead0d417b,At War With the Mystics,5,3
2006,55,91,f467181e-d5e0-4285-b47e-e853dcc89ee7,Ratatat,986def88-cf90-3c76-a46c-fdf026b2ded1,Classics,3,3
2006,56,91,c24b47a1-2f52-44f3-a3c6-374dca844731,Wax Tailor,d71b8fd9-3750-3512-b828-b36a5536eb4a,Tales of the Forgotten Melodies,1,1
2006,57,91,c23b637b-97c6-41eb-8ef6-6c724efc80a8,Zero 7,93d578d2-3d01-3a48-add1-5a2843ef9a15,The Garden,3,3
2006,58,91,8eae1e0a-1696-4532-9e3c-0a072217ef4c,Drive‐By Truckers,b8ea5efb-0682-3e54-9b5a-59930e43ab4b,A Blessing and a Curse,6,3
2006,59,91,9639cd52-c351-4a17-9797-58880e95a7ef,The Mountain Goats,cd6a3693-8a1b-3694-8c71-5e963885a580,Get Lonely,8,3
2006,60,91,e9c97fdb-9fa0-4955-9a6c-1c43e1ac3f64,Mates of State,57666318-a941-32b1-8bdf-12d522610ab7,Bring It Back,3,3
2006,61,91,89ad4ac3-39f7-470e-963a-56509c546377,Various Artists,1120fbef-0db6-3bc5-bcb3-1c345dd7b0c6,"Live at KEXP, Volume Two",8,3
2006,62,91,0f96c38b-8e21-4571-afe0-cb11196a8acd,Gossip,5ab9155e-c4a6-4cd3-a728-f1f181e74b1c,Standing in the Way of Control,2,2
2006,63,91,4de30660-26a8-4390-af6f-8fc0564e7e61,Islands,12831453-b689-3d10-aec0-a3c8671381af,Return to the Sea,1,1
2006,64,91,304cdd9d-a04e-4eb2-865c-980a553a0efd,Gomez,b1aa5757-fa1b-380b-8163-7bdafeb144ba,How We Operate,2,2
2006,65,91,a66999a7-ae5c-460e-ba94-1a01143ae847,Snow Patrol,2d53108e-17c3-37cd-864a-319440ce6a21,Eyes Open,3,3
2006,66,91,9d6e325f-720c-448a-9d99-c513af71ba36,Pufferfish,3f54147b-56ae-49d0-8090-d2f12e451ad0,Hello Zero,1,1
2006,67,91,d43d12a1-2dc9-4257-a2fd-0a3bb1081b86,Johnny Cash,fe01aaec-4a70-38cc-a173-e95c5d3a372b,American V: A Hundred Highways,3,3
2006,68,91,45be8e20-3c3c-4e78-98f0-b5bdecf2f703,Sparklehorse,7be6a431-de48-4a24-8394-8298e4bcbbc7,Dreamt for Light Years in the Belly of a Mountain,2,2
2006,69,91,04bc9ee0-a1f6-48f9-8f72-e6cacc14e06d,Bobby Bare Jr.'s Young Criminals' Starvation League,2acbe87b-eea4-3a0e-a89b-d2eaec98275f,The Longest Meow,3,3
2006,70,91,05010b18-ba21-46dc-be6d-615d90170b8e,Rocky Votolato,0d0d5caf-ae79-3113-8a25-086b95d40e2a,Makers,1,1
2006,71,91,8fa5800e-055a-4c72-9704-62173a2f08a0,The Lights,b9a925ac-1c12-4082-bc99-9a81edaf5fae,Diamonds and Dirt,2,2
2006,72,91,35a6a353-b186-4c13-a264-d18d5e2ce853,Tokyo Police Club,5f37c787-68f9-32e8-80f6-dfb866532e55,A Lesson in Crime,2,2
2006,73,91,4c49960d-daac-4ca2-be43-d1a8ee23f153,The Little Ones,3b867d41-79c1-3720-bac8-dcc1355bf607,Sing Song,1,1
2006,74,91,a66cc38c-e6cd-4725-a8fd-7d32b998347f,DeVotchKa,3a9cfea1-43f4-3f7e-8d6d-6030242e9d39,Curse Your Little Heart,4,3
2006,75,91,e0975164-e68b-45d6-9854-d5d0ce84e671,Cut Chemist,89b3d8eb-dcab-3472-aafe-660c275e38a2,The Audience’s Listening,1,1
2006,76,91,5fc21e44-d663-495a-b16a-7cc641af5deb,Lady Sovereign,565732ed-c6b7-3b73-b27a-e8c06d6c32aa,Public Warning,1,1
2006,77,91,082bd31c-3ad1-4750-9826-17ed27b7d334,Thee Emergency,33ba4c96-5ca5-3d00-b4de-24ec20ebaeb9,Can You Dig It?,1,1
2006,78,91,8d274abf-23f7-48bf-bc88-0756948a79a2,Archie Bronson Outfit,68f1373e-9767-3cba-83a6-9fbc25837976,Derdang Derdang,1,1
2006,79,91,f181961b-20f7-459e-89de-920ef03c7ed0,The Strokes,5ef51a9b-55eb-3400-99a8-47b892e11df7,First Impressions of Earth,4,3
2006,80,91,05a3bab1-c1e3-42c7-bde0-45f4af36b224,Viva Voce,425ee4b2-2759-3811-bbe7-ce53af49c402,Get Yr Blood Sucked Out,1,1
2006,81,91,68025033-de1b-42f5-8a21-bedfb8895dda,Califone,e713c4a2-5bed-323a-b207-5e203a446b12,Roots & Crowns,2,2
2006,82,91,c7020c6d-cae9-4db3-92a7-e5c561cbad50,Keane,98567df9-e12e-3d2c-9b95-40dcf7fd783d,Under the Iron Sea,2,2
2006,83,91,cc433a77-176b-4d02-857b-2bfb68b3219c,Asobi Seksu,066fe83f-0921-3189-b076-28ae83478a8a,Citrus,1,1
2006,84,91,8d455809-96b3-4bb6-8829-ea4beb580d35,Phoenix,ca99fa63-07e8-386e-a351-ceff3bfb0d53,It’s Never Been Like That,4,3
2006,85,91,d700b3f5-45af-4d02-95ed-57d301bda93e,Mogwai,6e628e6b-7609-38fb-8e0b-f8b7535a572b,Mr. Beast,6,3
2006,86,91,53a4de34-35ca-4ad0-aa4b-67382435ed69,The Twilight Singers,f84bca69-f7a0-3ec1-977c-6bcce23167db,Powder Burns,2,2
2006,87,91,55c4597c-7463-4b6a-b669-eb4c20935607,Pablo,4f3bde4d-d816-4920-8de8-aa3707ef96b4,Half the Time,1,1
2006,88,91,9386b36e-87f3-4716-a219-79a07a4e29cc,We Are Scientists,88d9e98f-9331-33b7-9e1a-623e5f3b3cc2,With Love and Squalor,1,1
2006,89,91,3697647f-1839-479e-98a1-9ad39004d923,The Rapture,3520e8a0-c814-3621-97d5-6b32620343e1,Pieces of the People We Love,2,2
2006,90,91,3b39abeb-0064-4eed-9ddd-ee47a45c54cb,Ghostface Killah,67de538c-a1e0-39d0-91dd-c9d29e72e06c,Fishscale,1,1
2006,91,91,fa927f59-d443-418a-b741-e557208aaf09,Mew,0f025d54-ab97-3e83-8360-efa6999f6e7a,And the Glass Handed Kites,2,2
2007,1,91,a74b1b7f-71a5-4011-9441-d0b5e4122711,Radiohead,6e335887-60ba-38f0-95af-fae7774336bf,In Rainbows,8,3
2007,2,91,52074ba6-e495-4ef3-9bb4-0703888a9f68,Arcade Fire,c091b282-aa91-3bc0-9c95-938db1f1f930,Neon Bible,5,3
2007,3,91,664c3e0e-42d8-48c1-b209-1efca19c0325,The National,9facb475-4c5f-369b-9b93-1280e6669090,Boxer,9,3
2007,4,91,07b6020a-c539-4d68-aeef-f159f3befc76,Band of Horses,b8ecb643-255e-353c-a6c4-6148c05d201d,Cease to Begin,7,3
2007,5,91,2aaf7396-6ab8-40f3-9776-a41c42c8e26b,LCD Soundsystem,5cbcdd9f-4b7d-3b3c-b9f2-6b0e75971157,Sound of Silver,5,3
2007,6,91,7cf0ea9d-86b9-4dad-ba9e-2355a64899ea,M.I.A.,44261ea6-06cf-3fd3-a05c-42dee49c295a,Kala,5,3
2007,7,91,84eac621-1c5a-49a1-9500-555099c6e184,Spoon,9fe3ccc2-9649-3ac3-bc7f-a82d9b6ee815,Ga Ga Ga Ga Ga,8,3
2007,8,91,6c8b9855-ba8b-48f9-ac1d-42167f7f7b18,The Shins,0f3ab0c9-c607-36a5-8102-b238eb08b357,Wincing the Night Away,5,3
2007,9,91,a670e05a-cea8-4b37-bce9-d82daf1a0fa4,Feist,4ead9018-fbb8-3e24-9094-bff7adce5f33,The Reminder,5,3
2007,10,91,9e53f84d-ef44-4c16-9677-5fd4d78cbd7d,Wilco,1aa7ce82-1b74-3f83-b426-531edf4d4284,Sky Blue Sky,11,4
2007,11,91,c3f28da8-662d-4f09-bdc7-3084bf685930,Iron & Wine,2b701e39-8a06-3ec0-bb30-f1cb1f291d1f,The Shepherd's Dog,7,3
2007,12,91,0af78501-5647-4c18-9a0d-66ac8789e13b,Beirut,d12a6792-0f28-319a-ab2f-1dd40412f01e,The Flying Club Cup,6,3
2007,13,91,11ae9fbb-f3d7-4a47-936f-4c0a04d3b3b5,The White Stripes,2956b5fb-fd54-3da7-b742-690bc6788e99,Icky Thump,4,3
2007,14,91,9fa07bb4-8312-4cd7-a19a-4fdbc5797148,Okkervil River,71220045-0ca9-3c02-b567-36f65b753062,The Stage Names,3,3
2007,15,91,a96ac800-bfcb-412a-8a63-0a98df600700,Modest Mouse,0c5f1837-9834-3c97-9d4b-80a4e7103b21,We Were Dead Before the Ship Even Sank,5,3
2007,16,91,3a714328-16d4-4cd4-877e-b2a6b870f3df,Pela,4e04288f-d74d-393c-965a-c7785cc71a34,Anytown Graffiti,1,1
2007,17,91,dfe9a7c4-8cf2-47f4-9dcb-d233c2b86ec3,Amy Winehouse,6eac2e57-ee50-36f8-b0c4-c4c847a2c098,Back to Black,1,1
2007,18,91,69cd93fd-1c2b-40f5-ae03-7bf4b4213fd3,Blue Scholars,e52eb555-b0d2-3e81-a10c-9e1e695e1857,Bayani,5,3
2007,19,91,25b75a66-ce83-4db3-b136-395a3c3784c4,The New Pornographers,3ef22e1d-6341-3eac-8f48-affa5504475d,Challengers,8,3
2007,20,91,cd8c5019-5d75-4d5c-bc28-e1e26a7dd5c8,José González,9b257522-ef8c-3bdc-8d09-464f2da3d98a,In Our Nature,3,3
2007,21,91,6ffb8ea9-2370-44d8-b678-e9237bbd347b,Kings of Leon,20de4fa6-4cf7-31c1-b8f2-d5c46b754d07,Because of the Times,5,3
2007,22,91,af37c51c-0790-4a29-b995-456f98a6b8c9,Vampire Weekend,6719eb4c-42fb-3118-84a2-98c2fdbca79f,Vampire Weekend,5,3
2007,23,91,081b133e-ce74-42ba-92c1-c18234acb532,Andrew Bird,496c5117-b89d-31e2-87ce-00b8fc96d341,Armchair Apocrypha,5,3
2007,24,91,0c751690-c784-4a4f-b1e4-c1de27d47581,Animal Collective,89e4f726-2b6f-3f15-992e-b52105f53899,Strawberry Jam,5,3
2007,25,91,ad386705-fb8c-40ec-94d7-e690e079e979,Menomena,99fc5473-bc71-3d34-a4c4-58ffd40bfce1,Friend and Foe,3,3
2007,26,91,41aa2734-ec86-4197-a074-d44886e7da8d,Jens Lekman,57c5901d-f140-34ba-a64b-414c1f9347f3,Night Falls Over Kortedala,1,1
2007,27,91,fd3c3f9f-a471-498e-ab3a-940ac20b6bbd,Panda Bear,2dd67771-d6af-3bb3-9f71-5ee241c095cd,Person Pitch,3,3
2007,28,91,8475297d-fb78-4630-8d74-9b87b6bb7cc8,of Montreal,4eacd95b-675a-3c6b-9d83-5d9360719f37,"Hissing Fauna, Are You the Destroyer?",3,3
2007,29,91,b23e8a63-8f47-4882-b55b-df2c92ef400e,Interpol,946e1aba-404a-3b0f-8cb4-3f12796a7d85,Our Love to Admire,6,3
2007,30,91,3feba7fa-3837-424a-b4f1-0077d217f569,Yeasayer,df4fac03-3cf5-337c-adcb-c32aed6a0898,All Hour Cymbals,3,3
2007,31,91,6821bf3f-5d5b-4b0f-8fa4-79d2ab2d9219,Blonde Redhead,91808703-144d-347e-aade-b2c58a039344,23,3,3
2007,32,91,bc07a2b3-807a-4dda-9c19-003553f18f45,The Cave Singers,a3f1af30-d430-3b1a-83bb-33d212e3b21b,Invitation Songs,5,3
2007,33,91,d13f0f47-36f9-4661-87fe-2de56f45c649,Tegan and Sara,64ebb8b3-6d69-3467-b458-27c3fd1df3b1,The Con,2,2
2007,34,91,a33a9cd6-8c03-4047-b62d-59f76f494c20,Cloud Cult,a7c86390-8c37-382b-8fd7-cfa4f052c2ce,The Meaning of 8,3,3
2007,35,91,910b6d9a-4110-4356-949c-1935cbbf1678,The Blakes,a0ae6472-94b9-3d30-b5af-572da969c400,The Blakes,1,1
2007,36,91,164f0d73-1234-4e2c-8743-d77bf2191051,Ye,d44c50ad-61fd-3fce-95fc-27024d7f1d30,Graduation,6,3
2007,37,91,0dcf7f6e-da64-4fa7-bc80-5950c55fa8d2,Maps,ebecbcb7-445e-3ab4-bfa0-d0caef685d1d,We Can Create,1,1
2007,38,91,f26c72d3-e52c-467b-b651-679c73d8e1a7,!!!,8c1769fe-78f8-3389-9779-8486e446db35,Myth Takes,2,2
2007,39,91,78f797e3-4913-4026-aad0-1cd858bd735b,Bright Eyes,46e4a3b3-69ee-38de-8b73-9df4c8a63e38,Cassadaga,6,3
2007,40,91,f75794d1-599c-4690-84bb-8789fe0509de,Shane Tutmarc & The Traveling Mercies,3fe3efab-52d4-4712-bc87-a21b87015cab,I'm Gonna Live the Life I Sing About in my Song,1,1
2007,41,91,0a176d0a-ef46-4e7f-b018-9f4d65614668,The Avett Brothers,f1191982-2671-36f7-95a9-7ad8edc4ff1c,Emotionalism,4,3
2007,42,91,1043a3a9-6722-4cdb-a28a-6acbad217b38,Bishop Allen,9ad5b3ef-dce3-3333-8709-26f267016270,Bishop Allen & The Broken String,1,1
2007,43,91,8522b9b6-b295-48d7-9a10-8618fb80beb8,Battles,4fb19c93-dc39-3f09-9859-a4a4de2cfa85,Mirrored,1,1
2007,44,91,0efe858c-89e5-4e47-906a-356fa953fd6e,Editors,8f01aa75-c576-3470-b661-b655223307eb,An End Has a Start,1,1
2007,45,91,41a94033-8b12-4c60-a22c-38c78801e363,Fujiya & Miyagi,f5cc5eb1-319d-3810-a98e-8c7985556afa,Transparent Things,1,1
2007,46,91,860b2707-6153-4e3a-aa57-74d2b42c55b5,Justice,867d4882-4e8e-3acd-8134-66f19bcca915,✝,2,2
2007,47,91,8d50cd20-34f2-4abe-ba16-0759ee0fb9f5,Sharon Jones and the Dap‐Kings,bdb590c8-6fd7-3a98-b7d8-4f8b2ba2cd5f,"100 Days, 100 Nights",4,3
2007,48,91,1f16a425-2606-4137-a6b7-234b6dabe037,Pinback,d73f89a4-f5ed-374b-9b72-e857654b676c,Autumn of the Seraphs,4,3
2007,49,91,ada7a83c-e3e1-40f1-93f9-3e73dbc9298a,Arctic Monkeys,f113fa38-7908-3ec9-8145-d2455e78a8b2,Favourite Worst Nightmare,7,3
2007,50,91,32b90c92-9978-4a07-90eb-caa4b22f4907,Black Rebel Motorcycle Club,bf60a529-56f8-39d3-b2fd-8e3859272c8e,Baby 81,6,3
2007,51,91,6aa55ee1-4c46-4f7c-9a6d-5051dfe2c06d,Rogue Wave,81003c07-2a67-34e2-b9e4-76c4d79743e2,Asleep at Heaven's Gate,3,3
2007,52,91,8c538f11-c141-4588-8ecb-931083524186,Bloc Party,d6c00b51-9bb6-3d44-8313-0424fc7b0c9a,A Weekend in the City,2,2
2007,53,91,e795e03d-b5d5-4a5f-834d-162cfb308a2c,PJ Harvey,4e08e36d-59f2-3352-aa7c-4c55e4b20e14,White Chalk,5,3
2007,54,91,25a757f1-9fbe-4c52-be2e-1a5294fb25b9,Shout Out Louds,1a511147-a99c-35ba-80c5-50a066dbd23c,Our Ill Wills,1,1
2007,55,91,03ad1736-b7c9-412a-b442-82536d63a5c4,Elliott Smith,313a9a34-e1f2-39d7-a17d-8fa69fac4fa6,New Moon,2,2
2007,56,91,d44d63b8-3da4-4f7d-aba1-a05ba8941b44,The Twilight Sad,140b5d91-f95b-310a-a9b0-efbb129e7e0b,Fourteen Autumns & Fifteen Winters,3,3
2007,57,91,77c167d2-4965-4421-830a-9815e4956475,Dinosaur Jr.,e45ecb83-b53c-37d4-81f4-a64a9daadc26,Beyond,5,3
2007,58,91,611f1230-7c2b-4610-b9e6-5a4fcb6e3cc7,Grinderman,9c89f4e7-d48b-3eac-b363-cc6aea256a97,Grinderman,2,2
2007,59,91,70248960-cb53-4ea4-943a-edb18f7d336f,Bruce Springsteen,5af7998f-9b53-3ebb-8f09-ebfbca703a59,Magic,3,3
2007,60,91,1a60d6dd-9d3e-40fc-a66d-3184f9ee0d61,Eddie Vedder,9fbbb26b-282f-36aa-9170-4b41e5fb73ef,Into the Wild: Music for the Motion Picture,2,2
2007,61,91,9ddce51c-2b75-4b3e-ac8c-1db09e7c89c6,Burial,fddedc4f-7a2e-3d7d-9ec5-1705c416f3f4,Untrue,1,1
2007,62,91,4236acde-2ce2-441c-a3d4-38d55f1b5474,Explosions in the Sky,25a0a8c3-86bd-37a5-b65f-1ed45d10c2b5,All of a Sudden I Miss Everyone,3,3
2007,63,91,89ad4ac3-39f7-470e-963a-56509c546377,Various Artists,ed0ad3c5-0cdd-332c-9e75-410ee27bcdec,I’m Not There: Original Soundtrack,8,3
2007,64,91,5aeb21a3-4606-4a0d-8369-50c768d1e99a,Stars,8c7833b8-7c3d-3645-b190-0a110edcc926,In Our Bedroom After the War,5,3
2007,65,91,c80f38a6-9980-485d-997c-5c1a9cbd0d64,Ryan Adams,386386b9-7819-303b-9090-36ec323f67ca,Easy Tiger,8,3
2007,66,91,0f211bfc-8c69-4cb7-9165-acbe4353cb0a,"The Good, the Bad & the Queen",a2c5066c-eed0-374d-b259-59420f2cfa23,"The Good, the Bad & the Queen",1,1
2007,67,91,c507bf8f-2ac0-47e5-b7c6-4afd61a977e2,Les Savy Fav,c7d1e9b1-4387-3b4f-a306-cb09c5f7c549,Let’s Stay Friends,1,1
2007,68,91,3c8e509f-e739-4f22-a7fd-366adf81e784,The Valley,e68d24f6-8f04-4fb1-95b5-3120ece50771,The Valley,1,1
2007,69,91,735e3514-a8ae-401f-af3b-6300df1b8d2c,Caribou,ae93330c-fa37-3e17-909a-e5da060021b7,Andorra,5,3
2007,70,91,0110e63e-0a9b-4818-af8e-41e180c20b9a,Devendra Banhart,b07452de-c871-37a0-bc2f-bd2db3b07f82,Smokey Rolls Down Thunder Canyon,4,3
2007,71,91,ea075268-e5ea-40f7-b9c3-68b039218a88,The Apples in Stereo,a5c01129-f2f6-356c-b418-55c5500b220b,New Magnetic Wonder,1,1
2007,72,91,9c0b1b7f-d63d-4e4f-bbec-1e7e7607dd22,Sunset Rubdown,d89c6077-b678-3fd1-bd12-ecc6a4220f54,Random Spirit Lover,1,1
2007,73,91,c1e98e4a-4628-4c89-a7a6-0e0171600b05,Minus the Bear,6aaed2a2-0ebf-3970-82b7-9ff9d3fb0fad,Planet of Ice,3,3
2007,74,91,d794450f-e4a8-43f6-9883-12bb67874119,White Rabbits,4d0694ef-8843-3211-952d-20efca350680,Fort Nightly,2,2
2007,75,91,1d25e697-096d-43b1-94bd-74e0619c5567,Tullycraft,ba4e3fcc-f4ac-3f26-892f-9f5180dd6855,Every Scene Needs a Center,2,2
2007,76,91,4b2d6a23-034d-4a29-9bb9-d2462796da4e,Clap Your Hands Say Yeah,93fb5870-8552-3b2a-be10-73e55d604dc2,Some Loud Thunder,2,2
2007,77,91,789f6768-5830-4b08-8b4f-f38566b2eb1d,Black Francis,bf36b820-6735-3153-a9c8-4d79c6668963,Bluefinger,1,1
2007,78,91,37d5282b-92e8-4307-8c80-0c6538aebf83,Arthur & Yu,31c91bf1-fb8d-38fa-bd72-67afcf5a519e,In Camera,1,1
2007,79,91,ca2f9ff7-c53d-4b8b-a687-a5001ce5fcf6,Elvis Perkins,6bb3b093-b197-348e-9d9c-8a73734d99a7,Ash Wednesday,1,1
2007,80,91,f6f2326f-6b25-4170-b89d-e235b25508e8,Sigur Rós,19171580-5910-3f03-a035-b2a0d4db042a,Hvarf-Heim,9,3
2007,81,91,87c5dedd-371d-4a53-9f7f-80522fb7f3cb,Björk,dd749dc7-dd75-35e7-86fe-3c1db24483c0,Volta,6,3
2007,82,91,59a7fbcb-ff74-494d-abd0-9c82359040c9,Grizzly Bear,16dce0ff-32b1-3edc-8014-b4df44df4bec,Friend,5,3
2007,83,91,11eabe0c-2638-4808-92f9-1dbd9c453429,Deerhoof,16e712d3-3d31-3f59-b16d-cfd3bafc363c,Friend Opportunity,1,1
2007,84,91,31095622-5a1e-4f22-8ad1-b08eb6255f37,Ted Leo and the Pharmacists,9b044cb0-5df3-3673-94c9-40757d08edd2,Living With the Living,3,3
2007,85,91,584c04d2-4acc-491b-8a0a-e63133f4bfc4,Yeah Yeah Yeahs,3baa3e40-3de3-3c85-a026-2df6bcdd0723,Is Is,7,3
2007,86,91,aba64937-3334-4c65-90a1-4e6b9d4d7ada,Aesop Rock,9c879c63-606d-375f-aaf7-3618d94655b5,None Shall Pass,5,3
2007,87,91,a186c93d-0f30-4c56-9265-98c0eba19242,Blitzen Trapper,9bbd4597-1945-3c93-9fe2-d6a5945f2951,Wild Mountain Nation,4,3
2007,88,91,9499a0a3-61af-41a3-bbdf-9fdfda142778,Film School,a54d14a2-64cb-3a08-b67e-f6417af3e57c,Hideout,1,1
2007,89,91,5334edc0-5faf-4ca5-b1df-000de3e1f752,St. Vincent,8365293a-becb-3c63-a2d7-663fe4d4f97f,Marry Me,8,3
2007,90,91,cbccb21f-96e0-4f76-8e4a-ebae988bc1bd,Kevin Drew,c1cf83f3-82a3-396a-8268-2ad298cb2eb9,Spirit If...,1,1
2007,91,91,b7ffd2af-418f-4be2-bdd1-22f8b48613da,Nine Inch Nails,3bd76d40-7f0e-36b7-9348-91a33afee20e,Year Zero,3,3
2008,1,91,fa97dd36-1b82-43d7-a6e4-2adeafd59cef,Fleet Foxes,af9a5099-04c5-3aaf-b0d1-fa160bd92e02,Fleet Foxes,4,3
2008,2,91,af37c51c-0790-4a29-b995-456f98a6b8c9,Vampire Weekend,6719eb4c-42fb-3118-84a2-98c2fdbca79f,Vampire Weekend,5,3
2008,3,91,eb872766-98f6-453d-883f-2ae908a18315,TV on the Radio,572aeb84-6e76-3dc6-aea0-bf37ae6584c6,Dear Science,5,3
2008,4,91,c485632c-b784-4ee9-8ea1-c5fb365681fc,MGMT,f7da2770-bf72-3dea-8904-ff6135822724,Oracular Spectacular,4,3
2008,5,91,437a0e49-c6ae-42f6-a6c1-84f25ed366bc,Bon Iver,187935b5-a0a4-3e6f-9684-48b67a5190a1,"For Emma, Forever Ago",7,3
2008,6,91,b6ab8d01-0cb3-4515-bc05-d928397e7429,The Helio Sequence,0e009491-ba1a-39db-a884-fa030e9cf5fe,Keep Your Eyes Ahead,5,3
2008,7,91,0039c7ae-e1a7-4a7d-9b49-0cbc716821a6,Death Cab for Cutie,9b95d445-2293-366e-8e45-6fde0aa4f1d2,Narrow Stairs,9,3
2008,8,91,97b20fe3-0924-4a5f-9955-d0b5c5f9587f,Santigold,7f97b291-3e30-3ff4-b7fb-b9e7ff4539fd,Santogold,4,3
2008,9,91,ea5883b7-68ce-48b3-b115-61746ea53b8c,My Morning Jacket,74a08109-2d79-3431-83e1-147738235fa4,Evil Urges,9,3
2008,10,91,309c62ba-7a22-4277-9f67-4a162526d18a,Beck,0a982c29-037d-3036-af72-8b2614764f00,Modern Guilt,7,3
2008,11,91,f6f2326f-6b25-4170-b89d-e235b25508e8,Sigur Rós,15143341-de7d-3c64-90a1-2fffe2c4b5a9,Með suð í eyrum við spilum endalaust,9,3
2008,12,91,9fa07bb4-8312-4cd7-a19a-4fdbc5797148,Okkervil River,9034fec4-9534-3dd4-8ddd-59ad0ca43ff9,The Stand Ins,3,3
2008,13,91,6ffb8ea9-2370-44d8-b678-e9237bbd347b,Kings of Leon,7a23bc7e-d7bd-3a22-a38d-7d1f793bae1c,Only by the Night,5,3
2008,14,91,8f6bd1e4-fbe1-4f50-aa9b-94c450ec0f11,Portishead,163339ab-813b-3d29-bba8-e1d5acf63cab,Third,1,1
2008,15,91,1f574ab1-a46d-4586-9331-f0ded23e0411,Flight of the Conchords,bfcb5a88-9c37-30a8-b8d4-a90c644a8aa0,Flight of the Conchords,1,1
2008,16,91,6d7b7cd4-254b-4c25-83f6-dd20f98ceacd,M83,81fa7a0e-451f-3e51-8bc8-b8ab2b599bf0,Saturdays = Youth,6,3
2008,17,91,172e1f1a-504d-4488-b053-6344ba63e6d0,Nick Cave & the Bad Seeds,3e63aa06-0538-3680-8d11-800f5950b9b3,"Dig, Lazarus, Dig!!!",7,3
2008,18,91,caaba574-dfbc-4681-8e56-19b5150897d2,Cut Copy,9154444d-7328-3302-8e65-ece04b563de4,In Ghost Colours,5,3
2008,19,91,a66cc38c-e6cd-4725-a8fd-7d32b998347f,DeVotchKa,32f418ad-2180-361e-bb34-2947e568fe2d,A Mad & Faithful Telling,4,3
2008,20,91,d4659efb-b8eb-4f03-95e9-f69ce35967a9,David Byrne,c9cf80df-db8f-34b4-9b86-012edfa6180f,Everything That Happens Will Happen Today,5,3
2008,21,91,4883523d-fc0e-4d0d-802c-91379e767083,The Hold Steady,02f4b425-cc0a-3d07-9c5c-d082570f2904,Stay Positive,3,3
2008,22,91,b7ddce8b-9e5c-46bd-9d33-41b134ce1a7f,Wolf Parade,0d33d37e-7b67-3a99-bcfc-92a52528eb53,At Mount Zoomer,5,3
2008,23,91,3cb3928a-526c-4a3d-93c5-53315fa9bde0,Elbow,e7750214-a944-370f-a68e-99e63cda4758,The Seldom Seen Kid,6,3
2008,24,91,4f416ed7-dda2-45de-a6f1-b986e861cf4b,Deerhunter,9437340a-d0a1-37a1-a7d9-6c308d3db215,Microcastle / Weird Era Cont.,5,3
2008,25,91,dc21d171-7204-4759-9fd0-77d031aeb40c,Frightened Rabbit,4bf978f8-0408-37f0-961f-a492bad0159c,The Midnight Organ Fight,5,3
2008,26,91,a186c93d-0f30-4c56-9265-98c0eba19242,Blitzen Trapper,528dff4c-e0bb-3249-a838-de1bb1aeb812,Furr,4,3
2008,27,91,be407b02-f3e6-4ed5-9489-f8e5f0ab36dc,The Raconteurs,3d8c32dc-5962-3118-9c42-1f1a8d27434d,Consolers of the Lonely,3,3
2008,28,91,a33a9cd6-8c03-4047-b62d-59f76f494c20,Cloud Cult,e8afa3cc-500e-3a4c-b422-7e47f017e35e,Feel Good Ghosts (Tea-Partying Through Tornadoes),3,3
2008,29,91,a46c2fea-ec1d-44c1-88f1-dbc6c62a8acc,Sera Cahoone,435c5aa5-ecf4-461e-8ae0-d4b06264bd14,Only as the Day Is Long,4,3
2008,30,91,d8915e13-d67a-4aa0-9c0b-1f126af951af,Hot Chip,d3a67920-ba11-31d0-9bcc-97f7112c1142,Made in the Dark,7,3
2008,31,91,cc7d4686-ea02-45fd-956e-94c1a322558c,Lykke Li,80695510-daef-36a7-b048-8deef6c7ba5c,Youth Novels,3,3
2008,32,91,b62ecfe7-b2e6-4d40-b7d2-8f12d3f51ed6,Hercules and Love Affair,e4873b89-1d80-34fe-9b79-7d506e08c2df,Hercules and Love Affair,1,1
2008,33,91,24e36781-1f4a-40af-bd18-c5de61f10c66,Girl Talk,16b03d20-c452-3306-a086-f64f317a93dc,Feed the Animals,1,1
2008,34,91,d15721d8-56b4-453d-b506-fc915b14cba2,The Black Keys,11344dd5-7739-3cf9-9a9c-7328362e2892,Attack & Release,9,3
2008,35,91,cc197bad-dc9c-440d-a5b5-d52ba2e14234,Coldplay,a1084754-8bb5-3ebc-bbd2-6a27d48e798a,Viva la Vida or Death and All His Friends,3,3
2008,36,91,05755bf1-380c-487f-983f-d1a02401fa28,Cat Power,5215626d-3664-3d34-a36f-b91bba827127,Jukebox,5,3
2008,37,91,8475297d-fb78-4630-8d74-9b87b6bb7cc8,of Montreal,7a4b3792-94c6-3da8-90d9-dd45fb2aef56,Skeletal Lamping,3,3
2008,38,91,174744a2-8f85-4602-a0e6-5f2097c2e945,The Moondoggies,71165b36-77b0-3ef4-9fb4-2603947c4541,Don’t Be a Stranger,4,3
2008,39,91,fb821608-35fd-4a45-a4b2-1a0537cee111,She & Him,5b8f678e-9f60-3ce0-81a7-af0ae383f3ef,Volume One,2,2
2008,40,91,0eee89dc-7d86-4a15-97be-011652c49288,Conor Oberst,7488b192-db2b-3393-ae91-894c95eb2c7f,Conor Oberst,3,3
2008,41,91,b0fa8b31-87cb-43ad-9f15-179725c1e3b6,Ghostland Observatory,0c9b95ad-c67c-35dd-b64a-845ae54f0181,Robotique Majestique,2,2
2008,42,91,b1570544-93ab-4b2b-8398-131735394202,Crystal Castles,3fd716f5-2f67-3890-95ec-20c4032511c8,Crystal Castles,3,3
2008,43,91,a47c3aa2-7d87-475c-a2c7-1e2047dafb09,Gnarls Barkley,e46f634e-0bf0-38ff-9783-8a84dd88eea8,The Odd Couple,2,2
2008,44,91,c310b8e8-468f-4189-9b72-9589a2ff275d,The Dodos,f3d06020-65a0-3c7c-9136-9028f5a44667,Visiter,2,2
2008,45,91,0741b30d-e15b-4a8c-b2e5-8834a03d6116,Cold War Kids,f1a08008-0531-395d-910c-da4795c36578,Loyalty to Loyalty,2,2
2008,46,91,fc578469-4f38-4029-9e2f-0a4c9103277a,Grand Archives,52314e32-7d51-393e-a2a9-7b33f38c7eda,The Grand Archives,1,1
2008,47,91,b7834ebd-64ae-46c3-a930-2d3a52ee743a,The Walkmen,99eeb9b9-1d4c-35a6-acd9-3086f6114a59,You & Me,4,3
2008,48,91,0b9ce391-ea64-4317-b879-776d297735ab,The Dutchess and the Duke,792f87f9-5dbc-3061-9b7d-6cbaba841abe,"She's the Dutchess, He's the Duke",2,2
2008,49,91,b9a2a9a6-7a40-48a6-bcb1-8eff5b89ad5b,Nada Surf,f39406b5-d46b-34ca-b618-63a924bf261d,Lucky,6,3
2008,50,91,5e372a49-5672-4fb8-ba14-18c90780c4f9,Calexico,07cba9b4-47a0-3484-8c06-d3823c9e9093,Carried to Dust,7,3
2008,51,91,e9c97fdb-9fa0-4955-9a6c-1c43e1ac3f64,Mates of State,0fa1abd3-2af3-317f-8c02-564640bf25cc,Re-Arrange Us,3,3
2008,52,91,b45335d1-5219-4262-a44d-936aa36eeaed,Ladytron,44c4c24d-bb68-3192-8c8f-8f5785bd36e2,Velocifero,3,3
2008,53,91,f467181e-d5e0-4285-b47e-e853dcc89ee7,Ratatat,4e2182a5-2a11-38d7-9529-a6d718cf8d86,LP3,3,3
2008,54,91,d8f63b51-73e0-4f65-8bd3-bcfe6892fb0e,Ra Ra Riot,d026d09b-53bb-3954-ba82-73ad7243c4e0,The Rhumb Line,2,2
2008,55,91,8eae1e0a-1696-4532-9e3c-0a072217ef4c,Drive‐By Truckers,6f421831-0c07-3b95-8819-dbe11b451b1c,Brighter Than Creation's Dark,6,3
2008,56,91,e9aed5e5-ed35-4244-872e-194862290295,Dr. Dog,161bd0c6-d5e0-3d6d-8b2d-3feceb97cc78,Fate,3,3
2008,57,91,2c629b8c-d751-4131-b785-5690bb5e0fd7,The Kills,c7c6de58-87ce-3e86-9e29-bfdae583e738,Midnight Boom,3,3
2008,58,91,3ff72a59-f39d-411d-9f93-2d4a86413013,The Magnetic Fields,269ad9e8-2efb-32fe-a367-f99feaf9ef4c,Distortion,3,3
2008,59,91,79255a50-40df-447f-9612-2cf669080196,The Raveonettes,2dd0bc12-9d2b-35d7-876e-36d37adeb3c9,Lust Lust Lust,4,3
2008,60,91,ea4dfa26-f633-4da6-a52a-f49ea4897b58,R.E.M.,20829bc2-ea4e-37c5-a72d-1df9fb6d27ca,Accelerate,3,3
2008,61,91,fae834bb-51d6-436f-9492-29455f42ba0d,Thao & the Get Down Stay Down,f15a9073-c9d5-36fe-9fd9-6c8235181e0e,We Brave Bee Stings and All,4,3
2008,62,91,9ad6d1e3-427f-4921-b603-7e9eda94a061,Jenny Lewis,a6f4cd6e-e150-36b0-b815-89323005d2fa,Acid Tongue,5,3
2008,63,91,9df31471-e54e-43ba-bbe8-38fd94c63dbb,Shearwater,d6ea97e0-5509-3183-80d6-d4fd7f8b7a77,Rook,3,3
2008,64,91,60feda7a-9247-48fe-8892-79f9a7d0d503,Department of Eagles,8f36107d-cf13-3a83-81eb-99dcd2b49879,In Ear Park,1,1
2008,65,91,6a65d878-fcd0-42cf-aff9-ca1d636a8bcc,Foals,b3354e1f-317e-3b64-88e1-d4dc54571a6d,Antidotes,7,3
2008,66,91,4898b9ad-f564-4ff1-9046-b1a16dfd5200,Black Mountain,d4bc322a-66e3-33ca-b923-21765296ccce,In the Future,3,3
2008,67,91,27a8ce8c-4e41-4a56-ba65-3a82662c9af9,Ryan Adams & the Cardinals,682f30fa-5beb-3c24-abb5-b07f91463e2e,Cardinology,2,2
2008,68,91,72c536dc-7137-4477-a521-567eeb840fa8,Bob Dylan,68b2468f-c4d5-31f4-ac97-4829f7f90bb7,"The Bootleg Series, Vol. 8: Tell Tale Signs: Rare and Unreleased 1989–2006",6,3
2008,69,91,d5cc67b8-1cc4-453b-96e8-44487acdebea,Beach House,2717ae60-ecbd-38a8-b8ef-ed1c9f8df908,Devotion,8,3
2008,70,91,55821c25-bd47-4f67-baf8-17ccd2cf1c86,No Age,a6a476d1-caa7-3641-b8a6-597c4b06886c,Nouns,2,2
2008,71,91,0c751690-c784-4a4f-b1e4-c1de27d47581,Animal Collective,d0fe3387-6277-3180-921c-954779f431a8,Water Curses,5,3
2008,72,91,664c3e0e-42d8-48c1-b209-1efca19c0325,The National,beb146f6-9776-3dcb-aef9-3437dd0e5ac3,The Virginia EP,9,3
2008,73,91,97b1142f-c71e-4971-8736-4a8ceaf6b4c3,The Decemberists,e3fd1a8e-9158-32f0-9b05-bdfa9dcd4614,"Always the Bridesmaid, Volume I: Valerie Plame",10,4
2008,74,91,e1194e66-e4f0-4351-9d26-ac95df530d0c,Los Campesinos!,9dbcba99-45cb-4bed-b089-f39998e59060,"Hold On Now, Youngster",2,2
2008,75,91,c8b259a5-6acb-43e8-bb28-bc09e92eb22e,Common Market,30653087-cedb-3b5b-887e-dd0ff3add57b,Tobacco Road,2,2
2008,76,91,e618770f-e994-41c3-856f-1eedf56b6d74,The Ting Tings,fed2893e-e97b-3885-8ca6-da927e0d188f,We Started Nothing,1,1
2008,77,91,49814f71-8fef-41ec-9af8-b6995c0bd601,The Black Angels,5e23bf38-ed1e-3ac7-bdd7-c5bc2371a797,Directions to See a Ghost,7,3
2008,78,91,ed8d9e99-53c3-4e3a-beea-2cea49e1431a,King Khan and the Shrines,b9576b1c-d37d-39c0-b64b-290a936c0636,The Supreme Genius of King Khan and the Shrines,1,1
2008,79,91,57843aed-c1c1-4f45-9859-478dd999bc18,School of Seven Bells,fa611806-c800-3dec-baa9-7b64ffc505c5,Alpinisms,3,3
2008,80,91,63e95d40-d8af-410d-880a-21271470000a,Firewater,48d64859-4792-3305-85c0-adfa82fe933c,The Golden Hour,2,2
2008,81,91,917bc621-ad02-477d-9308-a0304c5f9727,Noah and the Whale,b43396e4-318c-32eb-a29c-ad699a71553b,"Peaceful, the World Lays Me Down",1,1
2008,82,91,69cd93fd-1c2b-40f5-ae03-7bf4b4213fd3,Blue Scholars,13e816cc-e8b6-3b8e-8c6a-ddb5e7092981,Butter & Gun$,5,3
2008,83,91,ef2c6449-d02b-415b-ad8c-c14c08266552,Sun Kil Moon,752ab16e-e260-3d36-849b-54ec23e3c6eb,April,3,3
2008,84,91,89ad4ac3-39f7-470e-963a-56509c546377,Various Artists,a32e5bc9-0c81-374c-a95e-7174ae588a19,"Live at KEXP, Volume Four",8,3
2008,85,91,7b0a63b2-b8e8-490e-b724-1d30cb5edfe3,Bonnie “Prince” Billy,9559b92b-e2ca-3112-83d9-9e2b86b56512,Lie Down in the Light,2,2
2008,86,91,80b3cf5e-18fe-4c59-98c7-e5bb87210710,The Roots,2576da0c-5002-3af1-a420-e5fea9d0efbc,Rising Down,5,3
2008,87,91,35a6a353-b186-4c13-a264-d18d5e2ce853,Tokyo Police Club,2eb5fc8a-36bc-3769-ba5d-f8c26038506c,Elephant Shell,2,2
2008,88,91,9639cd52-c351-4a17-9797-58880e95a7ef,The Mountain Goats,b43f6e75-ac1b-3d24-b910-fcd4e49497c0,Heretic Pride,8,3
2008,89,91,892fb2e4-0af4-42be-9e60-22898de51d32,The Airborne Toxic Event,2c6cf5f6-3eb0-31a3-86d2-969b6f3d35db,The Airborne Toxic Event,1,1
2008,90,91,98e4bf9e-9e33-4f07-9962-f7c1c2d773ba,Stephen Malkmus and the Jicks,964ab6d5-5c20-412c-aefb-787a571af0a4,Real Emotional Trash,3,3
2008,91,91,0daf1c34-212a-442f-905d-c44f2adcc020,Jamie Lidell,7c67e12b-f419-3216-8fc4-abe50f7e29d4,Jim,1,1
2009,1,91,0c751690-c784-4a4f-b1e4-c1de27d47581,Animal Collective,b059890c-d415-3e65-aaed-52c810565922,Merriweather Post Pavilion,5,3
2009,2,91,8d455809-96b3-4bb6-8829-ea4beb580d35,Phoenix,32304f6e-5b80-3818-a66b-47f09efff0d9,Wolfgang Amadeus Phoenix,4,3
2009,3,91,59a7fbcb-ff74-494d-abd0-9c82359040c9,Grizzly Bear,94d5731b-1240-38f2-b232-2ad9ffa5442d,Veckatimest,5,3
2009,4,91,e13d2935-8c42-4c0a-96d7-654062acf106,Neko Case,e6121883-381e-3315-a2ef-f502de736dc4,Middle Cyclone,7,3
2009,5,91,c5c2ea1c-4bde-4f4d-bd0b-47b200bf99d6,The xx,23355caf-a543-4b5f-80fe-449101868fc1,xx,4,3
2009,6,91,584c04d2-4acc-491b-8a0a-e63133f4bfc4,Yeah Yeah Yeahs,08e1a593-cbce-3943-8a90-79c4d8c2b693,It’s Blitz!,7,3
2009,7,91,0a176d0a-ef46-4e7f-b018-9f4d65614668,The Avett Brothers,516caf99-b54a-4a8e-ac1b-fa010d1ee765,I and Love and You,4,3
2009,8,91,daeec599-bf5d-4428-994a-e76ba5f86e2f,Passion Pit,cdaae438-be2a-331b-939c-ee706b808232,Manners,2,2
2009,9,91,9e53f84d-ef44-4c16-9677-5fd4d78cbd7d,Wilco,c61adfc2-3488-3e14-9f91-5f904e577bc5,Wilco (The Album),11,4
2009,10,91,081b133e-ce74-42ba-92c1-c18234acb532,Andrew Bird,b855821c-172f-37f8-86e2-9161a0939876,Noble Beast,5,3
2009,11,91,97b1142f-c71e-4971-8736-4a8ceaf6b4c3,The Decemberists,3e5d711e-bc4c-357d-b142-d3f2b016d86e,The Hazards of Love,10,4
2009,12,91,3ac482b8-1494-4071-a0e9-f192f9d2c2b0,Built to Spill,fac943de-389e-4c35-a108-ad8eaeb79996,There Is No Enemy,5,3
2009,13,91,437a0e49-c6ae-42f6-a6c1-84f25ed366bc,Bon Iver,8ff93c7e-99e3-3c02-8a21-f927dbda9530,Blood Bank,7,3
2009,14,91,71a94ed8-03cc-459a-bd35-a081ca88a402,Dirty Projectors,3e7bd1f6-f27d-3514-bb34-955d00eb6533,Bitte Orca,2,2
2009,15,91,4449ccf6-c948-4d33-aa97-b6ad98ce4b5b,Metric,0f943236-96e1-4d9d-b35d-4906023fa0e5,Fantasies,4,3
2009,16,91,cb9fd966-9d60-4452-8ee5-227b4ee3f762,Fresh Espresso,04cf0364-f6f3-43f5-bbb1-ca59648c4664,Glamour,1,1
2009,17,91,753a1564-aaef-4d39-bc68-4a8d5e328cf7,Miike Snow,ab76c410-5caf-4ccb-aa4c-0a6fe54167ec,Miike Snow,3,3
2009,18,91,89ad4ac3-39f7-470e-963a-56509c546377,Various Artists,75e19850-4cbd-3520-b6e8-4a5b0c3eaab8,Dark Was the Night,8,3
2009,19,91,8f0e0596-5a39-4bd5-9dfa-f2b12030ffdc,We Were Promised Jetpacks,fa770dce-0375-3dcd-8e81-a143b5d39b31,These Four Walls,2,2
2009,20,91,51c143bf-6d7a-459c-9284-a7b50a5736b1,Visqueen,22ced4fc-1011-428b-8daa-548015234c47,Message to Garcia,3,3
2009,21,91,bc07a2b3-807a-4dda-9c19-003553f18f45,The Cave Singers,2eacf538-99a2-43f3-abc6-88fe119dc8b1,Welcome Joy,5,3
2009,22,91,e003d316-67fa-4509-8aac-779bae553bee,Monsters of Folk,c896cb2d-25d8-46f1-a690-1a7472630890,Monsters of Folk,1,1
2009,23,91,655b3e5b-09e4-45dd-941c-6fa3fc12521b,M. Ward,5bcff8e5-3921-348e-9f1d-519a33501b7f,Hold Time,5,3
2009,24,91,28537bf2-22c5-4840-91fc-fcb98e8c7379,Matt and Kim,6cfc15f6-531c-3bfc-b0bb-330bc65386a8,Grand,2,2
2009,25,91,f7df5df4-4dfa-459d-972b-1ba051c15ddc,Fever Ray,5ed697c6-32fe-3ef1-a4ba-adc295304a13,Fever Ray,3,3
2009,26,91,3f542031-b054-454d-b57b-812fa2a81b11,Yo La Tengo,dc8f2c39-c180-4fb5-b4f4-f5ae771b33ff,Popular Songs,7,3
2009,27,91,a2c99f22-d4e1-44a6-b131-78cbd4524c46,The Maldives,9cef97dd-f4bb-4033-a676-09c3d2bd5855,Listen to the Thunder,2,2
2009,28,91,46f4e349-ddec-4131-9367-91b630a821d0,The Pains of Being Pure at Heart,cc45ee0f-bb8a-3f89-a662-08040306a8e5,The Pains of Being Pure at Heart,1,1
2009,29,91,9460b1e1-c5e6-404a-95d8-7c2f02c7822f,Grand Hallway,9d5f2308-98f3-4f91-a213-7ae244c0a3e4,Promenade,2,2
2009,30,91,77c167d2-4965-4421-830a-9815e4956475,Dinosaur Jr.,b133859c-0853-4b52-9374-999adff7fea3,Farm,5,3
2009,31,91,bb5edacd-c97d-42df-9174-2fa7abbf69ee,Erik Blood,7d57e1b7-8156-4cc5-aaf2-428e7bec8d59,The Way We Live,2,2
2009,32,91,1f43d76f-8edf-44f6-aaf1-b65f05ad9402,The Flaming Lips,6654ee18-9421-4204-ae48-f0fdc3d6ab9e,Embryonic,5,3
2009,33,91,912f8045-c9ec-4020-b89e-44f748b5012b,Handsome Furs,79d1f17c-6853-38a3-8258-471d9ee2fe60,Face Control,2,2
2009,34,91,91f909a4-809a-47a7-b15f-94d6878b06cb,Fanfarlo,3370d1d2-05b8-3bba-8754-091c7f71e19f,Reservoir,1,1
2009,35,91,c1857ec7-94b1-43dc-8cc2-0c9d265cd8c1,Elvis Perkins in Dearland,a13dcf2a-bebd-394c-ada0-3cdb82fa9205,Elvis Perkins in Dearland,1,1
2009,36,91,a4584a84-3a14-430c-933f-cc2147842d04,The Big Pink,3842dd32-5088-4529-9f7a-1c65bbb65210,A Brief History of Love,1,1
2009,37,91,a186c93d-0f30-4c56-9265-98c0eba19242,Blitzen Trapper,47f02c49-9c0f-42b4-a32d-b2d3ad4465c8,Black River Killer,4,3
2009,38,91,0f96c38b-8e21-4571-afe0-cb11196a8acd,Gossip,cf64fa05-b823-4ab2-830b-518f522a0691,Music for Men,2,2
2009,39,91,5334edc0-5faf-4ca5-b1df-000de3e1f752,St. Vincent,aa1ff9a6-4f2b-379e-8074-1b4cf8719a0d,Actor,8,3
2009,40,91,f5c4c27e-5902-4fc0-adfb-7775da3d5363,Yasiin Bey,5e98b9bd-af24-4bc4-bbd9-51dcc2d43f50,The Ecstatic,1,1
2009,41,91,5cbef01b-cc35-4f52-af7b-d0df0c4f61b9,Sonic Youth,a2d6d282-a46a-31d3-9389-de6d63772b35,The Eternal,4,3
2009,42,91,b5bd9f88-962e-4730-84a7-795592ba42e8,Silversun Pickups,c47dc68d-1ce6-39fb-bda3-2ce1be024eb1,Swoon,4,3
2009,43,91,0b9ce391-ea64-4317-b879-776d297735ab,The Dutchess and the Duke,ad84f577-9d0e-4b47-ad13-eaeecf34e82d,Sunset / Sunrise,2,2
2009,44,91,d1714baa-2174-4233-8272-f537bfa9fbba,David Bazan,a049f446-02fe-4cdf-803c-9d95b17d0ab0,Curse Your Branches,2,2
2009,45,91,fae834bb-51d6-436f-9492-29455f42ba0d,Thao & the Get Down Stay Down,10e7d7bb-0eed-4aee-ba2e-f5987fd5fb56,Know Better Learn Faster,4,3
2009,46,91,94219793-a46b-4c39-9397-e05ad633f32d,Camera Obscura,a517ed25-aca0-3b4f-b8f0-ab9cbe4bc3f4,My Maudlin Career,3,3
2009,47,91,fa4f4b89-3ddc-4e97-88fa-0e30121f986a,Dan Auerbach,8e53e260-a7ae-3ec4-9f5b-5647e1f2a7f3,Keep It Hid,2,2
2009,48,91,2008d65c-31ee-4382-8960-5188523568d5,Japandroids,0c251bd5-1d89-37cd-965a-d8caa40d8724,Post-Nothing,3,3
2009,49,91,c309d914-93af-4b3f-8058-d79c75ea89da,Bill Callahan,67caf928-e13e-35fb-9faf-2777c007d59f,Sometimes I Wish We Were an Eagle,2,2
2009,50,91,0af78501-5647-4c18-9a0d-66ac8789e13b,Beirut,93974e6a-84a7-3a21-8651-23afa2332191,March of the Zapotec / Holland,6,3
2009,51,91,334bd887-9044-4c38-aebd-4baab851efb4,The Dead Weather,b7435103-780b-4d02-902c-87e7bb6ca9c7,Horehound,2,2
2009,52,91,00467da8-2a92-498f-8b10-a80889bcded7,The Horrors,3302c1c1-fcc9-37bd-b932-253a85d604c2,Primary Colours,4,3
2009,53,91,1a02453e-5f86-4220-abd6-1d889d2fa517,Atlas Sound,174c7861-4ff2-4851-9aae-9b1894381fa2,Logos,2,2
2009,54,91,e3f139c7-11bc-4803-82be-2bac85ca3c61,Fruit Bats,7419b4d4-152f-4168-b3d2-0f3290a4459d,The Ruminant Band,2,2
2009,55,91,10000730-525f-4ed5-aaa8-92888f060f5f,Bat for Lashes,d4952445-d143-35a1-8420-d73cc78c668f,Two Suns,2,2
2009,56,91,55e21cfa-4bee-4795-940d-b1ff692fb17c,Girls,badaf397-4cf1-4087-9f74-0a83b6180fa1,Album,2,2
2009,57,91,f6c66a94-3239-48b0-9e7e-e0f2cee84589,Betsy Olson,eb33e2c0-f74b-430f-886d-ee82fd7f8ecf,Lonely Woman Blues,1,1
2009,58,91,9de8f66e-3cd1-4f11-8328-38200f0612b0,Doves,f4c8db87-c444-3232-bea7-0dfba7f663f5,Kingdom of Rust,4,3
2009,59,91,fbb375f9-48bb-4635-824e-4120273b3ba7,Regina Spektor,00827688-d7dd-4dcc-9d54-21796fd70610,Far,3,3
2009,60,91,183473aa-5550-4dfb-befb-505b9e9bee2a,Slender Means,0f8f3fa8-5e26-4e8f-9054-c59332862308,Adrift in the Cosmos,2,2
2009,61,91,c8c64bcc-48c6-47c9-8411-f5c4fd5a97bb,Deer Tick,81a5fe24-1d0d-4202-9892-8c277ffbc449,Born on Flag Day,2,2
2009,62,91,99fe4613-84ec-4f48-bb4f-f036880ed2ac,A Place to Bury Strangers,7d2eea0d-eb5b-4308-b833-7af4f69cf6bf,Exploding Head,1,1
2009,63,91,ff0d20a7-a69e-4207-a18f-ca808759499d,The Antlers,99f7d50f-6b7c-3fd8-aa75-4b97b61970e5,Hospice,4,3
2009,64,91,79255a50-40df-447f-9612-2cf669080196,The Raveonettes,c722f4db-178e-4638-94c5-898bc22c3bcb,In and out of Control,4,3
2009,65,91,1c70a3fc-fa3c-4be1-8b55-c3192db8a884,Röyksopp,4fb1b2c3-e9ed-325f-99f3-a1959334f5e4,Junior,2,2
2009,66,91,fa927f59-d443-418a-b741-e557208aaf09,Mew,601ed140-921a-41f6-97e5-067e4c311607,No More Stories EP,2,2
2009,67,91,d794450f-e4a8-43f6-9883-12bb67874119,White Rabbits,d32608a4-38a7-3b00-8b02-f57c54006dd1,It’s Frightening,2,2
2009,68,91,c3f28da8-662d-4f09-bdc7-3084bf685930,Iron & Wine,8054558b-5c06-3335-a7d1-78437a696cd9,Around the Well,7,3
2009,69,91,6e0c7c0e-cba5-4c2c-a652-38f71ef5785d,Lily Allen,ff01d241-0d23-3625-851d-a3e1dd0b2c05,"It’s Not Me, It’s You",3,3
2009,70,91,ea99eec5-bd72-4b4f-86e4-54c5a34f7e10,The Heavy,d7f6c1d7-9f77-41d8-a511-6fbf4ddb916d,The House That Dirt Built,1,1
2009,71,91,c310b8e8-468f-4189-9b72-9589a2ff275d,The Dodos,9e687de3-9538-46c1-b254-9d46135acc03,Time to Die,2,2
2009,72,91,34492aab-9c9c-4a5e-8240-58ef469f8352,The Redwood Plan,d88c1ddc-d1e8-4f48-b029-cb72b91616e8,Movers Shakers Makers EP,2,2
2009,73,91,d44d63b8-3da4-4f7d-aba1-a05ba8941b44,The Twilight Sad,7078ce47-aea6-4b5b-b883-c593899fae1b,Forget the Night Ahead,3,3
2009,74,91,e7ad821c-7168-4f98-8998-84e8a12de9e2,Au Revoir Simone,8536a3f7-cf9b-3690-b26a-a5bbaeb278b2,"Still Night, Still Light",1,1
2009,75,91,05e414d6-0650-4e82-8a9c-663e56bd5a43,Sleepy Eyes of Death,3d951142-4cb5-4811-9cd6-c10342981032,Dark Signals,1,1
2009,76,91,14387b0f-765c-4852-852f-135335790466,EELS,679b91b1-c84c-313b-8d8c-9116ea9e9d03,Hombre Lobo: 12 Songs of Desire,4,3
2009,77,91,82c5d269-41b3-498b-8596-d960c7556268,Future of the Left,2cbdd61f-8d61-357e-a4ef-c4396d90347b,Travels With Myself and Another,1,1
2009,78,91,d13f0f47-36f9-4661-87fe-2de56f45c649,Tegan and Sara,b08e5e9a-b1dc-43d2-ba0a-0a0430939401,Sainthood,2,2
2009,79,91,74208a0b-8b72-4954-9aa4-b359babd39bc,Throw Me the Statue,ef6cd6c2-fb9a-4ed3-84cd-b71536da9664,Creaturesque,1,1
2009,80,91,f3e2ad21-900e-46a0-8597-2a3e457a7c27,Gui Boratto,62f0e9d7-c5a3-3771-a046-d8dea3cc47af,Take My Breath Away,1,1
2009,81,91,90cc2464-234e-4da0-b39b-576f36e633bc,ANOHNI and the Johnsons,009f05b6-06ed-360e-95ea-4378bc548957,The Crying Light,2,2
2009,82,91,67e2b81b-9b86-4bf6-b2cc-767dc9967642,Conor Oberst and the Mystic Valley Band,4c63a63f-70e1-35b9-85b3-179e90c9406c,Outer South,1,1
2009,83,91,7cd2d860-c6d7-4be2-af50-57c51ee45687,The Thermals,a6e59675-b7ac-3ae7-ab08-f2e652cc23eb,Now We Can See,3,3
2009,84,91,ada7a83c-e3e1-40f1-93f9-3e73dbc9298a,Arctic Monkeys,23b7e9e9-8820-4a49-b44f-a7a60e0a7e81,Humbug,7,3
2009,85,91,89ad4ac3-39f7-470e-963a-56509c546377,Various Artists,bdbbe38c-c497-48e6-ae0a-0997fceaf55a,"Live at KEXP, Volume Five",8,3
2009,86,91,1fe9f631-bb9f-40cb-9393-8a82a9eb8652,The Ironclads,d362c07f-47b2-46ae-b8ce-e840476a8a9d,The Space Between the Maps,1,1
2009,87,91,0110e63e-0a9b-4818-af8e-41e180c20b9a,Devendra Banhart,4931a8dd-8bb4-44ef-a130-7960b0b9fe7a,What Will We Be,4,3
2009,88,91,86a064f9-3ed4-4621-b29d-d05442c6b1ae,Junior Boys,bccaf006-dcc7-3194-9a84-c9b6d88277de,Begone Dull Care,3,3
2009,89,91,b786b1c2-be35-497e-8d0f-089265f177da,Julian Plenti,3d4a008d-6e47-45bb-aacf-926159da1003,Julian Plenti Is... Skyscraper,1,1
2009,90,91,5fee3020-513b-48c2-b1f7-4681b01db0c6,Florence + the Machine,50fe703f-173e-496a-9155-b2a495d704e5,Lungs,6,3
2009,91,91,f8f15c4f-5e51-45f3-b1e1-38132b918036,Telekinesis,647929c9-8b1d-37df-a87c-35a29a30b50e,Telekinesis!,3,3
2010,1,91,52074ba6-e495-4ef3-9bb4-0703888a9f68,Arcade Fire,bf306022-c851-449d-a619-7864caddf5c7,The Suburbs,5,3
2010,2,91,d5cc67b8-1cc4-453b-96e8-44487acdebea,Beach House,4114f899-a9d2-48a8-b597-8a5ca8bb6847,Teen Dream,8,3
2010,3,91,2aaf7396-6ab8-40f3-9776-a41c42c8e26b,LCD Soundsystem,8898e5eb-48aa-4eea-8569-d3a2e9adaf02,This Is Happening,5,3
2010,4,91,d15721d8-56b4-453d-b506-fc915b14cba2,The Black Keys,2a2b851c-bba6-4584-80c0-19af4a55e286,Brothers,9,3
2010,5,91,97b226c8-7140-4da3-91ac-15e62e131a81,Macklemore & Ryan Lewis,9e54fb08-c111-463d-918d-01fd85a612f1,The VS. Redux,3,3
2010,6,91,664c3e0e-42d8-48c1-b209-1efca19c0325,The National,1ce57f6a-62c8-4017-ad38-3339f542faae,High Violet,9,3
2010,7,91,4f416ed7-dda2-45de-a6f1-b986e861cf4b,Deerhunter,d03a3ae3-4a33-4c50-8501-00710070549c,Halcyon Digest,5,3
2010,8,91,dfe78af2-779e-4137-826a-3073a16e3278,Phantogram,d5d115f4-57ad-4f17-89b3-b11e81e97c42,Eyelid Movies,6,3
2010,9,91,164f0d73-1234-4e2c-8743-d77bf2191051,Ye,5d6e21e1-deb5-428e-bb42-c2a567f3619b,My Beautiful Dark Twisted Fantasy,6,3
2010,10,91,62d364d2-550b-420e-b918-b3bd1e4a2efc,Broken Bells,56adea3a-ef22-47c0-a55a-50177092e30f,Broken Bells,2,2
2010,11,91,01d3c51b-9b98-418a-8d8e-37f6fab59d8c,Sufjan Stevens,705027f6-370d-4e0a-931f-3960fe07a8ba,The Age of Adz,9,3
2010,12,91,af37c51c-0790-4a29-b995-456f98a6b8c9,Vampire Weekend,6799fd76-db3d-43bd-aa91-dffae5c4d65b,Contra,5,3
2010,13,91,3feba7fa-3837-424a-b4f1-0077d217f569,Yeasayer,06fd4560-57ca-4552-b1a5-1d68a2940a5a,Odd Blood,3,3
2010,14,91,e21857d5-3256-4547-afb3-4b6ded592596,Gorillaz,5a676824-18cd-4f7f-89f0-df21623e2042,Plastic Beach,8,3
2010,15,91,735e3514-a8ae-401f-af3b-6300df1b8d2c,Caribou,1e103be2-b071-40da-a88b-8e2f4732a8eb,Swim,5,3
2010,16,91,98cb416e-5271-484c-ab3b-6bed6b4aae12,The Head and the Heart,d51ffb84-a158-4a1f-ab76-99fc6f372344,The Head and the Heart,3,3
2010,17,91,d8f63b51-73e0-4f65-8bd3-bcfe6892fb0e,Ra Ra Riot,3b8e2833-7dde-499d-b85e-ba325b51a0ba,The Orchard,2,2
2010,18,91,6a65d878-fcd0-42cf-aff9-ca1d636a8bcc,Foals,d538df74-a31e-4aa8-ad10-ffb125db6725,Total Life Forever,7,3
2010,19,91,174744a2-8f85-4602-a0e6-5f2097c2e945,The Moondoggies,25cf4aeb-966e-42fb-87d7-9cf767afdfc1,Tidelands,4,3
2010,20,91,63aa26c3-d59b-4da4-84ac-716b54f1ef4d,Tame Impala,0cfdeff7-4aa7-4df4-918d-88c9421cc512,Innerspeaker,5,3
2010,21,91,1bbf31dc-dbc0-4a7a-bf3f-48bc665878e1,Local Natives,851a8aa2-d1ae-4d9b-bd41-a455b7e18fc8,Gorilla Manor,3,3
2010,22,91,95f7536d-b2f7-4087-8668-a663ec201f5a,Sleigh Bells,4089b4e7-eef7-4433-838f-1ca531754cf6,Treats,3,3
2010,23,91,af00f655-402f-4d80-bb83-de525cde7a8d,Jón Þór Birgisson,061db1d1-fc26-4987-beb6-d276c9f98c82,Go,1,1
2010,24,91,2eada8f8-056a-4093-bbc2-004909ce743b,Broken Social Scene,41291ae5-1b55-4ec5-9232-5cf38a7a08e1,Forgiveness Rock Record,4,3
2010,25,91,49814f71-8fef-41ec-9af8-b6995c0bd601,The Black Angels,669f16a1-7926-4e93-bbb3-cc53387354df,Phosphene Dream,7,3
2010,26,91,aefdb4bd-a25a-4e73-9c8d-4443eaff3a86,Fences,64eeb5da-bdd0-443c-88f5-a360943c208c,Fences,1,1
2010,27,91,07b6020a-c539-4d68-aeef-f159f3befc76,Band of Horses,a59f43cd-5628-41e3-9899-99e700488389,Infinite Arms,7,3
2010,28,91,c485632c-b784-4ee9-8ea1-c5fb365681fc,MGMT,8a10ef49-ad7c-404c-9937-6727ee3a401e,Congratulations,4,3
2010,29,91,7e35659f-f3bb-4c28-bcf5-47bd5cfa2bca,The Tallest Man on Earth,00e8b205-0049-457c-a266-5f57968ee66f,The Wild Hunt,3,3
2010,30,91,dc21d171-7204-4759-9fd0-77d031aeb40c,Frightened Rabbit,10dda573-58dd-41b5-aeaf-3d1e036bdce0,The Winter of Mixed Drinks,5,3
2010,31,91,9724aa19-fdf9-49d0-9f9d-944e462e2a5c,Big Boi,e859e3e9-3153-4c97-8055-3b1ef9c78e54,Sir Lucious Left Foot… The Son of Chico Dusty,1,1
2010,32,91,80b3cf5e-18fe-4c59-98c7-e5bb87210710,The Roots,9b643b98-ea0d-4c17-9dd1-8cfe2a92248f,How I Got Over,5,3
2010,33,91,3589907b-48ac-44f2-b283-06914476c971,MAD RAD,1e40dfe8-405a-40a6-8c39-5426db597354,The Youth Die Young,1,1
2010,34,91,b7ddce8b-9e5c-46bd-9d33-41b134ce1a7f,Wolf Parade,df85759a-3d1b-42c1-8337-46c66d4a50de,Expo 86,5,3
2010,35,91,84eac621-1c5a-49a1-9500-555099c6e184,Spoon,7ed4a0a6-6a50-4c85-9aa7-1843c446f1ca,Transference,8,3
2010,36,91,b1570544-93ab-4b2b-8398-131735394202,Crystal Castles,9477d99c-1df7-4ae7-b08d-a2484c8e80f4,Crystal Castles,3,3
2010,37,91,e5c7b94f-e264-473c-bb0f-37c85d4d5c70,Belle and Sebastian,7d5a9828-b7f7-4636-83cc-4455ebd10fc7,Write About Love,4,3
2010,38,91,ee190f6b-7d98-43ec-b924-da5f8018eca0,Janelle Monáe,7c5bb286-ac24-443c-81cc-4f5f6261c343,The ArchAndroid,4,3
2010,39,91,6b44cb91-8fdb-4e87-a1e4-cd0726efdc2b,Maps & Atlases,e422e1b7-c84e-4d90-843a-ebe45f46351e,Perch Patchwork,1,1
2010,40,91,f4805b9d-68f8-438e-8f13-ec7bcb4c8581,Damien Jurado,ebefbc24-058e-46a0-b56c-dc67be88606e,Saint Bartlett,7,3
2010,41,91,8582f8cb-8b50-4b6a-849f-841edc34c678,Revolver,b467370b-a705-4109-92af-dc86bc281b1d,Music for a While,1,1
2010,42,91,611f1230-7c2b-4610-b9e6-5a4fcb6e3cc7,Grinderman,75b46ea9-ff55-4c1a-9eca-6fa3a379258a,Grinderman 2,2,2
2010,43,91,c5c2ea1c-4bde-4f4d-bd0b-47b200bf99d6,The xx,b0f899f6-2fd8-4d6c-90f8-164a9990b977,Basic Space (Remixes),4,3
2010,44,91,25b75a66-ce83-4db3-b136-395a3c3784c4,The New Pornographers,a687ab42-5539-44d2-8fef-58611da8731a,Together,8,3
2010,45,91,b7834ebd-64ae-46c3-a930-2d3a52ee743a,The Walkmen,92f942a3-0856-43a9-8dce-8b2edf897fa4,Lisbon,4,3
2010,46,91,ad386705-fb8c-40ec-94d7-e690e079e979,Menomena,7d07e2cd-d7d0-48d5-b44d-b88f88c63329,Mines,3,3
2010,47,91,816e913e-78af-44d2-9c37-daff3d66a4cf,Avi Buffalo,0bd5d74f-545d-46a5-a21f-aa60ad2a7720,Avi Buffalo,1,1
2010,48,91,d8915e13-d67a-4aa0-9c0b-1f126af951af,Hot Chip,e83f684b-bc49-4ea2-91c4-b1583c741829,One Life Stand,7,3
2010,49,91,f11ab2aa-4a60-49b2-b37b-505a05b5d179,Surfer Blood,6c567358-1263-4824-81f6-16e7016ec582,Astro Coast,1,1
2010,50,91,e9aed5e5-ed35-4244-872e-194862290295,Dr. Dog,1aa85180-8e09-4873-abd8-066cd40fa3f2,"Shame, Shame",3,3
2010,51,91,fc7376fe-1a6f-4414-b4a7-83f50ed59c92,Flying Lotus,ddae2c76-1433-4a9a-be05-3447bda75eee,Cosmogramma,3,3
2010,52,91,7d3996ec-e9e9-41ec-8f4d-e336f64fc7c6,TOBACCO,7ab8b0db-b44a-4e2e-906b-b42adbbc07eb,Maniac Meat,1,1
2010,53,91,75167b8b-44e4-407b-9d35-effe87b223cf,Neil Young,5e99955a-e88c-45a7-9875-cac4561cc6fc,Le Noise,4,3
2010,54,91,4ac6c2fd-daad-4c31-b266-017c79d2e9a9,Ariel Pink’s Haunted Graffiti,a7ba0972-7ab4-4e11-8d0d-edfc0caada77,Before Today,1,1
2010,55,91,fb2df245-81b0-4a2b-9d01-e0955ba68be7,Junip,0f3f8fc7-7558-4db8-9151-9438480ab1c4,Fields,2,2
2010,56,91,4e88702e-56e0-483a-9e91-2436e9fe44ae,State of The Artist,21a7ccce-9060-4f32-bfa5-caf5f848f6f6,Seattlecalifragilisticextrahelladopeness,1,1
2010,57,91,8560d4e8-05e2-4c20-980b-ad2db445dd5d,Fitz and the Tantrums,e0b7c89a-332d-47e4-843d-cbd28b1edf7c,Pickin' Up the Pieces,2,2
2010,58,91,cb69e1f1-bc76-4df5-93c9-cf97dd8a3b5c,Joanna Newsom,09425c87-54fa-4438-b13e-3e35b70a7953,Have One on Me,3,3
2010,59,91,10adbe5e-a2c0-4bf3-8249-2b4cbf6e6ca8,Massive Attack,29a4c71c-2e7a-40e3-81d7-7960e8ec1bb1,Heligoland,2,2
2010,60,91,28537bf2-22c5-4840-91fc-fcb98e8c7379,Matt and Kim,5fbea7dc-57a4-46df-b2dc-4ef73cf8655e,Sidewalks,2,2
2010,61,91,5ab8835e-ac44-4055-9c11-7878199606b5,Best Coast,5047b1ca-f27d-442b-9df5-bf9efd85376c,Crazy for You,5,3
2010,62,91,d38c47f6-d9bb-4a77-aaea-df53a6616a68,Titus Andronicus,1cc1a6b7-3a3c-4c4d-bcf2-f502f9be5d60,The Monitor,2,2
2010,63,91,e13e3783-18b4-4b75-af4a-016e85b9abea,Ravenna Woods,d014b290-7880-4352-bd65-09e6cb4e668a,Demons and Lakes,2,2
2010,64,91,289be459-7128-4da9-bba3-21bfa19a4e76,Houses,a4186578-ec58-4ffe-be49-9a59c6cebc7b,All Night,1,1
2010,65,91,fb821608-35fd-4a45-a4b2-1a0537cee111,She & Him,77b92f21-b074-4843-81c3-512bb4e60f23,Volume Two,2,2
2010,66,91,19a7752c-fbc8-4e98-9572-fc7c4074432a,The Poison Control Center,1bd7c014-fa69-48b0-8490-c93efd182eaa,Sad Sour Future,1,1
2010,67,91,b23e8a63-8f47-4882-b55b-df2c92ef400e,Interpol,7d6414a9-800d-4ad1-9f6a-5b4f643fd94a,Interpol,6,3
2010,68,91,7cf0ea9d-86b9-4dad-ba9e-2355a64899ea,M.I.A.,78e297b2-f72c-4bc9-929e-da64f5a4619a,/\/\ /\ Y /\,5,3
2010,69,91,4898b9ad-f564-4ff1-9046-b1a16dfd5200,Black Mountain,144809d6-f2cc-49e6-9d92-5a08c79a8294,Wilderness Heart,3,3
2010,70,91,32b90c92-9978-4a07-90eb-caa4b22f4907,Black Rebel Motorcycle Club,78a9a4c1-8091-4b3f-afc5-5840fa054a34,Beat the Devil’s Tattoo,6,3
2010,71,91,b6c845d8-10af-47be-942f-6d3e2275637f,The Cute Lepers,58927a36-77cb-4cd1-bdf8-e1c0b3a6c037,Smart Accessories,1,1
2010,72,91,6ffb8ea9-2370-44d8-b678-e9237bbd347b,Kings of Leon,b44f35b2-0ae7-461c-a526-df86123edb91,Come Around Sundown,5,3
2010,73,91,4bf89e02-6c30-4603-9f6a-52619b1bea1a,Aloe Blacc,bdf92057-559a-43f4-b1ab-a8433d23633e,Good Things,1,1
2010,74,91,5aeb21a3-4606-4a0d-8369-50c768d1e99a,Stars,baf7263f-51f7-4c4a-90b2-07d9e88d729c,The Five Ghosts,5,3
2010,75,91,3bcff06f-675a-451f-9075-99e8657047e8,Four Tet,36e5c63b-be92-4717-acfe-a70e58e448c8,There Is Love in You,1,1
2010,76,91,68528e6a-82d8-4b3b-ab4b-0ae23ab31185,Das Racist,2c02d1a1-1fc2-4c6e-b2e5-1475720c1f09,"Sit Down, Man",1,1
2010,77,91,57843aed-c1c1-4f45-9859-478dd999bc18,School of Seven Bells,8a2d9685-b7df-4aa7-9e07-39b7efe63ea2,Disconnect From Desire,3,3
2010,78,91,0d1e6322-c8ca-4c99-96db-96b063337465,Freelance Whales,f023e0e0-2469-4675-bba5-70ad886e8a1d,Weathervanes,1,1
2010,79,91,a181595e-5b84-4439-a5f4-f548ddfb64df,Wild Nothing,14cd42e9-a57d-4b05-a641-332cc80d9975,Gemini,2,2
2010,80,91,7cd2d860-c6d7-4be2-af50-57c51ee45687,The Thermals,2d03e631-658f-4e60-893d-be3dc8da8627,Personal Life,3,3
2010,81,91,58fffe42-217d-4346-8539-8ddc4f1c7daf,Parenthetical Girls,5c706767-7817-4aec-98aa-b7155830d361,"Privilege, Pt. I: On Death & Endearments",1,1
2010,82,91,55821c25-bd47-4f67-baf8-17ccd2cf1c86,No Age,fea7513c-dc24-4bcf-8513-2d122d7ede4a,Everything in Between,2,2
2010,83,91,0e6b3a2c-6a42-4b43-a4f6-c6625c5855de,POP ETC,8f492f53-d340-4385-9483-e6004364306e,Big Echo,1,1
2010,84,91,c3ecef5d-84f3-4942-8c24-0a626343c3f4,The Drums,74b1bc91-b5d9-4063-b3fb-0e7fe183b040,The Drums,2,2
2010,85,91,34492aab-9c9c-4a5e-8240-58ef469f8352,The Redwood Plan,f1f2b1c7-6a40-471e-9661-1644c49935bb,Racing Towards the Heartbreak,2,2
2010,86,91,8d50cd20-34f2-4abe-ba16-0759ee0fb9f5,Sharon Jones and the Dap‐Kings,a60c452c-e8d0-4deb-b6f5-7a444a20eaaa,I Learned the Hard Way,4,3
2010,87,91,2c69465c-0f76-45ce-90a2-1ed0fdacc997,CeeLo Green,765e2a73-96d5-49ce-8bf9-c0641d8bceda,The Lady Killer,1,1
2010,88,91,61653550-fd9b-4401-8248-44f2d064d384,Superchunk,e3738291-3189-4420-a58f-cd6cf5276d21,Majesty Shredding,3,3
2010,89,91,918dece0-de80-42ed-bc7c-b47623da3275,Pomegranates,b862a6e1-a211-48a6-b72f-0aad6f297c2d,One of Us,1,1
2010,90,91,739da2f1-0741-4c60-a6ed-f42d49bf2eb1,Phosphorescent,b59307f2-24ac-4697-8936-9a167b1111eb,Here’s to Taking It Easy,3,3
2010,91,91,ccfd4a7a-650e-43ca-ab51-a7baa1b5ad65,Barton Carroll,36caca93-1b8f-4709-8bc7-d4f282296d7d,Together You and I,1,1
2011,1,91,fa97dd36-1b82-43d7-a6e4-2adeafd59cef,Fleet Foxes,d569deba-8c6b-4d08-8c43-d0e5a1b8c7f3,Helplessness Blues,4,3
2011,2,91,437a0e49-c6ae-42f6-a6c1-84f25ed366bc,Bon Iver,2cb36662-3560-4b90-a0a5-7924ac039490,"Bon Iver, Bon Iver",7,3
2011,3,91,6d7b7cd4-254b-4c25-83f6-dd20f98ceacd,M83,5f898a60-acc5-48fc-a11b-2926084c0924,"Hurry Up, We’re Dreaming",6,3
2011,4,91,98cb416e-5271-484c-ab3b-6bed6b4aae12,The Head and the Heart,d51ffb84-a158-4a1f-ab76-99fc6f372344,The Head and the Heart,3,3
2011,5,91,a74b1b7f-71a5-4011-9441-d0b5e4122711,Radiohead,899b6d09-807e-4c18-a6d4-3642e00d6a3d,The King of Limbs,8,3
2011,6,91,97b1142f-c71e-4971-8736-4a8ceaf6b4c3,The Decemberists,406ad200-9dda-42d5-abb9-0cb56ba9534b,The King Is Dead,10,4
2011,7,91,9e53f84d-ef44-4c16-9677-5fd4d78cbd7d,Wilco,760f9d8c-3465-497f-9186-a63b1270d9fb,The Whole Love,11,4
2011,8,91,cc2c9c3c-b7bc-4b8b-84d8-4fbd8779e493,Adele,e4174758-d333-4a8e-a31f-dd0edd51518e,21,2,2
2011,9,91,1f025caf-b67f-42ab-a3bf-38cc510ed21c,Pickwick,caf38078-aa6c-4688-a8a4-69a740d75793,Myths,3,3
2011,10,91,0af78501-5647-4c18-9a0d-66ac8789e13b,Beirut,e8af260d-01e5-4196-ab94-18ad8404d638,The Rip Tide,6,3
2011,11,91,74a30f2a-dae6-4e99-8a75-cb0f93b31aa6,Washed Out,df595313-7291-446d-9a8f-0d15068e474a,Within and Without,4,3
2011,12,91,fac3ff34-6ba4-425a-8f01-b181ef4a908a,tUnE-yArDs,e5435856-6ec5-4771-b31f-608413576eca,w h o k i l l,5,3
2011,13,91,1b8ed32a-294c-4224-a770-2c20b8a5b0c1,Blue Sky Black Death,f16edfec-4175-461c-bdd3-06cfc01e4fda,NOIR,1,1
2011,14,91,6462c4f6-6f69-4636-a835-02eebe81c90f,Shabazz Palaces,add1dfee-64e9-4e0b-8389-1bafe169d903,Black Up,6,3
2011,15,91,eb872766-98f6-453d-883f-2ae908a18315,TV on the Radio,f9fd1c99-a2e5-49c0-ad01-ce37bc23f94d,Nine Types of Light,5,3
2011,16,91,9e103f85-7af7-41d7-b83b-49ba8f0c5abf,Of Monsters and Men,b7ac3c3e-095e-4bcf-94f9-694ca175b79d,My Head Is an Animal,2,2
2011,17,91,e795e03d-b5d5-4a5f-834d-162cfb308a2c,PJ Harvey,9d504fde-1b02-4c14-b484-bcf94570153a,Let England Shake,5,3
2011,18,91,0039c7ae-e1a7-4a7d-9b49-0cbc716821a6,Death Cab for Cutie,c4c7eec6-e04f-4c59-879b-4105a4ad3ecd,Codes and Keys,9,3
2011,19,91,e0e1a584-dd0a-4bd1-88d1-c4c62895039d,Foster the People,535748f7-5b3d-4a2a-8f9c-bd8baa587239,Torches,1,1
2011,20,91,cc7d4686-ea02-45fd-956e-94c1a322558c,Lykke Li,f9eab5ff-6eb5-4c4e-9136-afbbc491f7cb,Wounded Rhymes,3,3
2011,21,91,ea5883b7-68ce-48b3-b115-61746ea53b8c,My Morning Jacket,e4e44f9e-a156-4016-b654-055653d39feb,Circuital,9,3
2011,22,91,caaba574-dfbc-4681-8e56-19b5150897d2,Cut Copy,56e9fc31-653b-46c6-87e0-8973df473a29,Zonoscope,5,3
2011,23,91,5334edc0-5faf-4ca5-b1df-000de3e1f752,St. Vincent,a9c80acf-5017-4301-8da0-2d6dfb502400,Strange Mercy,8,3
2011,24,91,a670e05a-cea8-4b37-bce9-d82daf1a0fa4,Feist,b8f5f7a5-5a62-43b2-8099-cc1b0f8810fa,Metals,5,3
2011,25,91,3c8ff4c9-b5b9-4e78-ad9d-5157c323de24,Wye Oak,6ac512b1-60b5-4c7b-a923-f2699cb3addc,Civilian,3,3
2011,26,91,e07a111e-4e8a-4651-a849-01ac60551ab2,Kurt Vile,3963c451-0db1-4fa0-9a13-2476f4bd8b9a,Smoke Ring for My Halo,6,3
2011,27,91,55e21cfa-4bee-4795-940d-b1ff692fb17c,Girls,a858105b-4120-4ba3-b03f-40cac58cf03c,"Father, Son, Holy Ghost",2,2
2011,28,91,994c6d08-08f2-47f1-81bd-b26bfb597cbc,Augustines,d8890e03-ff57-4b69-b261-b10f733b800c,Rise Ye Sunken Ships,3,3
2011,29,91,ff0d20a7-a69e-4207-a18f-ca808759499d,The Antlers,4dea1228-ac06-49d0-adb5-c216cf84a68a,Burst Apart,4,3
2011,30,91,c3aeb863-7b26-4388-94e8-5a240f2be21b,Tom Waits,956f10e8-0c74-4010-99d3-1b60fb7e88bc,Bad as Me,5,3
2011,31,91,4473e47b-81bb-47af-8cb0-1cad6f68d8bc,Wild Flag,4139b611-40ac-46d6-a916-c141198e9633,Wild Flag,1,1
2011,32,91,4c671d5a-7027-4398-8055-03e61d1a3967,Cults,8ba8cb38-75b1-4511-b5e3-4f5f14fb11b8,Cults,1,1
2011,33,91,3cb3928a-526c-4a3d-93c5-53315fa9bde0,Elbow,f1071218-4843-4360-ab81-f93dc1707ce0,Build a Rocket Boys!,6,3
2011,34,91,8dc08b1f-e393-4f85-a5dd-300f7693a8b8,James Blake,e2c51226-996b-4f7c-9bdf-d52d63c46a26,James Blake,6,3
2011,35,91,11cbb56f-2846-488a-90aa-1ec7b93353f3,Star Anna,d6d626ed-56f9-4981-bd66-a4e76912f624,Alone in This Together,1,1
2011,36,91,78f797e3-4913-4026-aad0-1cd858bd735b,Bright Eyes,64a644f7-f02e-4fb2-b6f9-abf8d46b9e77,The People’s Key,6,3
2011,37,91,2ff49515-1701-4bac-a53a-04345893f3f3,Gillian Welch,bea454b7-cb3c-420b-bf08-46886440af1c,The Harrow & The Harvest,4,3
2011,38,91,072d4c31-8fd7-4073-9efc-7e192b517906,The Joy Formidable,09aaa80c-2ea8-4496-b818-6842e94ec743,The Big Roar,2,2
2011,39,91,2c629b8c-d751-4131-b785-5690bb5e0fd7,The Kills,b2cab197-5107-46a0-8b26-049f4771f4c5,Blood Pressures,3,3
2011,40,91,bc07a2b3-807a-4dda-9c19-003553f18f45,The Cave Singers,2cf80220-3417-46d6-ab52-54ce0371c208,No Witch,5,3
2011,41,91,4a18722d-5a98-41c8-9e86-814afbffc704,Youth Lagoon,703b7833-1dac-4d8a-9015-e0c9d45b9764,The Year of Hibernation,3,3
2011,42,91,c3f28da8-662d-4f09-bdc7-3084bf685930,Iron & Wine,09596b11-703e-4292-a0b4-49230b5835a0,Kiss Each Other Clean,7,3
2011,43,91,9beb62b2-88db-4cea-801e-162cd344ee53,Beastie Boys,1f660e76-b300-4084-aeb5-04b5a8dee845,"Hot Sauce Committee, Part Two",2,2
2011,44,91,2ff0dfc6-0542-4bbc-a44a-60605c074ba6,Real Estate,0f8b895a-668f-48a9-a0b3-7dff5a78678b,Days,2,2
2011,45,91,61604b45-8a91-4e33-a1b6-45d7b1fec4e5,Destroyer,145e5f9c-7be0-4728-80ed-c5e020b362f1,Kaputt,4,3
2011,46,91,d1f1cba8-b5ce-438b-99a3-e0a8456ac322,Black Whales,9c08e8f5-607c-4e6b-b866-c603a926b963,Shangri-La Indeed,1,1
2011,47,91,215f057c-fb64-4b27-abf2-1871e71912d9,Blind Pilot,a563c950-e079-4aee-9a31-dc1f23efcb4e,We Are the Tide,1,1
2011,48,91,5fee3020-513b-48c2-b1f7-4681b01db0c6,Florence + the Machine,998f1bc8-6703-49fe-8aed-028ec04a14f2,Ceremonials,6,3
2011,49,91,00467da8-2a92-498f-8b10-a80889bcded7,The Horrors,a4044de5-04c2-49f1-b033-1ff0404d796d,Skying,4,3
2011,50,91,9929a375-ccf4-4b8c-9b13-0026393fcb84,Yuck,aa442e6a-8d4f-4d47-bf10-93c21ec1c289,Yuck,1,1
2011,51,91,9029fab6-3c34-4c50-878f-4434ab5a2a4e,The Lonely Forest,dd989c28-2b38-4907-b756-32737bb613c1,Arrows,1,1
2011,52,91,dfe78af2-779e-4137-826a-3073a16e3278,Phantogram,0422cd9f-3981-4c04-9f14-e1e7248007a9,Nightlife,6,3
2011,53,91,87b9b3b8-ab93-426c-a200-4012d667a626,The War on Drugs,eb4c7037-4a8f-457f-b0e3-bc7bd8542c6d,Slave Ambient,4,3
2011,54,91,8f0e0596-5a39-4bd5-9dfa-f2b12030ffdc,We Were Promised Jetpacks,ec8d00dc-a0eb-4246-a8b2-0dbaa21b8ec0,In the Pit of the Stomach,2,2
2011,55,91,912f8045-c9ec-4020-b89e-44f748b5012b,Handsome Furs,27f2040b-016a-4ee3-812b-3021f31d5231,Sound Kapital,2,2
2011,56,91,c80f38a6-9980-485d-997c-5c1a9cbd0d64,Ryan Adams,889aba56-bb09-4ce7-a023-810e7df9dfad,Ashes & Fire,8,3
2011,57,91,338aa8c7-a7c0-4043-9c49-657ae3714f9b,WU LYF,d7d70aee-af05-4d0e-8919-d483fcf59688,Go Tell Fire to the Mountain,1,1
2011,58,91,45e92662-68e0-4efb-9056-761a8433314c,Campfire OK,b4917705-9d76-48e5-9598-c5e3a6e1c755,Strange Like We Are,1,1
2011,59,91,1a02453e-5f86-4220-abd6-1d889d2fa517,Atlas Sound,bcbc740e-0cc6-4c22-88d5-e3c3076f0ab5,Parallax,2,2
2011,60,91,05fca765-a5f4-4d17-b47f-75bffc57457a,Brite Futures,4e9953f8-3943-41e6-8cce-7667eed82c50,Dark Past,1,1
2011,61,91,67f66c07-6e61-4026-ade5-7e782fad3a5d,Foo Fighters,91825bcf-e51d-4357-986c-ac2a49b4d205,Wasting Light,1,1
2011,62,91,c35bd778-efb5-424b-ba7b-dae56d01a206,Zola Jesus,a9fbfbd8-dec9-44df-bc4b-bf53e893eeed,Conatus,1,1
2011,63,91,ca405011-906d-4090-992f-f230739278b1,Dum Dum Girls,79bbbf0e-16e5-46a4-bc72-cde36146e6d3,Only in Dreams,3,3
2011,64,91,69cd93fd-1c2b-40f5-ae03-7bf4b4213fd3,Blue Scholars,b929be65-82d2-495c-a799-283755696c1b,Cinémetropolis,5,3
2011,65,91,1a60d6dd-9d3e-40fc-a66d-3184f9ee0d61,Eddie Vedder,b67a34d0-3e66-4613-af0d-6b8326e7e621,Ukulele Songs,2,2
2011,66,91,0a19e3e4-7970-4adf-8439-90bdcc9c8661,STRFKR,1bbc1301-4f3e-49cd-a3de-6e729063377d,Reptilians,1,1
2011,67,91,4236acde-2ce2-441c-a3d4-38d55f1b5474,Explosions in the Sky,47cab48a-ee95-4a8c-b8f0-34e6d6237ac5,"Take Care, Take Care, Take Care",3,3
2011,68,91,87c5dedd-371d-4a53-9f7f-80522fb7f3cb,Björk,61db2db8-1775-4663-9dff-d5ec2139dbea,Biophilia,6,3
2011,69,91,3599a39e-4e10-4cb5-90d4-c8a015ebc73b,Portugal. The Man,54ce26df-b1c2-4016-951c-9ea6b85912dd,In the Mountain in the Cloud,3,3
2011,70,91,c8b03190-306c-4120-bb0b-6f2ebfc06ea9,The Weeknd,6fe82196-df5d-4938-aa39-920df5b4517d,House of Balloons,3,3
2011,71,91,7f2aa196-cfd4-4a3d-ace3-28b7b6a79af7,SBTRKT,1bdd4873-d334-47c7-85ab-1ce38e37cb69,SBTRKT,1,1
2011,72,91,c3ecef5d-84f3-4942-8c24-0a626343c3f4,The Drums,0d043584-6e84-4e2a-96b9-28d2a6323f46,Portamento,2,2
2011,73,91,a186c93d-0f30-4c56-9265-98c0eba19242,Blitzen Trapper,b215fb3d-0007-415a-be71-6e5916365088,American Goldwing,4,3
2011,74,91,ada7a83c-e3e1-40f1-93f9-3e73dbc9298a,Arctic Monkeys,ffdc0fd3-e726-4e98-af19-d3274ede2311,Suck It and See,7,3
2011,75,91,6779d22e-cc33-40a9-acf4-cbe4b2fdfae1,The New Division,e981b3d3-8ce0-4b62-9618-6156e45a986c,Shadows,1,1
2011,76,91,c8c64bcc-48c6-47c9-8411-f5c4fd5a97bb,Deer Tick,7530761e-bb4a-4658-b32f-e3a15b099c04,Divine Providence,2,2
2011,77,91,e8238c02-1cf0-4a51-bfd0-cee93904d351,Neon Indian,f55f6628-cefa-44b0-97a5-97a73c91194f,Era Extraña,2,2
2011,78,91,af9e8d94-d471-4f91-82c7-250c22545162,Austra,4ddef6f3-bce0-4227-8c58-c7675c55fea1,Feel It Break,1,1
2011,79,91,ea4dfa26-f633-4da6-a52a-f49ea4897b58,R.E.M.,5f19f8e8-8b13-4829-835e-d53d84cff63f,Collapse Into Now,3,3
2011,80,91,83b9cbe7-9857-49e2-ab8e-b57b01038103,Pearl Jam,f09b288e-f3bb-4f06-b722-f981e1cd469a,Pearl Jam Twenty,6,3
2011,81,91,9460b1e1-c5e6-404a-95d8-7c2f02c7822f,Grand Hallway,f8450bf0-64f2-49f5-b72f-8af338727236,Winter Creatures,2,2
2011,82,91,d8e41375-bd8d-4e39-9da7-f0c171e97086,Grouplove,1ca3c5d2-5979-41de-aa39-15335154ced3,Never Trust a Happy Song,1,1
2011,83,91,254b5419-1819-49c9-abcf-6e9b8210ebf4,Jesse Sykes & The Sweet Hereafter,d5bca49f-f109-412f-9b37-ed97721f6f5e,Marble Son,2,2
2011,84,91,f6f2326f-6b25-4170-b89d-e235b25508e8,Sigur Rós,25f92646-cded-42a2-a2d6-65c82f49a5ec,Inni,9,3
2011,85,91,69ce32a2-dbb1-42c2-98fc-2fbf896ef861,Other Lives,e26a82d7-b349-469b-a034-6f2484c681fc,Tamer Animals,1,1
2011,86,91,d3afff73-119e-406e-8551-9403e80c531b,Craft Spells,0edc4e2e-7dff-49db-8b5f-2ab7e42f60ca,Idle Labor,1,1
2011,87,91,c8a9ae11-63bf-409b-8bf3-a96b3712a2ff,Little Dragon,46c8cfa5-5314-46a5-812c-7bee280bbfe9,Ritual Union,3,3
2011,88,91,a82f36ee-b394-45dc-8303-0e61f968c285,My Goodness,b2428162-3893-44ae-81ed-749e3b3d9591,My Goodness,1,1
2011,89,91,19202b40-eb93-48a0-b6fc-fce9568182aa,Fucked Up,31fcb4ca-5845-4673-bdcc-594fd807d046,David Comes to Life,1,1
2011,90,91,e13e3783-18b4-4b75-af4a-016e85b9abea,Ravenna Woods,47bf2ecc-c25f-4954-9e8b-43348647cfd8,Valley of the Headless Men,2,2
2011,91,91,a66cc38c-e6cd-4725-a8fd-7d32b998347f,DeVotchKa,2ea95ace-04ce-4c3b-bfa7-0c5e7a2605c5,100 Lovers,4,3
2012,1,120,97b226c8-7140-4da3-91ac-15e62e131a81,Macklemore & Ryan Lewis,22315cdd-4ed9-427c-9492-560cf4afed58,The Heist,3,3
2012,2,120,fc7bbf00-fbaa-4736-986b-b3ac0266ca9b,alt‐J,0d8562eb-7f72-427b-8a0b-984cc5ee7766,An Awesome Wave,5,3
2012,3,120,d5cc67b8-1cc4-453b-96e8-44487acdebea,Beach House,f1390eec-a192-4d96-9943-bbc42a819588,Bloom,8,3
2012,4,120,63aa26c3-d59b-4da4-84ac-716b54f1ef4d,Tame Impala,b0864c80-2726-4761-bf66-a97610162a2c,Lonerism,5,3
2012,5,120,40419b33-18e9-4d5a-a674-30b4bb14bac2,Alabama Shakes,83024532-0142-4ac5-b473-e38681350db0,Boys & Girls,2,2
2012,6,120,59a7fbcb-ff74-494d-abd0-9c82359040c9,Grizzly Bear,985e8d98-12ec-4c3e-8f56-d8519d97a22c,Shields,5,3
2012,7,120,bfcb6630-9b31-4e63-b11f-7b0363be72b5,The Lumineers,0304f1e1-0547-4fd9-a0cc-90bfdb7945b0,The Lumineers,2,2
2012,8,120,172053e5-a7fb-4548-a64d-c53858b5e775,Father John Misty,d76ee58c-cabb-4aec-b793-326ce29a7d65,Fear Fun,5,3
2012,9,120,7e5a2a59-6d9f-4a17-b7c2-e1eedb7bd222,Grimes,3f3a6d95-326e-4384-80b0-0744f20f24ff,Visions,3,3
2012,10,120,9e103f85-7af7-41d7-b83b-49ba8f0c5abf,Of Monsters and Men,b7ac3c3e-095e-4bcf-94f9-694ca175b79d,My Head Is an Animal,2,2
2012,11,120,3ae2fb37-8a23-429d-9920-bac811c4fc22,Jack White,37f48931-e5e6-488f-a531-ad2db311158d,Blunderbuss,5,3
2012,12,120,373faa02-74d7-4b1d-9b47-7574ad510f8d,First Aid Kit,7502eb7d-1e83-41ce-b7ee-7b66f340d518,The Lion’s Roar,4,3
2012,13,120,c5c2ea1c-4bde-4f4d-bd0b-47b200bf99d6,The xx,a862b364-6b65-4b6f-945f-6f4f1258411a,Coexist,4,3
2012,14,120,2008d65c-31ee-4382-8960-5188523568d5,Japandroids,32f90db3-467a-4a31-b36b-e4b73dc0cc78,Celebration Rock,3,3
2012,15,120,05755bf1-380c-487f-983f-d1a02401fa28,Cat Power,71ca1851-2de4-42e4-b72e-40917118dfa9,Sun,5,3
2012,16,120,4bfce038-b1a0-4bc4-abe1-b679ab900f03,Django Django,dd7f2b3e-dcc6-4b7c-b8fd-7f73eb4bd66a,Django Django,2,2
2012,17,120,6c8b9855-ba8b-48f9-ac1d-42167f7f7b18,The Shins,0197ed2f-6365-498c-944e-df2c3120d885,Port of Morrow,5,3
2012,18,120,daeec599-bf5d-4428-994a-e76ba5f86e2f,Passion Pit,1a8f08d6-9324-442f-9486-acc2fa2188ce,Gossamer,2,2
2012,19,120,7e35659f-f3bb-4c28-bcf5-47bd5cfa2bca,The Tallest Man on Earth,dbd48701-6f3e-4fe0-88aa-5a4043b72c17,There’s No Leaving Now,3,3
2012,20,120,fdb53441-e5e6-4657-9aad-8dab672e1cdc,Purity Ring,83b05ad8-8359-49a7-bf84-fb876d807e29,Shrines,2,2
2012,21,120,e520459c-dff4-491d-a6e4-c97be35e0044,Frank Ocean,f8f4167d-897c-4b25-a171-638374d1dfa4,channel ORANGE,2,2
2012,22,120,5a2e9cd3-010a-4aae-9f83-629253284202,Sharon Van Etten,58eff3eb-7445-4914-b38a-068e1b3bb83e,Tramp,6,3
2012,23,120,b6ab8d01-0cb3-4515-bc05-d928397e7429,The Helio Sequence,1d029560-b6fd-49ec-bf32-9d20d9806715,Negotiations,5,3
2012,24,120,0cc883bb-a8a5-4b8a-ba5c-ab4e6b9afc09,Divine Fits,363e3330-b1d8-4eff-95b4-b6bce9e83832,A Thing Called Divine Fits,1,1
2012,25,120,d4659efb-b8eb-4f03-95e9-f69ce35967a9,David Byrne,89185cb4-4efe-4324-afcf-e8d5eb1455ce,Love This Giant,5,3
2012,26,120,71a94ed8-03cc-459a-bd35-a081ca88a402,Dirty Projectors,3ca01a97-80ee-40f5-8934-3ead90095f33,Swing Lo Magellan,2,2
2012,27,120,f6f2326f-6b25-4170-b89d-e235b25508e8,Sigur Rós,7c78acfc-3253-42b9-abdf-06085e99d71b,Valtari,9,3
2012,28,120,3feba7fa-3837-424a-b4f1-0077d217f569,Yeasayer,02870f57-f1e0-4224-b4e4-8883a41e3df8,Fragrant World,3,3
2012,29,120,f4805b9d-68f8-438e-8f13-ec7bcb4c8581,Damien Jurado,b9d4f60c-0e06-41c4-b8ef-096886de8810,Maraqopa,7,3
2012,30,120,7f426331-11c0-4c66-aec1-719abe5dd86f,Shovels & Rope,9f1aab6f-20c7-4057-835b-334d02ab4465,O’ Be Joyful,2,2
2012,31,120,918c2998-512f-4e6c-95ec-0f833c4b7e22,THEESatisfaction,cc9f6543-846c-49c9-8ef5-5043b2d22e70,awE naturalE,2,2
2012,32,120,c44e9c22-ef82-4a77-9bcd-af6c958446d6,Mumford & Sons,9bc0a481-57e5-4d16-bb9c-049a974cc2b2,Babel,1,1
2012,33,120,77c167d2-4965-4421-830a-9815e4956475,Dinosaur Jr.,727e7b83-4709-4398-a285-da71e38b74da,I Bet on Sky,5,3
2012,34,120,51c76d97-0635-433c-b26d-66beb81657f8,Lord Huron,56174f36-62c3-4c68-87d3-0052a09a7132,Lonesome Dreams,5,3
2012,35,120,c89ea689-c053-4d97-bada-8b81a6236f58,Chromatics,c2ecdec7-d970-4fbe-bb72-7edb92939fcf,Kill for Love,2,2
2012,36,120,97b20fe3-0924-4a5f-9955-d0b5c5f9587f,Santigold,0bda1b63-9601-4456-9574-5cef953dd214,Master of My Make-Believe,4,3
2012,37,120,a46c2fea-ec1d-44c1-88f1-dbc6c62a8acc,Sera Cahoone,28f87eb3-adb2-4b20-a99e-8382717c5669,Deer Creek Canyon,4,3
2012,38,120,d8915e13-d67a-4aa0-9c0b-1f126af951af,Hot Chip,f2ff04ec-0e7f-4c3c-bee4-ccb32a597f2c,In Our Heads,7,3
2012,39,120,29c91854-8c45-469b-b36d-a11fb650638b,Cloud Nothings,da10409d-6121-422d-8160-9f5e9d0942b2,Attack on Memory,2,2
2012,40,120,d7f5305a-15fc-4af4-a61b-f6f45510cc8f,Bob Mould,85efc14e-1d1d-4e00-9566-99790992fcc6,Silver Age,5,3
2012,41,120,10000730-525f-4ed5-aaa8-92888f060f5f,Bat for Lashes,d4e9731d-810d-4fc2-846b-0499445bb1f5,The Haunted Man,2,2
2012,42,120,a9ee533f-8871-4f62-a6bb-91eb264abc90,Fiona Apple,6086062c-f943-4b85-b1cb-43558425ec1c,The Idler Wheel Is Wiser Than the Driver of the Screw and Whipping Cords Will Serve You More Than Ropes Will Ever Do,2,2
2012,43,120,081b133e-ce74-42ba-92c1-c18234acb532,Andrew Bird,97fe2ba8-1c28-45ec-a8ba-38b7e4893e3d,Break It Yourself,5,3
2012,44,120,b1570544-93ab-4b2b-8398-131735394202,Crystal Castles,5f5f106a-e5d1-4cee-bc6c-8c001ed96724,(III),3,3
2012,45,120,b7834ebd-64ae-46c3-a930-2d3a52ee743a,The Walkmen,a84fb679-0ade-4117-aa1b-064f1305d339,Heaven,4,3
2012,46,120,5ab8835e-ac44-4055-9c11-7878199606b5,Best Coast,746a9d27-9578-48aa-82d9-dabe649078e0,The Only Place,5,3
2012,47,120,0a176d0a-ef46-4e7f-b018-9f4d65614668,The Avett Brothers,5f359791-cff7-4e4f-8805-0c1154ffda96,The Carpenter,4,3
2012,48,120,18a627eb-c6e8-4175-b947-9322d8deb938,Deep Sea Diver,dabf2763-9b3c-42fa-8fb8-87a738b408a5,History Speaks,4,3
2012,49,120,aea5a115-b437-4d93-aa2e-fd829b8cfd1f,Lemolo,141cc44b-4568-4362-adeb-1e1fe3fbd916,The Kaleidoscope,3,3
2012,50,120,95f7536d-b2f7-4087-8668-a663ec201f5a,Sleigh Bells,b8c24608-f36f-41cb-ba62-d2f3caf58a6b,Reign of Terror,3,3
2012,51,120,8d831383-b22b-4237-8059-12bee111e4b6,Twin Shadow,5757a671-09f5-4265-bfce-f12b317e41c5,Confess,1,1
2012,52,120,ca405011-906d-4090-992f-f230739278b1,Dum Dum Girls,1ad6e06a-09b6-4c08-9d32-4acc1e865b5c,End of Daze,3,3
2012,53,120,07b6020a-c539-4d68-aeef-f159f3befc76,Band of Horses,a23e8553-bfdd-42e7-aa7d-0a4fae1da5ea,Mirage Rock,7,3
2012,54,120,63e95d40-d8af-410d-880a-21271470000a,Firewater,ebc1ff1f-bc69-491e-9317-5555545828f8,International Orange!,2,2
2012,55,120,a181595e-5b84-4439-a5f4-f548ddfb64df,Wild Nothing,4898b725-8c73-4b04-888a-c2b9ff28d948,Nocturne,2,2
2012,56,120,4a069029-4f64-4946-b650-01aeb0b55d9d,Edward Sharpe and the Magnetic Zeros,d9f20c20-615d-4929-ad2b-dc32730c6e65,Here,1,1
2012,57,120,381086ea-f511-4aba-bdf9-71c753dc5077,Kendrick Lamar,499c19c8-0dab-4824-884b-6191d145e95b,"good kid, m.A.A.d city",7,3
2012,58,120,9df31471-e54e-43ba-bbe8-38fd94c63dbb,Shearwater,4e1de113-91cc-478a-ac6d-7d073f7c7175,Animal Joy,3,3
2012,59,120,75167b8b-44e4-407b-9d35-effe87b223cf,Neil Young,4c5857a3-d19e-4b46-bb26-c0a972e22c66,Psychedelic Pill,4,3
2012,60,120,b9a2a9a6-7a40-48a6-bcb1-8eff5b89ad5b,Nada Surf,fa5b5ddc-5079-45f1-8f52-bf9210b9c7d1,The Stars Are Indifferent to Astronomy,6,3
2012,61,120,19f40952-e3ba-44ba-87b2-218e2744fb58,Mark Lanegan Band,db54bd13-c792-403c-8b55-6dc8bceded0b,Blues Funeral,5,3
2012,62,120,0c751690-c784-4a4f-b1e4-c1de27d47581,Animal Collective,90e00c26-8d55-4378-8576-f1bd1199ce91,Centipede Hz,5,3
2012,63,120,e9aed5e5-ed35-4244-872e-194862290295,Dr. Dog,e5493f04-ecb1-4889-88e5-e7832f5d5547,Be the Void,3,3
2012,64,120,4449ccf6-c948-4d33-aa97-b6ad98ce4b5b,Metric,f61e4bc1-651a-4e35-ab10-0cccf862a7ee,Synthetica,4,3
2012,65,120,9357482a-9517-456e-b949-e7370e926034,Poliça,c463a9be-3186-40cc-8048-b4e59f6a7577,Give You the Ghost,2,2
2012,66,120,65041e06-83d2-4987-ae52-c17a915fc82a,Spiritualized,9b5bf979-122c-4b5d-b73d-4c22ff193828,Sweet Heart Sweet Light,3,3
2012,67,120,3648db01-b29d-4ab9-835c-83f6a5068fe4,Godspeed You! Black Emperor,62959180-8405-41f9-8fb8-1e18a5e8902d,’ALLELUJAH! DON’T BEND! ASCEND!,2,2
2012,68,120,753a1564-aaef-4d39-bc68-4a8d5e328cf7,Miike Snow,c3baad17-a140-4ab7-9208-32e515673a59,Happy to You,3,3
2012,69,120,5e372a49-5672-4fb8-ba14-18c90780c4f9,Calexico,9d1cc7ba-87b7-4066-99d2-115069d04ec1,Algiers,7,3
2012,70,120,a2c99f22-d4e1-44a6-b131-78cbd4524c46,The Maldives,f971b1dc-9e38-47e5-acbc-fe384fb1a63f,Muscle for the Wing,2,2
2012,71,120,9639cd52-c351-4a17-9797-58880e95a7ef,The Mountain Goats,d6a2f9ba-624c-4a75-b0c0-7bfc6be43ce3,Transcendental Youth,8,3
2012,72,120,02031e5c-f9ab-4b4e-bc08-a61ea11a455d,Benjamin Gibbard,5b2c60dd-bb27-469d-8e2d-679d6c576bde,Former Lives,1,1
2012,73,120,fc7376fe-1a6f-4414-b4a7-83f50ed59c92,Flying Lotus,eb9e0983-2478-4494-a8e2-e4117c2ba40f,Until the Quiet Comes,3,3
2012,74,120,72c536dc-7137-4477-a521-567eeb840fa8,Bob Dylan,42555dd2-d671-4c96-85c3-3939232ffc4b,Tempest,6,3
2012,75,120,1f16a425-2606-4137-a6b7-234b6dabe037,Pinback,518f7c2d-69cb-488c-802f-f0739310b93f,Information Retrieved,4,3
2012,76,120,79255a50-40df-447f-9612-2cf669080196,The Raveonettes,3b071154-309c-4e82-b272-ea9d2acc6555,Observator,4,3
2012,77,120,fe0e1895-aa84-47d9-8e5b-7930fc20709b,Dr. John,30324a02-1387-421e-a125-af698e25bc04,Locked Down,1,1
2012,78,120,194272cc-dcc8-4640-a4a6-66da7d250d5c,Osees,c0c0a337-de1f-4f55-813e-95ba09a12d9d,Putrifiers II,8,3
2012,79,120,449c400c-8312-4c1d-bed8-c8d774090759,METZ,aa735a6c-946c-4ad5-b753-8209550a145e,METZ,2,2
2012,80,120,1828f695-763c-4194-9b16-44c82bb0f9d1,Tanlines,627a483d-43d6-4ab9-af31-f5c3b9b936fd,Mixed Emotions,1,1
2012,81,120,b7539c32-53e7-4908-bda3-81449c367da6,Lana Del Rey,4b16a1bc-8644-48ae-9b3e-8ae36aa30cfc,Born to Die,6,3
2012,82,120,a1fc7a42-4a51-45aa-bdec-b83d6924724b,Beat Connection,65a9d844-70ca-434a-9a3b-87ee592e7816,The Palace Garden,2,2
2012,83,120,5aeb21a3-4606-4a0d-8369-50c768d1e99a,Stars,a54762e0-ffa2-4ab4-b2c9-93d1df911407,The North,5,3
2012,84,120,767e5e6d-919a-49b7-9087-117a35e9693a,The Young Evils,705ff46a-9c10-4985-a319-c2250d7839a8,Foreign Spells,1,1
2012,85,120,65314b12-0e08-43fa-ba33-baaa7b874c15,Leonard Cohen,0c52f3aa-0ddc-47fe-8427-9b3d07b655f6,Old Ideas,2,2
2012,86,120,7f89e20f-46f3-4571-9ae0-b29dcdb4bbe9,Moon Duo,3c3abd9f-7193-4ab4-bfcf-84983801f880,Circles,2,2
2012,87,120,97b1142f-c71e-4971-8736-4a8ceaf6b4c3,The Decemberists,41f29afe-1092-4335-bc5f-d24f8b8d5777,We All Raise Our Voices to the Air (Live Songs 04.11-08.11),10,4
2012,88,120,ff0d20a7-a69e-4207-a18f-ca808759499d,The Antlers,bd77c2c0-8493-465a-86eb-9d6c86b09391,Undersea,4,3
2012,89,120,5805761c-fa24-40e5-bb79-295a64195bf7,Yppah,caee1023-b322-498f-b7aa-3104bfca03d4,Eighty One,1,1
2012,90,120,3285dc48-9505-469d-ad8a-bdf2d3dba632,Swans,eedd18ba-2729-432a-b6ce-f520050f86c0,The Seer,2,2
2012,91,120,07a17571-81fc-4cf8-a634-98f0d926d313,Ty Segall,85e76b2c-c661-41a9-8fe4-60cb3283ec43,Twins,9,3
2012,92,120,b5bd9f88-962e-4730-84a7-795592ba42e8,Silversun Pickups,8d58419b-6bd1-4acd-93db-8c93ef2daae2,Neck of the Woods,4,3
2012,93,120,259380ed-4705-495d-9484-90ff43f8a162,Porcelain Raft,c4747bee-1c20-4ed5-ba67-c863e8d18aa2,Strange Weekend,1,1
2012,94,120,3ff72a59-f39d-411d-9f93-2d4a86413013,The Magnetic Fields,4e7061e9-9e64-4b74-bcf6-ec2b5041f7bd,Love at the Bottom of the Sea,3,3
2012,95,120,7c340ac5-6eda-4981-91d6-d5b1f4d1bbbf,Kishi Bashi,d2ea0e39-665e-40ca-9490-101ab3faeef3,151a,4,3
2012,96,120,ad386705-fb8c-40ec-94d7-e690e079e979,Menomena,13a649f0-9730-4596-a33f-3598a0277066,Moms,3,3
2012,97,120,6462c4f6-6f69-4636-a835-02eebe81c90f,Shabazz Palaces,3964fede-8d80-4e2e-9970-aee187adcbdd,Live at KEXP,6,3
2012,98,120,d38c47f6-d9bb-4a77-aaea-df53a6616a68,Titus Andronicus,6d2ed01a-9f6c-4938-b21c-8e661d9a38b1,Local Business,2,2
2012,99,120,3dee0ca7-99ae-4421-9c3b-f42d8caf4c88,Lower Dens,181c85f7-210f-4d58-9b45-0b0ddf7128f0,Nootropics,1,1
2012,100,120,57843aed-c1c1-4f45-9859-478dd999bc18,School of Seven Bells,6dba96ec-1f9a-4fec-b4d8-37a601b0137b,Ghostory,3,3
2012,101,120,d0a5d602-5172-46ed-9b4d-bae8fb8c33f9,Ty Segall Band,a1ddceee-9777-4d2f-b7c3-f867fb7f2339,Slaughterhouse,1,1
2012,102,120,4e442c83-b547-4d6e-9270-cdd35e3c3195,King Tuff,406dabc6-8cb0-4efa-9b34-b0bd85d9f21b,King Tuff,2,2
2012,103,120,70248960-cb53-4ea4-943a-edb18f7d336f,Bruce Springsteen,d875c2f0-27d5-4946-81f9-3ebaf6636ccd,Wrecking Ball,3,3
2012,104,120,c733c4e6-22a2-499d-ace7-17b832356aff,Gary Clark Jr.,6e652b2f-6f94-47ef-834a-a85d25921fce,Blak and Blu,2,2
2012,105,120,fbb375f9-48bb-4635-824e-4120273b3ba7,Regina Spektor,f889988f-8a82-4680-b055-0d070cc0dac8,What We Saw From the Cheap Seats,3,3
2012,106,120,c4ff10e0-ae5a-467d-a409-6e0b4bf241eb,Perfume Genius,9af65e2a-4c10-42a5-b9cf-d9d6cc96b5d6,Put Your Back N 2 It,5,3
2012,107,120,dc21d171-7204-4759-9fd0-77d031aeb40c,Frightened Rabbit,6f8a966a-59d5-47f9-802d-a09876755dea,State Hospital,5,3
2012,108,120,14fddbf7-9dc9-4215-ae38-dfed6f4d39ff,St. Paul De Vence,59795c7f-9765-459d-9455-725d49a013cf,St. Paul De Vence,1,1
2012,109,120,a8982cb0-7886-4e60-9f6a-3b71baa370e6,Tennis,cff2b6ba-b609-4cbc-9767-5f73c1bfd80b,Young & Old,1,1
2012,110,120,153c9281-268f-4cf3-8938-f5a4593e5df4,Soundgarden,e825adf8-14e0-4778-837f-afbc6ad60540,King Animal,1,1
2012,111,120,7601b530-d772-4dd8-b7f0-5754454a57c9,Absolute Monarchs,c8f37177-6fb4-445f-903d-8d99455bae5b,1,1,1
2012,112,120,01808d27-cc1a-4d96-94de-f3dba97d5340,Yellow Ostrich,f4cb454e-5674-4122-938a-172f3aa635a3,Strange Land,1,1
2012,113,120,655b3e5b-09e4-45dd-941c-6fa3fc12521b,M. Ward,bd9288cc-2239-4e92-8843-49d187376793,A Wasteland Companion,5,3
2012,114,120,d135874d-9cae-4fef-97e3-36acbd9f5a26,Patti Smith,bfcf3e2e-f81f-4cb5-acbc-8679a6e7c4ed,Banga,1,1
2012,115,120,9a2da736-57bd-4b0a-9d61-28712bbb7968,John Talabot,e2a2cf1f-cadd-4688-97aa-f6f5e8a7e910,ƒIN,1,1
2012,116,120,bb5edacd-c97d-42df-9174-2fa7abbf69ee,Erik Blood,f60bea4d-eed1-4004-907e-f5bdb66a153c,Touch Screens,2,2
2012,117,120,7aed304a-234f-4ae4-b5a4-d367b8090603,Reptar,b0e018b4-0dc2-4b0e-94b2-1375a8c3ac54,Body Faucet,1,1
2012,118,120,6e0d1400-a880-4b2c-8305-e9b985a4549c,Justin Townes Earle,b140a6a7-8996-41e3-80fb-e470ba973755,Nothing’s Gonna Change the Way You Feel About Me Now,1,1
2012,119,120,84c7cb93-0622-4b90-8d53-ee2b4650097f,JD McPherson,ee56b4f6-89ef-4a0d-8103-57a38656da53,Signs & Signifiers,1,1
2012,120,120,b5ff61dd-0154-4e80-b46b-c733f87db602,DIIV,94a2b79b-6d40-4bcc-af30-7e64595a913b,Oshin,4,3
2013,1,91,52074ba6-e495-4ef3-9bb4-0703888a9f68,Arcade Fire,3dc9ee80-0768-490d-9e43-534796da3076,Reflektor,5,3
2013,2,91,664c3e0e-42d8-48c1-b209-1efca19c0325,The National,a5a2875f-41cb-4c48-9a72-e845d224db96,Trouble Will Find Me,9,3
2013,3,91,af37c51c-0790-4a29-b995-456f98a6b8c9,Vampire Weekend,eb143c5a-9a85-4bce-a78c-f7faf72c0169,Modern Vampires of the City,5,3
2013,4,91,056e4f3e-d505-4dad-8ec1-d04f521cbb56,Daft Punk,aa997ea0-2936-40bd-884d-3af8a0e064dc,Random Access Memories,2,2
2013,5,91,6a93afbb-257f-4166-b389-9f2a1e5c5df8,CHVRCHES,b2cbaa83-cb77-4961-8ca3-816b24e5204f,The Bones of What You Believe,4,3
2013,6,91,739da2f1-0741-4c60-a6ed-f42d49bf2eb1,Phosphorescent,ba3647fa-e82e-4e39-811d-66307f9f2c42,Muchacho,3,3
2013,7,91,ada7a83c-e3e1-40f1-93f9-3e73dbc9298a,Arctic Monkeys,a348ba2f-f8b3-4686-b928-e63d8d94d543,AM,7,3
2013,8,91,6a65d878-fcd0-42cf-aff9-ca1d636a8bcc,Foals,fdcf14da-08bf-407a-a0af-6f9582b82131,Holy Fire,7,3
2013,9,91,e13d2935-8c42-4c0a-96d7-654062acf106,Neko Case,0af749b4-b364-494c-b517-61c369a1889b,"The Worse Things Get, the Harder I Fight, the Harder I Fight, the More I Love You",7,3
2013,10,91,3599a39e-4e10-4cb5-90d4-c8a015ebc73b,Portugal. The Man,761f98a1-92da-4b76-9af2-0322c94ab051,Evil Friends,3,3
2013,11,91,7dc8f5bd-9d0b-4087-9f73-dc164950bbd8,Queens of the Stone Age,c92f73ee-527f-42ed-a556-fd615941e214,…Like Clockwork,5,3
2013,12,91,e07a111e-4e8a-4651-a849-01ac60551ab2,Kurt Vile,e99cf897-f7f1-4210-87a7-3f74d4cf5ec6,Wakin on a Pretty Daze,6,3
2013,13,91,98cb416e-5271-484c-ab3b-6bed6b4aae12,The Head and the Heart,54cd5c7b-bb7f-46c3-881e-5f4fd04c3664,Let’s Be Still,3,3
2013,14,91,aef06569-098f-4218-a577-b413944d9493,HAIM,c2e0ff67-fb31-4443-ae0e-22ecf010463b,Days Are Gone,3,3
2013,15,91,8e494408-8620-4c6a-82c2-c2ca4a1e4f12,Lorde,8e8a1db7-1d43-44d3-9796-fd69f12730cb,Pure Heroine,2,2
2013,16,91,a1ced3e5-476c-4046-bd74-d428f419989b,Daughter,997612ed-a41b-4715-8ea4-8650e2d9468d,If You Leave,3,3
2013,17,91,5b933654-f58b-438c-8652-90567e5495a1,Jagwar Ma,b0c73910-def9-4bab-b8b5-412a24e8a3d1,Howlin,2,2
2013,18,91,1f025caf-b67f-42ab-a3bf-38cc510ed21c,Pickwick,3e8a0c50-84dd-469e-b367-3ea230742c9f,Can't Talk Medicine,3,3
2013,19,91,83b9cbe7-9857-49e2-ab8e-b57b01038103,Pearl Jam,681bb7dc-fa32-4f38-9e01-582ac8c91706,Lightning Bolt,6,3
2013,20,91,42d72c29-8a7a-4c88-89ed-a2ca25d40284,Savages,e00609ef-dc70-4226-a0bb-28b1862c4075,Silence Yourself,2,2
2013,21,91,e01755e3-58ab-4a5b-a9e9-a0a3bd3dff4c,Parquet Courts,c17055ca-cef5-4edf-bb76-fcfa4c62d53c,Light Up Gold,5,3
2013,22,91,164f0d73-1234-4e2c-8743-d77bf2191051,Ye,5d4d0f2d-9be7-4922-bc9a-cbd2880b12c2,Yeezus,6,3
2013,23,91,9e299bee-d7e2-49f3-8cd7-d6b28ab204d1,Atoms for Peace,8fce1d86-c5fb-44b7-939c-53554d5a40eb,Amok,1,1
2013,24,91,7d57bab8-3c1f-4c91-8dd2-dd51c89155a2,Volcano Choir,82686fd2-265e-4220-aac7-5c93dd395608,Repave,1,1
2013,25,91,ae65c507-d9a0-4d42-9a6c-2b1f82158b9f,Disclosure,cefd427e-185e-4a94-a6a9-a03d8a53b60a,Settle,1,1
2013,26,91,5441c29d-3602-4898-b1a1-b77fa23b8e50,David Bowie,c20be759-d767-4a7c-96c5-7a870ebc3a30,The Next Day,2,2
2013,27,91,f6f2326f-6b25-4170-b89d-e235b25508e8,Sigur Rós,9fa7397e-7212-425f-8158-87c3bfb79602,Kveikur,9,3
2013,28,91,913e6848-6865-4717-ac5e-3bd9c22826be,Foxygen,e14ac953-238c-4dda-9b80-b2e0b8397cec,We Are the 21st Century Ambassadors of Peace & Magic,2,2
2013,29,91,1bbf31dc-dbc0-4a7a-bf3f-48bc665878e1,Local Natives,bd38ca79-efb2-4f96-b68a-ef0fa09eaffd,Hummingbird,3,3
2013,30,91,74a30f2a-dae6-4e99-8a75-cb0f93b31aa6,Washed Out,0c1447ba-c34c-4824-9b1c-f56612836db6,Paracosm,4,3
2013,31,91,172e1f1a-504d-4488-b053-6344ba63e6d0,Nick Cave & the Bad Seeds,ae8faaeb-9134-400d-819b-773e20a7d4e4,Push the Sky Away,7,3
2013,32,91,8ca01f46-53ac-4af2-8516-55a909c0905e,My Bloody Valentine,46211613-b2c8-4a00-a5ac-c6a8c8226119,m b v,1,1
2013,33,91,3f542031-b054-454d-b57b-812fa2a81b11,Yo La Tengo,6d08ebb5-78ff-40d9-9ecb-37c8f06cf089,Fade,7,3
2013,34,91,ee190f6b-7d98-43ec-b924-da5f8018eca0,Janelle Monáe,c7400a4b-26cc-4720-aadc-e061b86d693a,The Electric Lady,4,3
2013,35,91,1676172f-657a-4771-96ff-4a1c2ef1997e,Lucius,5e5c8b95-d04c-432f-8cd2-c1c8d99e6e5a,Wildewoman,1,1
2013,36,91,55111838-f001-494a-a1b5-9d818db85810,Courtney Barnett,82d1fb38-4b67-425e-9cf9-274d87df034a,The Double EP: A Sea of Split Peas,5,3
2013,37,91,dc21d171-7204-4759-9fd0-77d031aeb40c,Frightened Rabbit,67336e1f-fdfc-47d2-9375-a0969fde8dfa,Pedestrian Verse,5,3
2013,38,91,8dc08b1f-e393-4f85-a5dd-300f7693a8b8,James Blake,b9a4e9ad-400c-4219-ae45-519c2d8167f7,Overgrown,6,3
2013,39,91,8d455809-96b3-4bb6-8829-ea4beb580d35,Phoenix,3dd02cec-1156-4f8f-95c6-01917bb14ea2,Bankrupt!,4,3
2013,40,91,b7ffd2af-418f-4be2-bdd1-22f8b48613da,Nine Inch Nails,5abc64d9-2699-4f26-82cb-87ed127f42eb,Hesitation Marks,3,3
2013,41,91,aa7a2827-f74b-473c-bd79-03d065835cf7,Franz Ferdinand,d6294f6e-6ec3-4e17-9381-9377598f2eb7,"Right Thoughts, Right Words, Right Action",3,3
2013,42,91,9b5ae4cc-15ae-4f0b-8a4e-8c44e42ba52a,La Luz,1db242fc-ad49-476a-8c4d-9e27f200d557,It's Alive,5,3
2013,43,91,116b79ab-b049-4299-8fd8-17ac8a18b7f3,Darkside,bbef847d-0678-4a9d-9db6-3447ac72c6a2,Psychic,1,1
2013,44,91,c48d4327-8122-4286-af66-05e1ee6ac4d8,Mazzy Star,e073708a-d2f6-412a-8d35-817be8794bed,Seasons of Your Day,1,1
2013,45,91,c309d914-93af-4b3f-8058-d79c75ea89da,Bill Callahan,da7cb5c4-b82a-4b4a-85ca-0c14d9e28623,Dream River,2,2
2013,46,91,4f416ed7-dda2-45de-a6f1-b986e861cf4b,Deerhunter,ddee6c28-e113-4437-8dcf-bb412ec5c9d4,Monomania,5,3
2013,47,91,4dbe08c1-b40a-43b3-ab89-210000bd8ab2,London Grammar,dbf36a9a-df02-41c4-8fa9-5afe599960b0,If You Wait,1,1
2013,48,91,82303420-801e-44f4-a254-07b827477701,Typhoon,b5fee1b8-9fe5-48d8-98cf-6a475a950f3d,White Lighter,1,1
2013,49,91,ce886f30-8b8f-4cc8-b854-3749291350fd,Deltron 3030,6f51ffbe-ea58-43f9-a14b-73e8574ff087,Event 2,1,1
2013,50,91,69158f97-4c07-4c4e-baf8-4e4ab1ed666e,Boards of Canada,77d7c506-8d47-4d68-9615-f25db638bbea,Tomorrow’s Harvest,3,3
2013,51,91,763cf642-45ad-42ed-a1c3-e977eaa3b260,Wavves,1ffabd1d-ec6d-4c71-8e75-ad7dacf04414,Afraid of Heights,2,2
2013,52,91,4c501a41-5f23-41c9-a36a-5b86e894e08d,Jason Isbell,47e4fe0d-8be7-4bdc-b5e7-5b0409ed6afc,Southeastern,3,3
2013,53,91,f8f15c4f-5e51-45f3-b1e1-38132b918036,Telekinesis,2abb2984-660a-4976-899a-c8d2e876da82,Dormarion,3,3
2013,54,91,9a709693-b4f8-4da9-8cc1-038c911a61be,Bonobo,6d2829f3-ced8-4f40-96de-ac30bff212f4,The North Borders,3,3
2013,55,91,fb2df245-81b0-4a2b-9d01-e0955ba68be7,Junip,ca788588-76a2-4a79-be4b-68f2550db4a2,Junip,2,2
2013,56,91,584c04d2-4acc-491b-8a0a-e63133f4bfc4,Yeah Yeah Yeahs,f044212a-c6dd-40a6-8781-31c93069aea0,Mosquito,7,3
2013,57,91,7cf0ea9d-86b9-4dad-ba9e-2355a64899ea,M.I.A.,396aae18-d484-40d3-b0b6-8be631172888,Matangi,5,3
2013,58,91,dfe78af2-779e-4137-826a-3073a16e3278,Phantogram,e91ff8c8-686a-498e-8afa-e4bb96a74469,Phantogram,6,3
2013,59,91,174744a2-8f85-4602-a0e6-5f2097c2e945,The Moondoggies,53987811-7c94-4e38-95be-936f6e44f6f8,Adiós I’m a Ghost,4,3
2013,60,91,194272cc-dcc8-4640-a4a6-66da7d250d5c,Osees,e76cc41f-a9f2-43a3-b026-b3b03e061518,Floating Coffin,8,3
2013,61,91,c3bf5aee-646e-4030-9ab4-d1fbd4947a97,The Veils,2436d3f3-68b7-4f24-a177-bee879cf4f5b,"Time Stays, We Go",2,2
2013,62,91,e2305342-0bde-4a2c-aed0-4b88694834de,Unknown Mortal Orchestra,191f7eed-1e6b-45f7-acdc-ef103cc05bfd,II,4,3
2013,63,91,c1a217e0-4b3e-46d7-9613-6a14c9e70895,Mikal Cronin,6ad3a82a-c8aa-4d82-9991-9ac26315620a,MCII,1,1
2013,64,91,14f42d15-e97b-4dd9-8996-ffc6f00b6f2b,Sean Nelson,93393f63-b568-476a-977e-3736fa863b9d,Make Good Choices,1,1
2013,65,91,9357482a-9517-456e-b949-e7370e926034,Poliça,447ffc72-8510-41f6-ba55-00fe5fda4b91,Shulamith,2,2
2013,66,91,49814f71-8fef-41ec-9af8-b6995c0bd601,The Black Angels,192b58b1-c269-4e81-86d7-ba7adc1cd027,Indigo Meadow,7,3
2013,67,91,5ab8835e-ac44-4055-9c11-7878199606b5,Best Coast,e0b9bbc2-0fa2-4a6e-8b6d-186d90f72d23,Fade Away,5,3
2013,68,91,a1e94252-6129-4747-ac5e-d9ffc5fd725e,HAERTS,cbf5670a-8d76-42bd-acbe-9abddcacb038,Hemiplegia,1,1
2013,69,91,8a338e06-d182-46f2-bd16-30a09bc840ba,Elvis Costello,cabe5850-425b-497b-8324-d1be9bcdd93b,Wise Up Ghost,2,2
2013,70,91,c3f28da8-662d-4f09-bdc7-3084bf685930,Iron & Wine,24509dc6-aa27-4f69-847b-4bffce4e95c9,Ghost on Ghost,7,3
2013,71,91,cd9713d6-6e5f-4143-9412-4d12b7bd47f2,Laura Marling,64b55e16-93e8-4afd-88fb-10c75e180a32,Once I Was an Eagle,2,2
2013,72,91,61653550-fd9b-4401-8248-44f2d064d384,Superchunk,369ca95e-6fa8-4607-b297-ae2b14c57833,I Hate Music,3,3
2013,73,91,3a6d6481-142d-423f-91d4-55bbfff318ed,Toro y Moi,5d4dfd95-8466-465a-97b3-4a44521a4c32,Anything in Return,3,3
2013,74,91,caaba574-dfbc-4681-8e56-19b5150897d2,Cut Copy,9ee24ac6-ba0e-4a40-99b7-a13b11387022,Free Your Mind,5,3
2013,75,91,8970d868-0723-483b-a75b-51088913d3d4,Moby,9650e26f-4087-43ba-802a-e077e44c8d3b,Innocents,2,2
2013,76,91,0d9905e6-add6-4713-94ca-9f686f9b5e9b,Jake Bugg,36c04a79-192d-4fea-aae4-bab099c53fc3,Jake Bugg,1,1
2013,77,91,ec091c5c-cb67-47e7-a2c9-e61ec1afc17a,The Ocean Blue,3d0841ed-8241-4a36-aac0-247a32fcc4d1,Ultramarine,1,1
2013,78,91,51f33514-92ec-470d-b373-2f05be28e1a0,Cloud Control,512d78e1-1396-491d-a561-881ddf0806f1,Dream Cave,1,1
2013,79,91,f76691fd-82e6-4eb4-b1bb-1f1745f4c7d1,MS MR,a827eecd-642b-411b-961d-f401284714d1,Secondhand Rapture,1,1
2013,80,91,4a18722d-5a98-41c8-9e86-814afbffc704,Youth Lagoon,31f95513-fa53-418d-8b45-9473735d9f64,Wondrous Bughouse,3,3
2013,81,91,4f0ca99b-0ab2-4861-b8ac-e6dadabff23e,Hey Marseilles,2004a3ec-5b1f-4050-9ee3-4ffe3c8e72c7,Lines We Trace,1,1
2013,82,91,8560d4e8-05e2-4c20-980b-ad2db445dd5d,Fitz and the Tantrums,b0011daf-1d67-4243-9632-bd46f391e971,More Than Just a Dream,2,2
2013,83,91,7754905b-8bf7-48e2-935a-03d566fec464,Moderat,885181a4-9133-485f-bfce-fddc1168a3c1,II,1,1
2013,84,91,fe756f55-e4ef-4eb0-a750-fb0ec1d872c5,Palma Violets,824e0f4b-e544-4c3d-adae-1a187850038a,180,1,1
2013,85,91,1f43d76f-8edf-44f6-aaf1-b65f05ad9402,The Flaming Lips,89047ee3-12ab-43a9-9973-43631d2ec715,The Terror,5,3
2013,86,91,072d4c31-8fd7-4073-9efc-7e192b517906,The Joy Formidable,d38f344d-84ec-4419-a16c-ec39fee489a9,Wolf’s Law,2,2
2013,87,91,3754dc74-381e-4237-bd44-65f5600a4d88,Wooden Shjips,c888a602-c63c-44d0-989e-260fe428e57f,Back to Land,1,1
2013,88,91,e1194e66-e4f0-4351-9d26-ac95df530d0c,Los Campesinos!,6cf249ab-39fc-4d8f-a4d2-e70e39f7fa52,No Blues,2,2
2013,89,91,aa914efa-d6cb-4816-906f-8edafb08418e,Rhye,192ce1c3-c790-4019-a1f9-4006d296ea53,Woman,1,1
2013,90,91,69e2d47d-b16e-4a20-b954-921ec13e92c8,Shelby Earl,690449ed-5449-4ac0-b155-075d6bd84aae,Swift Arrows,2,2
2013,91,91,bc07a2b3-807a-4dda-9c19-003553f18f45,The Cave Singers,2b9fa359-10db-4353-a0ca-bb6649b7d47a,Naomi,5,3
2014,1,91,87b9b3b8-ab93-426c-a200-4012d667a626,The War on Drugs,943b191f-616f-4091-8516-0979987b5eef,Lost in the Dream,4,3
2014,2,91,fc7bbf00-fbaa-4736-986b-b3ac0266ca9b,alt‐J,23f52d25-a4bd-4b1f-9d7e-62dd47cdf375,This Is All Yours,5,3
2014,3,91,84eac621-1c5a-49a1-9500-555099c6e184,Spoon,d7399b17-2f4a-4a2a-84cc-24c592e22928,They Want My Soul,8,3
2014,4,91,309c62ba-7a22-4277-9f67-4a162526d18a,Beck,bc4e1c5e-1fea-468d-b0ac-78b1c7f415f4,Morning Phase,7,3
2014,5,91,373faa02-74d7-4b1d-9b47-7574ad510f8d,First Aid Kit,5fcf275b-ddae-479d-90a0-80f521404de8,Stay Gold,4,3
2014,6,91,dfe78af2-779e-4137-826a-3073a16e3278,Phantogram,900eb40b-1435-4da4-b559-e9bd5f521325,Voices,6,3
2014,7,91,5334edc0-5faf-4ca5-b1df-000de3e1f752,St. Vincent,37889165-4443-4248-abd0-3c1703d9c02a,St. Vincent,8,3
2014,8,91,07a17571-81fc-4cf8-a634-98f0d926d313,Ty Segall,955fba0f-6aab-407a-b6cf-cce8b4f79717,Manipulator,9,3
2014,9,91,eb872766-98f6-453d-883f-2ae908a18315,TV on the Radio,dfd3e397-a8a9-4f71-a091-c9beb0df06e3,Seeds,5,3
2014,10,91,74963434-dcb6-4b14-98cc-99873b06db66,Future Islands,82b000c5-b4ca-4c6d-8ea1-68622dda00c8,Singles,4,3
2014,11,91,3ae2fb37-8a23-429d-9920-bac811c4fc22,Jack White,67e28d5b-f68e-4349-8e43-76189c90be65,Lazaretto,5,3
2014,12,91,25b75a66-ce83-4db3-b136-395a3c3784c4,The New Pornographers,fb7fd3c9-dc34-409b-a3c4-649bac22f484,Brill Bruisers,8,3
2014,13,91,0efbd9d6-4c5b-48e5-b7ff-d61e0969893a,Strand of Oaks,8adffcd7-f901-4dc7-83f0-db10dab11e67,Heal,3,3
2014,14,91,735e3514-a8ae-401f-af3b-6300df1b8d2c,Caribou,f90aafb2-e44b-452e-b0a1-69030fddae6b,Our Love,5,3
2014,15,91,e01755e3-58ab-4a5b-a9e9-a0a3bd3dff4c,Parquet Courts,f0007c04-71dd-4e8a-824e-246c34da99b7,Sunbathing Animal,5,3
2014,16,91,f2492c31-54a8-4347-a1fc-f81f72873bbf,Mac DeMarco,99c195d6-0247-48d0-83ab-640ecca7a74f,Salad Days,5,3
2014,17,91,5a2e9cd3-010a-4aae-9f83-629253284202,Sharon Van Etten,60cbb40c-1db0-4e5b-81a7-b693a67dff0a,Are We There,6,3
2014,18,91,2ff0dfc6-0542-4bbc-a44a-60605c074ba6,Real Estate,5a2e6e14-5e99-4711-828d-1bf2e6f558ac,Atlas,2,2
2014,19,91,a80c5dc5-b12e-4667-9f5a-b568961f3839,Run the Jewels,581d7ac8-8f1d-4d4a-a224-de9c9cd76b39,Run the Jewels 2,3,3
2014,20,91,1916fc94-bf9c-4ba2-90b0-22ebb5444d57,Temples,02057791-c023-45a1-8551-0eb3a7c86329,Sun Structures,1,1
2014,21,91,c4ff10e0-ae5a-467d-a409-6e0b4bf241eb,Perfume Genius,f2e8cd6c-e083-47ef-87cf-2e6dc8575970,Too Bright,5,3
2014,22,91,1e4e9db7-5068-4a9c-bdd0-5777e47172c8,FKA twigs,c390b47b-71c0-461d-b563-e5344b4f84e5,LP1,5,3
2014,23,91,185527bf-c293-4c24-8213-ed98fb8976be,Angel Olsen,8cb480c5-404f-4f65-ad88-ba77e19ef33c,Burn Your Fire for No Witness,6,3
2014,24,91,3cb3928a-526c-4a3d-93c5-53315fa9bde0,Elbow,c1c00088-2faa-4d5e-b18e-8d83a01ed9a1,The Take Off and Landing of Everything,6,3
2014,25,91,f4805b9d-68f8-438e-8f13-ec7bcb4c8581,Damien Jurado,bedccc9c-9b65-4162-bcc5-ef0fc5caf26a,Brothers and Sisters of the Eternal Son,7,3
2014,26,91,29c91854-8c45-469b-b36d-a11fb650638b,Cloud Nothings,f8255f7a-5669-4f1d-92e8-7188fa284017,Here and Nowhere Else,2,2
2014,27,91,d15721d8-56b4-453d-b506-fc915b14cba2,The Black Keys,d0f34ec7-9608-4302-98c5-8dbda869857b,Turn Blue,9,3
2014,28,91,cc7d4686-ea02-45fd-956e-94c1a322558c,Lykke Li,7da37728-51d1-4210-8f89-3170a27ea778,I Never Learn,3,3
2014,29,91,2e222fce-02ae-4221-b1c6-3c3242b423b6,ODESZA,a7fcb5d4-4ae6-4a29-9e0f-2a7c678357d1,In Return,3,3
2014,30,91,c4593b34-2a94-4e44-ae10-4a0f4c0b4da8,Sylvan Esso,3e5de694-4b69-4ad8-ad2d-81da48e0e812,Sylvan Esso,4,3
2014,31,91,ef2c6449-d02b-415b-ad8c-c14c08266552,Sun Kil Moon,9e14617c-3842-4d5f-bef4-16b38f2c9f4e,Benji,3,3
2014,32,91,62d364d2-550b-420e-b918-b3bd1e4a2efc,Broken Bells,0267ecaf-1fbc-4e0e-bc07-86520172b269,After the Disco,2,2
2014,33,91,fc7376fe-1a6f-4414-b4a7-83f50ed59c92,Flying Lotus,a1d4a471-bae9-4d0c-82d5-751ce37a5793,You’re Dead!,3,3
2014,34,91,cf82a38f-9413-4333-bacb-ca5b6db95794,Warpaint,9f27554a-6909-447e-b6b3-0ceea099f03c,Warpaint,3,3
2014,35,91,9ad6d1e3-427f-4921-b603-7e9eda94a061,Jenny Lewis,b374bf1f-82f7-433a-92eb-68193de2ef2e,The Voyager,5,3
2014,36,91,f22942a1-6f70-4f48-866e-238cb2308fbd,Aphex Twin,11a7c281-a260-4f77-a1d5-1ff2d4c917eb,Syro,2,2
2014,37,91,0ae49abe-d6af-44fa-8ab0-b9ace5690e6f,Bombay Bicycle Club,246454ff-c890-4f7e-9191-754085939b85,"So Long, See You Tomorrow",3,3
2014,38,91,2feb192c-2363-46d6-b476-1c88a25cb294,The Afghan Whigs,50b91b0a-bd73-4321-b821-d3507d15d757,Do to the Beast,3,3
2014,39,91,2f64e1fd-44b3-44f1-a586-b9916966b39f,Ex Hex,51d80e4c-97f7-4f16-ad7f-4c72b3168159,Rips,1,1
2014,40,91,fac3ff34-6ba4-425a-8f01-b181ef4a908a,tUnE-yArDs,95610184-0523-4fa5-92b9-3cb12425062a,Nikki Nack,5,3
2014,41,91,6462c4f6-6f69-4636-a835-02eebe81c90f,Shabazz Palaces,cbd2cc23-45c4-41f1-9987-b12ffc0afd6d,Lese Majesty,6,3
2014,42,91,d7f5305a-15fc-4af4-a61b-f6f45510cc8f,Bob Mould,39730553-5052-4466-8c57-98a0064082b8,Beauty & Ruin,5,3
2014,43,91,c80f38a6-9980-485d-997c-5c1a9cbd0d64,Ryan Adams,939ca88a-0764-4959-ba1a-f18e4e5ef0a7,Ryan Adams,8,3
2014,44,91,f6e61750-a6b7-4d88-979b-052345cd0e4a,Sturgill Simpson,32984f66-0224-4ab3-bd77-9f6bc3dfd33f,Metamodern Sounds in Country Music,5,3
2014,45,91,b23e8a63-8f47-4882-b55b-df2c92ef400e,Interpol,dc8af9bd-9e9a-4a01-a73e-c19ae6af46e9,El Pintor,6,3
2014,46,91,8ed2e0b3-aa4c-4e13-bec3-dc7393ed4d6b,Thom Yorke,e8edab9d-9e02-4338-be4e-7579d7214142,Tomorrow’s Modern Boxes,4,3
2014,47,91,7f426331-11c0-4c66-aec1-719abe5dd86f,Shovels & Rope,e4e10f60-a9bb-4fc5-ba4a-b3759810b8c0,Swimmin’ Time,2,2
2014,48,91,994c6d08-08f2-47f1-81bd-b26bfb597cbc,Augustines,1ae3e3e1-c62c-4e69-af3d-75e64075b60f,Augustines,3,3
2014,49,91,6bbb3983-ce8a-4971-96e0-7cae73268fc4,Jungle,3c5834e7-75c5-46e6-be32-71e4909023f8,Jungle,4,3
2014,50,91,4e442c83-b547-4d6e-9270-cdd35e3c3195,King Tuff,5693aba5-d4a0-44e9-92a6-42c2ab064e57,Black Moon Spell,2,2
2014,51,91,51b13502-903f-4c6c-b0a2-9cccfbfea9b1,Benjamin Booker,a7c6209b-347f-4a11-8a68-eab9e9986e3c,Benjamin Booker,1,1
2014,52,91,b0635f14-7d93-4276-8943-6bc251aea033,Tacocat,75b639bc-fb8a-4000-9438-6a6ee28a7f00,NVM,3,3
2014,53,91,cbef45a9-7acb-4325-94c9-70081ac8d1b8,Tycho,b4eab0c5-3d27-411f-b2b7-a03a30ced66b,Awake,1,1
2014,54,91,99450990-b24e-4132-bb68-235f8c3e2564,Alvvays,6e53a449-47b8-46e9-be4d-d818d3d64d70,Alvvays,3,3
2014,55,91,82315599-2215-4c3e-a36f-87be58d06ec0,J Mascis,abf7004a-7055-425f-96c6-fc6e68b06be0,Tied to a Star,1,1
2014,56,91,b7539c32-53e7-4908-bda3-81449c367da6,Lana Del Rey,9d9b3ac3-e630-4644-92c7-fb14d4d68d86,Ultraviolence,6,3
2014,57,91,3285dc48-9505-469d-ad8a-bdf2d3dba632,Swans,d2df1a2d-4da1-40a3-a825-5674ce117579,To Be Kind,2,2
2014,58,91,00467da8-2a92-498f-8b10-a80889bcded7,The Horrors,b56b6491-470a-43d7-aa21-c163a6525477,Luminous,4,3
2014,59,91,ff0d20a7-a69e-4207-a18f-ca808759499d,The Antlers,b0e03a04-2872-474c-9c32-338a8b56c884,Familiars,4,3
2014,60,91,0eee89dc-7d86-4a15-97be-011652c49288,Conor Oberst,c0eca407-b41b-49b3-9277-66570058f646,Upside Down Mountain,3,3
2014,61,91,79255a50-40df-447f-9612-2cf669080196,The Raveonettes,6ae6138d-a084-4d28-814a-ea0f48fe0589,Peʻahi,4,3
2014,62,91,3e0e78e8-cf0c-46e3-84fe-555a3e8ad4d4,Cymbals Eat Guitars,0f8a2660-78ec-4863-add5-9cf5ad0b14e4,LOSE,2,2
2014,63,91,24ca022c-653e-4379-812a-71f729b900ef,Shakey Graves,af427ad7-8406-4d96-86cf-888674911b39,And the War Came,1,1
2014,64,91,a21b2652-62ed-4767-a3d2-0aa802abf080,Chet Faker,9cd04db2-29c7-4eda-b2aa-db5c5b1a1974,Built on Glass,1,1
2014,65,91,7d7a5fdd-0d04-4c36-8bee-906feeae239c,Damon Albarn,13060e0f-48d5-4fdf-87be-e53b22dd66d8,Everyday Robots,1,1
2014,66,91,8ba48525-d922-42ee-9775-97b7b8f9712e,Thurston Moore,2556a631-5362-42a2-9349-2c9f559f86f3,The Best Day,1,1
2014,67,91,913e6848-6865-4717-ac5e-3bd9c22826be,Foxygen,38656bc8-4ba1-43e2-8324-1b2c8243dc77,... And Star Power,2,2
2014,68,91,b5c4ffa2-82e1-4b72-b7f3-c60afb74b860,Ray LaMontagne,2469f70b-46fa-438b-ba1a-d3d492064d8b,Supernova,2,2
2014,69,91,16dccbd2-f30b-49a1-bad7-6faae7d0f5f8,Tweedy,3b2c63de-1972-47c7-9ddd-a16509c91c33,Sukierae,1,1
2014,70,91,8504179e-2801-47d0-9953-b769d4f36243,S,0e548a6b-68ef-41c6-891b-08a8dc87ccdd,Cool Choices,1,1
2014,71,91,db4295e7-06e1-433c-93cb-2f2a86a7ea3a,Wussy,26421c87-4085-4321-bcd6-411fb72db0d2,Attica!,1,1
2014,72,91,ca405011-906d-4090-992f-f230739278b1,Dum Dum Girls,bd4128af-22b1-4ba2-b3d0-b5b7b27852ff,Too True,3,3
2014,73,91,20395131-fbde-43ce-b141-b700cfdae99c,Glass Animals,75f62ce7-2b19-4e54-8e53-c043eb847650,ZABA,3,3
2014,74,91,7c340ac5-6eda-4981-91d6-d5b1f4d1bbbf,Kishi Bashi,425330b2-2c18-4197-b3a8-a382fb6e8cf2,Lighght,4,3
2014,75,91,c8a9ae11-63bf-409b-8bf3-a96b3712a2ff,Little Dragon,ef2ff639-244d-4ae7-9e53-9cc3fd64a9aa,Nabuma Rubberband,3,3
2014,76,91,19f40952-e3ba-44ba-87b2-218e2744fb58,Mark Lanegan Band,1c23153e-21cc-43c2-a504-8a536c78cd71,Phantom Radio,5,3
2014,77,91,cfd1fdcc-3c1d-4854-a500-31d96a6d5184,Allah-Las,d2f19f34-8430-486d-8ffc-91c0325238cf,Worship the Sun,1,1
2014,78,91,8e4a41a5-6ec6-4042-b064-acd1cb51cf1b,Broncho,b3f6dc78-c2be-425b-b044-59d459ce2cd1,Just Enough Hip to Be Woman,1,1
2014,79,91,3c8ff4c9-b5b9-4e78-ad9d-5157c323de24,Wye Oak,9671bae9-68e1-4e63-9efd-736d69bf319d,Shriek,3,3
2014,80,91,a0cded3a-4ca3-4ddb-8e46-ed9037f30aea,Todd Terje,10fb8690-04c8-44d7-b36c-74ac61c56c5a,It’s Album Time,1,1
2014,81,91,11375302-8f1d-421c-ad0d-172c9d815631,The Orwells,de1b31a0-fa30-432c-9ece-a10f0f3f46c8,Disgraceland,1,1
2014,82,91,42a1253e-0efc-45e8-b627-ff802fb9e9ee,Woods,1317ef6e-b517-4b25-9117-b4999b1d6eed,With Light and With Love,1,1
2014,83,91,2cc71cd1-6f49-4fe4-ac0b-36ff6aee172d,Kurt Vile & the Violators,3ef7b225-aba8-417c-94fc-39d87d7cd8a5,It’s a Big World Out There (and I Am Scared),1,1
2014,84,91,e8c28ca7-c14d-4dff-86d6-06bfac138422,The Barr Brothers,0cc75875-e9da-4045-8fd2-004f33941d85,Sleeping Operator,1,1
2014,85,91,d700b3f5-45af-4d02-95ed-57d301bda93e,Mogwai,29d4bd45-d99e-4f38-bf87-971f102b04ed,Rave Tapes,6,3
2014,86,91,4486702e-7b26-43fd-babc-c0df7be0e1d9,St. Paul & The Broken Bones,48c920e8-64e0-42db-8027-b654eba7f504,Half the City,2,2
2014,87,91,07b6020a-c539-4d68-aeef-f159f3befc76,Band of Horses,6cc9d464-6a5b-4f16-af3e-5c8f642a4c59,Acoustic at the Ryman,7,3
2014,88,91,b6fa9b9b-41cf-45a6-adc0-0a4c9a8c0d3c,The Budos Band,6991d1c1-e79e-4aef-9904-1d9404944b97,Burnt Offering,3,3
2014,89,91,5504a16a-5106-442f-8082-06ef87d3bdfb,Israel Nash,7c95f312-d546-4db4-9bf2-3f1ae5df6a4c,Israel Nash's Rain Plans,1,1
2014,90,91,194272cc-dcc8-4640-a4a6-66da7d250d5c,Osees,06a3c366-2846-4b0c-bfbf-a6f3baf5301d,Drop,8,3
2014,91,91,4993d5ba-46c9-4f32-a570-3ca6f64c9937,Katie Kate,d5679c71-1ab3-479e-998c-f35315b0e3b5,Nation,1,1
2015,1,91,55111838-f001-494a-a1b5-9d818db85810,Courtney Barnett,136815ec-7b75-4477-9f35-8e6adb926700,"Sometimes I Sit and Think, and Sometimes I Just Sit",5,3
2015,2,91,63aa26c3-d59b-4da4-84ac-716b54f1ef4d,Tame Impala,08aa7a6c-3e43-4459-87b2-e47faf3a088a,Currents,5,3
2015,3,91,e07a111e-4e8a-4651-a849-01ac60551ab2,Kurt Vile,62917949-8997-409b-94fb-af8a41ff3c52,b’lieve i’m goin down…,6,3
2015,4,91,172053e5-a7fb-4548-a64d-c53858b5e775,Father John Misty,87c49a7f-04e5-4fe4-b904-86db4388d311,"I Love You, Honeybear",5,3
2015,5,91,40419b33-18e9-4d5a-a674-30b4bb14bac2,Alabama Shakes,8898b8fb-057f-4887-8c69-7f3632529d87,Sound & Color,2,2
2015,6,91,01d3c51b-9b98-418a-8d8e-37f6fab59d8c,Sufjan Stevens,21666540-83c8-4c54-9be1-0363a0848f33,Carrie & Lowell,9,3
2015,7,91,e36e78eb-3ace-4acd-882c-16789e700ab7,Sleater‐Kinney,aeacebc7-34fc-44ff-bde9-779e6fde7ade,No Cities to Love,6,3
2015,8,91,381086ea-f511-4aba-bdf9-71c753dc5077,Kendrick Lamar,d9103c72-3807-4378-9ce7-b6f3e8fdd547,To Pimp a Butterfly,7,3
2015,9,91,d1515727-4a93-4c0d-88cb-d7a9fce01879,Jamie xx,a903a977-5932-4cc2-a064-57a596658b3d,In Colour,2,2
2015,10,91,6a65d878-fcd0-42cf-aff9-ca1d636a8bcc,Foals,008b9a80-7d2a-497c-8c47-436d86f60dbc,What Went Down,7,3
2015,11,91,d5cc67b8-1cc4-453b-96e8-44487acdebea,Beach House,da216e7b-9ce3-4347-8f59-bc758dca2da1,Depression Cherry,8,3
2015,12,91,3547f34a-db02-4ab7-b4a0-380e1ef951a9,Wolf Alice,e1085098-3b62-430f-b6c3-7a23eb6fecf3,My Love Is Cool,4,3
2015,13,91,4f416ed7-dda2-45de-a6f1-b986e861cf4b,Deerhunter,d9ea57c7-5582-4159-a901-d058b3468586,Fading Frontier,5,3
2015,14,91,7e5a2a59-6d9f-4a17-b7c2-e1eedb7bd222,Grimes,cac0be2c-509f-40a9-b1ac-a70aa2243a54,Art Angels,3,3
2015,15,91,9e53f84d-ef44-4c16-9677-5fd4d78cbd7d,Wilco,c4391e76-d64b-4cf8-8a6f-77874438430c,Star Wars,11,4
2015,16,91,3ac482b8-1494-4071-a0e9-f192f9d2c2b0,Built to Spill,c3e447bd-bbc7-437d-a50e-26330fd5e13b,Untethered Moon,5,3
2015,17,91,4137509d-f47e-4c4c-a9b1-bf50ff00a403,EL VY,e16850ac-c418-4449-a11b-3a23c0298884,Return to the Moon,1,1
2015,18,91,6a93afbb-257f-4166-b389-9f2a1e5c5df8,CHVRCHES,27bd2649-1d51-4bf6-8cc8-b598012ee3d6,Every Open Eye,4,3
2015,19,91,f5c04c3e-2e77-4de1-9587-a544fc08f903,Grace Love,13959c0f-7f5f-4048-a6c5-4b56d587bf8c,Grace Love & The True Loves,1,1
2015,20,91,1946a82a-f927-40c2-8235-38d64f50d043,The Chemical Brothers,c151db01-86d7-4190-8ee0-709dbc7d2f51,Born in the Echoes,3,3
2015,21,91,0af78501-5647-4c18-9a0d-66ac8789e13b,Beirut,9ad32d81-1c6a-4fde-bbee-7776718f1c7b,No No No,6,3
2015,22,91,51c76d97-0635-433c-b26d-66beb81657f8,Lord Huron,7c4e9b88-1f66-4805-bf75-0300d2d3549d,Strange Trails,5,3
2015,23,91,f1106b17-dcbb-45f6-b938-199ccfab50cc,New Order,2fb3c3dc-c8d1-43fe-96df-52748520c649,Music Complete,2,2
2015,24,91,e5c7b94f-e264-473c-bb0f-37c85d4d5c70,Belle and Sebastian,d1a068a9-d112-4e6d-b058-ee7a72d01d6b,Girls in Peacetime Want to Dance,4,3
2015,25,91,9b5ae4cc-15ae-4f0b-8a4e-8c44e42ba52a,La Luz,d909d6f4-5c0d-4194-ac86-f7449244c3e1,Weirdo Shrine,5,3
2015,26,91,ba853904-ae25-4ebb-89d6-c44cfbd71bd2,Blur,f8a42780-5eb1-43be-9a3f-4d3b80184300,The Magic Whip,3,3
2015,27,91,69d9dfd7-19b7-4a75-8a53-9f733fb5d774,Leon Bridges,3ca2053b-ab96-4092-9505-57098577561c,Coming Home,4,3
2015,28,91,5ab8835e-ac44-4055-9c11-7878199606b5,Best Coast,aa5a03d2-aa5c-4f0c-829a-73e5ec5b5ab2,California Nights,5,3
2015,29,91,87c5dedd-371d-4a53-9f7f-80522fb7f3cb,Björk,73efadfc-07db-42bd-81ab-7a35a2601990,Vulnicura,6,3
2015,30,91,944267d5-c0f0-4f4e-b3f2-7987d25d0441,Chastity Belt,7aa62c0f-a19d-4987-a776-e890936fb41e,Time to Go Home,3,3
2015,31,91,a96ac800-bfcb-412a-8a63-0a98df600700,Modest Mouse,c1163e02-afd5-4455-9179-5161c6d2b125,Strangers to Ourselves,5,3
2015,32,91,97b1142f-c71e-4971-8736-4a8ceaf6b4c3,The Decemberists,da2579b5-35ad-43b7-8f88-c53a7e1a1a30,"What a Terrible World, What a Beautiful World",10,4
2015,33,91,e2305342-0bde-4a2c-aed0-4b88694834de,Unknown Mortal Orchestra,92bb3a03-b694-43b2-95b4-7c6e61aab422,Multi-Love,4,3
2015,34,91,c80f38a6-9980-485d-997c-5c1a9cbd0d64,Ryan Adams,e73523f8-490b-4a08-a528-e16b3c3ea4af,1989,8,3
2015,35,91,0039c7ae-e1a7-4a7d-9b49-0cbc716821a6,Death Cab for Cutie,c6910f50-32d6-4ccf-b403-e7d2dc318884,Kintsugi,9,3
2015,36,91,0fabbc1d-8d94-4a61-bd1d-1099ad1e4559,Car Seat Headrest,36636846-8cbd-40a8-8d64-0b44b7246937,Teens of Style,5,3
2015,37,91,ea5883b7-68ce-48b3-b115-61746ea53b8c,My Morning Jacket,c1adab00-5213-44e5-808e-3a649ee73e9b,The Waterfall,9,3
2015,38,91,9ee1988d-66ec-4c29-98d6-876a45e0fcbd,Preoccupations,36540386-77cf-4ce4-bb28-ec81bdbe5bbf,Viet Cong,1,1
2015,39,91,42faad37-8aaa-42e4-a300-5a7dae79ed24,Low,1e9dd0d9-59dc-4356-88db-a5353d0a17bc,Ones and Sixes,6,3
2015,40,91,d5cc67b8-1cc4-453b-96e8-44487acdebea,Beach House,bd8a8cb9-60f4-4732-a852-d0203ce8b8b9,Thank Your Lucky Stars,8,3
2015,41,91,b6ab8d01-0cb3-4515-bc05-d928397e7429,The Helio Sequence,1e9eac88-09c9-4b51-bf4b-ead831b17d96,The Helio Sequence,5,3
2015,42,91,5fee3020-513b-48c2-b1f7-4681b01db0c6,Florence + the Machine,6ea55fd7-547f-4fc2-92b7-c7ce70c5b61b,"How Big, How Blue, How Beautiful",6,3
2015,43,91,d8915e13-d67a-4aa0-9c0b-1f126af951af,Hot Chip,1ad35533-3614-408b-9d4b-4a3cc466e809,Why Make Sense?,7,3
2015,44,91,a039f1f1-e664-4aee-a917-426514734aa0,Ought,ffa2d4a1-cd45-438a-be58-97c428d40844,Sun Coming Down,1,1
2015,45,91,f8f15c4f-5e51-45f3-b1e1-38132b918036,Telekinesis,39cbdcbd-618b-4b28-8a8f-f8e0e00fea78,Ad infinitum,3,3
2015,46,91,f2492c31-54a8-4347-a1fc-f81f72873bbf,Mac DeMarco,a3ff689c-aa04-4771-adcb-1e32a3c8197c,Another One,5,3
2015,47,91,194272cc-dcc8-4640-a4a6-66da7d250d5c,Osees,8362fa75-91f7-4336-a437-ffc549bbd3d6,Mutilator Defeated at Last,8,3
2015,48,91,fdb53441-e5e6-4657-9aad-8dab672e1cdc,Purity Ring,a2feaa87-54bf-4afd-92dc-9a07a96a01e6,another eternity,2,2
2015,49,91,cd8c5019-5d75-4d5c-bc28-e1e26a7dd5c8,José González,1fadfd22-08be-4cf9-b677-2089abdc0569,Vestiges & Claws,3,3
2015,50,91,42321e24-42b6-4f08-b0d9-8325ee887a20,Waxahatchee,c9451ee2-5f34-4c14-88d1-b928eb92122a,Ivy Tripp,4,3
2015,51,91,4c501a41-5f23-41c9-a36a-5b86e894e08d,Jason Isbell,4b2e014f-3784-4f9e-983c-c4e910a19b85,Something More Than Free,3,3
2015,52,91,9e103f85-7af7-41d7-b83b-49ba8f0c5abf,Of Monsters and Men,2e1e605d-5090-420d-beae-e7ff73791082,Beneath the Skin,2,2
2015,53,91,9f9f48f2-47c5-4c57-afce-12d7f22df0a5,CHILDBIRTH,7ed94856-2110-4844-aa3f-fc82e652d44a,Women’s Rights,1,1
2015,54,91,de11b037-d880-40e0-8901-0397c768c457,Eagles of Death Metal,6a5fb7f7-35a6-4124-b3db-e88ebbddbae2,Zipper Down,1,1
2015,55,91,16346cf4-4d2b-40ec-8393-0fc7296d92fe,The Sonics,8b63ca7e-2611-4945-8f06-d1a2c05926d0,This Is the Sonics,1,1
2015,56,91,a4b4762e-2f1a-4bb8-8f2b-72388da8ab72,The Arcs,c2acf959-928c-4a60-9f39-9ade28fbe74e,"Yours, Dreamily,",1,1
2015,57,91,1bddbc20-a142-497b-8768-8ced01d46fb4,Colleen Green,c218ffd1-ba65-4a5d-84bc-79cf483bcbfb,I Want to Grow Up,1,1
2015,58,91,baf05baf-69fb-47dd-93c2-033536b8c385,Brandi Carlile,a6b5eec8-ab1b-45b2-9dd3-92e562677fee,The Firewatcher’s Daughter,4,3
2015,59,91,61604b45-8a91-4e33-a1b6-45d7b1fec4e5,Destroyer,a5042564-986f-49a7-80da-3cde1c4cdc5b,Poison Season,4,3
2015,60,91,7e35659f-f3bb-4c28-bcf5-47bd5cfa2bca,The Tallest Man on Earth,322613ff-430f-4b11-ae69-1634d2f494eb,Dark Bird Is Home,3,3
2015,61,91,f467181e-d5e0-4285-b47e-e853dcc89ee7,Ratatat,a388e804-eb23-40c8-ba19-3adb1fa3f81b,Magnifique,3,3
2015,62,91,fd3c3f9f-a471-498e-ab3a-940ac20b6bbd,Panda Bear,4a22fe4b-c575-4bb3-829c-c9dab7fe3407,Panda Bear Meets the Grim Reaper,3,3
2015,63,91,5a2e9cd3-010a-4aae-9f83-629253284202,Sharon Van Etten,0887c95d-fdc1-4b74-90e3-372748dcd64e,I Don’t Want to Let You Down EP,6,3
2015,64,91,e8238c02-1cf0-4a51-bfd0-cee93904d351,Neon Indian,d63ff5b2-d439-4868-8d13-fdfea1694e40,VEGA INTL. Night School,2,2
2015,65,91,334bd887-9044-4c38-aebd-4baab851efb4,The Dead Weather,b5c0b1c7-6303-4351-8632-1b653203f032,Dodge and Burn,2,2
2015,66,91,1e4e9db7-5068-4a9c-bdd0-5777e47172c8,FKA twigs,cca4a28b-ddd1-43fb-a992-e12eff216704,M3LL155X,5,3
2015,67,91,449c400c-8312-4c1d-bed8-c8d774090759,METZ,012b0b15-f0a1-4676-9571-227961f03cfb,II,2,2
2015,68,91,8dd73d1a-0424-4581-af8c-ade3edb44c5a,Dan Deacon,826bb96f-2ef5-4477-9f92-dbb6d75a6f2c,Gliss Riffer,1,1
2015,69,91,9639cd52-c351-4a17-9797-58880e95a7ef,The Mountain Goats,b745f2d5-e41c-415c-bc4e-ce0fbb262dc1,Beat the Champ,8,3
2015,70,91,cb69e1f1-bc76-4df5-93c9-cf97dd8a3b5c,Joanna Newsom,099da227-07ea-42fd-b46e-9e1938fe18d3,Divers,3,3
2015,71,91,f8686edb-1a4e-43f9-aed6-901660b84ef1,Big Grams,4a22af00-e360-49fc-8215-0da0505efa4c,Big Grams,1,1
2015,72,91,3f542031-b054-454d-b57b-812fa2a81b11,Yo La Tengo,6dd1629c-075b-4892-993d-a3d649808c4a,Stuff Like That There,7,3
2015,73,91,6910222b-74c2-48fc-8c13-a6b88cc28fc0,FIDLAR,bd07a7b3-eec5-4a3e-b67d-3919b648f078,Too,1,1
2015,74,91,1625819f-79d7-4787-b2fb-0e0c260bac85,Fuzz,7bf1442b-2723-4f0f-845c-46ef4eff5daf,II,1,1
2015,75,91,45610c1f-41a4-44f1-9da6-227510073ffc,Julia Holter,3cdb557c-f143-4db9-a49a-a8781a26a247,Have You in My Wilderness,1,1
2015,76,91,9efaf639-6332-44b8-94ae-c25896320ca7,Protomartyr,861952e7-2c3d-42be-ae07-ee5a71e4fa0f,The Agent Intellect,2,2
2015,77,91,a1fc7a42-4a51-45aa-bdec-b83d6924724b,Beat Connection,e626eb74-937b-4d2f-9992-7fc5ebd5f233,Product 3,2,2
2015,78,91,4fbf1a3d-a649-4f8e-9ddf-347f6ba2d307,Speedy Ortiz,466ee5b6-6bf0-4447-875e-cdbe352ac0e4,Foil Deer,1,1
2015,79,91,918c2998-512f-4e6c-95ec-0f833c4b7e22,THEESatisfaction,db437276-6ad3-45ac-9b62-6df65b319530,EarthEE,2,2
2015,80,91,9b422c81-017c-4f8f-a7a9-ba6229c29343,TORRES,16ec32d0-c791-44c2-85bc-ae0bd9c3220f,Sprinter,2,2
2015,81,91,5e372a49-5672-4fb8-ba14-18c90780c4f9,Calexico,ce81622a-5696-4042-945a-1367848ca34a,Edge of the Sun,7,3
2015,82,91,4bfce038-b1a0-4bc4-abe1-b679ab900f03,Django Django,1afe597a-480e-43e1-b4a8-567d4db60bdb,Born Under Saturn,2,2
2015,83,91,c733c4e6-22a2-499d-ace7-17b832356aff,Gary Clark Jr.,edfc9ac1-8dc7-485c-be1b-21b2027fe1ed,The Story of Sonny Boy Slim,2,2
2015,84,91,8d104e2d-6645-4284-bc4f-a57708068b05,Rose Windows,f30dcb05-6b35-4235-a6c1-5c6cb1fccec4,Rose Windows,1,1
2015,85,91,6805e4d5-f550-40fe-b731-05dc8229e74b,HEALTH,b8d26caf-8764-4180-af4e-534da895a34c,DEATH MAGIC,1,1
2015,86,91,24aa5c20-a275-468a-93a9-b3d96b344b6c,Young Fathers,eaf9b008-02de-4e16-be96-2afaba69405e,White Men Are Black Men Too,3,3
2015,87,91,07a17571-81fc-4cf8-a634-98f0d926d313,Ty Segall,33abc414-dd18-4bc8-8a49-02c5ed37b25e,Mr. Face,9,3
2015,88,91,44265511-306b-438d-940a-8fb07fba2d88,Shamir,40c7ee89-5e36-4b0c-89de-2f7d4f1341de,Ratchet,1,1
2015,89,91,6d5c33ee-5357-4eee-8420-e50aec54982b,Bully,6a337661-0d9d-4373-a805-ac24bf7c44ba,Feels Like,4,3
2015,90,91,763cf642-45ad-42ed-a1c3-e977eaa3b260,Wavves,d7c665d7-edd7-40f1-af2e-b6df3c80ea28,V,2,2
2015,91,91,aea5a115-b437-4d93-aa2e-fd829b8cfd1f,Lemolo,5b61ef41-1bfc-4530-9849-e50fd97650cd,Red Right Return,3,3
2016,1,91,5441c29d-3602-4898-b1a1-b77fa23b8e50,David Bowie,1fd18f5b-9a92-41fd-a590-da6b5cc60d85,★,2,2
2016,2,91,9689aa5a-4471-4fb4-9721-07cecda0fa9f,A Tribe Called Quest,b445860f-edd9-4160-841c-fccf5533ecbd,We got it from Here… Thank You 4 Your service,1,1
2016,3,91,0fabbc1d-8d94-4a61-bd1d-1099ad1e4559,Car Seat Headrest,7413db7e-163c-4e48-bd8e-c41fd466b2c1,Teens of Denial,5,3
2016,4,91,a74b1b7f-71a5-4011-9441-d0b5e4122711,Radiohead,bbce0087-d386-4246-a51d-dbcdfdbe8fb2,A Moon Shaped Pool,8,3
2016,5,91,437a0e49-c6ae-42f6-a6c1-84f25ed366bc,Bon Iver,f0e8f425-a941-48df-b5d7-2ceeaaf77c71,"22, a Million",7,3
2016,6,91,65314b12-0e08-43fa-ba33-baaa7b874c15,Leonard Cohen,99599db8-0e36-4a93-b0e8-350e9d7502a9,You Want It Darker,2,2
2016,7,91,185527bf-c293-4c24-8213-ed98fb8976be,Angel Olsen,c9db1003-a83a-49b7-b04c-237e05260969,MY WOMAN,6,3
2016,8,91,859d0860-d480-4efd-970c-c05d5f1776b8,Beyoncé,c1f22e07-7bdf-4a4f-8b50-7747c1091ef6,Lemonade,4,3
2016,9,91,e520459c-dff4-491d-a6e4-c97be35e0044,Frank Ocean,0da340a0-6ad7-4fc2-a272-6f94393a7831,Blonde,2,2
2016,10,91,373a4c98-a46b-48e4-86ec-f6ca65b4f438,Chance the Rapper,2e93b949-f480-475b-a1bd-bbf9723ba13d,Coloring Book,2,2
2016,11,91,dc6d2ba1-012c-47a7-ba3f-d74e76c30d53,Charles Bradley,f19e23dc-28d6-4ed6-a0e5-8d1fef337b2e,Changes,2,2
2016,12,91,b0635f14-7d93-4276-8943-6bc251aea033,Tacocat,18b6065f-b010-4ee7-add5-0611d5f46348,Lost Time,3,3
2016,13,91,7a2533c3-790e-4828-9b30-ca5467c609c5,Kae Tempest,b89d90f9-25f6-42e3-ac8c-054edb8229b2,Let Them Eat Chaos,3,3
2016,14,91,d02dd67e-f655-4600-bc47-f789f59e7367,Anderson .Paak,4be291f2-4faf-4fe5-b60f-4515e08ada99,Malibu,2,2
2016,15,91,18a627eb-c6e8-4175-b947-9322d8deb938,Deep Sea Diver,4b6dabb0-0582-47ac-bab9-1511d5aaa83c,Secrets,4,3
2016,16,91,381086ea-f511-4aba-bdf9-71c753dc5077,Kendrick Lamar,4e44335c-3f2b-4874-a6c3-71b5e65f75d5,untitled unmastered.,7,3
2016,17,91,3d254f1e-7d18-431b-baeb-68e57695dfdb,Blood Orange,28758285-c1e0-4b97-a014-c21bd1c8f5ec,Freetown Sound,3,3
2016,18,91,172e1f1a-504d-4488-b053-6344ba63e6d0,Nick Cave & the Bad Seeds,49339024-c6b4-4345-b521-6349463513cb,Skeleton Tree,7,3
2016,19,91,dfe78af2-779e-4137-826a-3073a16e3278,Phantogram,7b278ec9-b4e2-4a6b-9721-ec55afc65997,Three,6,3
2016,20,91,11f570ff-44d9-4e9c-8812-e6d56103c5c1,Michael Kiwanuka,c51bb243-59ac-4de0-9a51-4ead3d4e1bf8,Love & Hate,2,2
2016,21,91,e01755e3-58ab-4a5b-a9e9-a0a3bd3dff4c,Parquet Courts,3353a8a0-a5ab-4970-b34e-090afcc2bba7,Human Performance,5,3
2016,22,91,8eae1e0a-1696-4532-9e3c-0a072217ef4c,Drive‐By Truckers,2a2b9165-14cf-4eee-8c9d-d745a90dab93,American Band,6,3
2016,23,91,f37b3f31-b1f8-4b88-8cb5-b34f709b17d7,Iggy Pop,4277f167-a71e-46bb-a69e-439dcd5a37e2,Post Pop Depression,1,1
2016,24,91,a6623d39-2d8e-4f70-8242-0a9553b91e50,The Avalanches,e27e2c64-8e49-43d2-8468-c3b484cf11f0,Wildflower,2,2
2016,25,91,410e7fd3-b865-4fa0-bb18-1b7fd53382ca,Solange,331a7ba1-fae2-4881-b434-554f46c13746,A Seat at the Table,2,2
2016,26,91,aba64937-3334-4c65-90a1-4e6b9d4d7ada,Aesop Rock,fff783b6-8190-477c-b526-2fec492b98f9,The Impossible Kid,5,3
2016,27,91,20395131-fbde-43ce-b141-b700cfdae99c,Glass Animals,122e15fb-266e-4b72-91e2-bb7737394365,How to Be a Human Being,3,3
2016,28,91,a496a1e6-0ceb-4489-8280-45dfaf9750be,case/lang/veirs,3f4ed88f-9b1e-4172-952a-6d41c525a9d8,case/lang/veirs,1,1
2016,29,91,f58384a4-2ad2-4f24-89c5-c7b74ae1cce7,King Gizzard & the Lizard Wizard,7c365e51-de7b-4c72-80dd-4e0536258c6e,Nonagon Infinity,13,4
2016,30,91,07b6020a-c539-4d68-aeef-f159f3befc76,Band of Horses,325f19b6-9495-427c-8962-893b5c6e427c,Why Are You OK,7,3
2016,31,91,a8ebde98-7e91-46c7-992c-90039ba42017,De La Soul,35a495da-d003-4457-87e0-934de0274351,and the Anonymous Nobody…,2,2
2016,32,91,f6e61750-a6b7-4d88-979b-052345cd0e4a,Sturgill Simpson,4ac57a19-921e-4dca-8a0e-bbdc0a2b5240,A Sailor’s Guide to Earth,5,3
2016,33,91,bfcb6630-9b31-4e63-b11f-7b0363be72b5,The Lumineers,3afcf111-fc5d-4b7c-9712-55d225f4b2eb,Cleopatra,2,2
2016,34,91,9e53f84d-ef44-4c16-9677-5fd4d78cbd7d,Wilco,90bda0c6-4f34-44c4-a829-e44956693430,Schmilco,11,4
2016,35,91,e795e03d-b5d5-4a5f-834d-162cfb308a2c,PJ Harvey,805f6d35-5841-4339-9ee3-fa6ef9afa890,The Hope Six Demolition Project,5,3
2016,36,91,081b133e-ce74-42ba-92c1-c18234acb532,Andrew Bird,f8ff1a52-b8ae-4273-8e32-50661a9f52d3,Are You Serious,5,3
2016,37,91,164f0d73-1234-4e2c-8743-d77bf2191051,Ye,8c18657a-6338-490d-a952-897663596b96,The Life of Pablo,6,3
2016,38,91,4236acde-2ce2-441c-a3d4-38d55f1b5474,Explosions in the Sky,a43b86a6-9175-446c-bb33-8201eaff104c,The Wilderness,3,3
2016,39,91,194272cc-dcc8-4640-a4a6-66da7d250d5c,Osees,b9e6bb81-daa1-4985-b443-1dc41c10201e,A Weird Exits,8,3
2016,40,91,77c167d2-4965-4421-830a-9815e4956475,Dinosaur Jr.,22008771-d61c-4d37-9672-e5c0d1194547,Give a Glimpse of What Yer Not,5,3
2016,41,91,6b82c839-ea15-4d3b-96f1-d1be924e9cb7,Hamilton Leithauser,8a7706e4-ef89-4a74-8ef6-80e55a1c39b5,I Had a Dream That You Were Mine,1,1
2016,42,91,fa58cf24-0e44-421d-8519-8bf461dcfaa5,Mitski,de3537cf-8dac-475a-b456-42227e314d7e,Puberty 2,4,3
2016,43,91,f4805b9d-68f8-438e-8f13-ec7bcb4c8581,Damien Jurado,b5f824e8-eed3-45a0-812a-95312ca7a577,Visions of Us on the Land,7,3
2016,44,91,5b933654-f58b-438c-8652-90567e5495a1,Jagwar Ma,00e94980-1f45-4b5f-8bf4-bee59938a97a,Every Now & Then,2,2
2016,45,91,a1ced3e5-476c-4046-bd74-d428f419989b,Daughter,c3bf0d54-af8a-4200-a71d-3212f955f6bb,Not to Disappear,3,3
2016,46,91,8dc08b1f-e393-4f85-a5dd-300f7693a8b8,James Blake,bd166f52-cc11-4554-8045-ada94e6b2911,The Colour in Anything,6,3
2016,47,91,5dfdbd4d-339e-46e2-b7a5-b487af114025,Manatee Commune,3428f010-be54-442c-9a1c-e32b44248e3f,Manatee Commune,1,1
2016,48,91,cf82a38f-9413-4333-bacb-ca5b6db95794,Warpaint,fa970f51-59fe-469c-94b6-8ea6b22f1c7d,Heads Up,3,3
2016,49,91,91b67275-db2c-4fc2-b51f-82978aeb5c41,ANOHNI,7c2f9ad0-029d-4ae3-93c2-0fe50397339b,HOPELESSNESS,1,1
2016,50,91,b5ff61dd-0154-4e80-b46b-c733f87db602,DIIV,6bc76f2d-2fe2-40dd-bb71-ec0340f95383,Is the Is Are,4,3
2016,51,91,1bbf31dc-dbc0-4a7a-bf3f-48bc665878e1,Local Natives,891c1dd7-3fbf-4a59-8c83-358748aa2c40,Sunlit Youth,3,3
2016,52,91,07a17571-81fc-4cf8-a634-98f0d926d313,Ty Segall,3c3ca8ad-514b-47ed-af80-6cc3036f8283,Emotional Mugger,9,3
2016,53,91,dc21d171-7204-4759-9fd0-77d031aeb40c,Frightened Rabbit,fee35da5-6afa-4ef8-82d4-a71e3c4dc594,Painting of a Panic Attack,5,3
2016,54,91,efa2c11a-1a35-4b60-bc1b-66d37de88511,DJ Shadow,1b132f77-9b75-4532-9701-b3f00f1d6148,The Mountain Will Fall,2,2
2016,55,91,754294d5-d7d2-4ea2-8184-1dcaaf55a56f,BADBADNOTGOOD,16297acb-896e-48e4-8390-f9ca95c4f0d9,IV,2,2
2016,56,91,b0412e30-6200-4972-94b3-efd0c76534ea,Júníus Meyvant,7b016fde-5791-4b62-8dca-95021a01b6e8,Floating Harmonies,1,1
2016,57,91,a1221205-1526-4474-9f10-caa822779fe2,Kyle Craft,31102b57-2f12-4135-861e-db72e86ba6a5,Dolls of Highland,2,2
2016,58,91,eac962e1-0295-4e69-a266-4dab2adb4f11,Kevin Morby,19e2eef6-8fa6-485d-9be2-df6b4bd13a8b,Singing Saw,5,3
2016,59,91,2e3a5b97-aec7-4b11-bb56-77ad52b99b86,Whitney,6f6b2682-b458-4560-9fa9-73a6b6302e32,Light Upon the Lake,1,1
2016,60,91,6d7b7cd4-254b-4c25-83f6-dd20f98ceacd,M83,b17c34e8-0f3a-4c85-9592-106b203ac09b,Junk,6,3
2016,61,91,357ffd02-384f-4dbd-abcd-5f1bcb616ef9,The Julie Ruin,c86f8368-5c33-46d6-8062-01fb26cbf6bc,Hit Reset,1,1
2016,62,91,e56aee57-d90e-40cf-a70d-beb70f6f3c69,KAYTRANADA,2f915251-f0f3-4a08-9f31-4f3cbcfcbf3b,99.9%,1,1
2016,63,91,4898b9ad-f564-4ff1-9046-b1a16dfd5200,Black Mountain,6ed676b4-0f70-4b01-a0f2-fab6b96cb2d1,IV,3,3
2016,64,91,d7f5305a-15fc-4af4-a61b-f6f45510cc8f,Bob Mould,0c96ec29-02fc-4ccd-9061-5f5d024030e7,Patch the Sky,5,3
2016,65,91,42d72c29-8a7a-4c88-89ed-a2ca25d40284,Savages,ea9d35e8-bec7-43e8-96b1-3a6e9eb7295a,Adore Life,2,2
2016,66,91,98cb416e-5271-484c-ab3b-6bed6b4aae12,The Head and the Heart,70f3d5c8-ff5f-455f-b99b-275c40d6a1e5,Signs of Light,3,3
2016,67,91,b9a2a9a6-7a40-48a6-bcb1-8eff5b89ad5b,Nada Surf,fd9b6e70-a30c-452c-ba9d-0c28e4a010e0,You Know Who You Are,6,3
2016,68,91,161f6179-7ccf-425f-89de-8c40f98eb4b0,Acapulco Lips,0966317f-533b-4deb-8b9f-3afc20b3077a,Acapulco Lips,1,1
2016,69,91,9df31471-e54e-43ba-bbe8-38fd94c63dbb,Shearwater,ab830d15-30c8-4323-8aaf-f1a6939a98a4,Jet Plane and Oxbow,3,3
2016,70,91,fae834bb-51d6-436f-9492-29455f42ba0d,Thao & the Get Down Stay Down,e986f9ca-be0d-4bad-a33c-b086a80c84da,A Man Alive,4,3
2016,71,91,30a1b97e-0614-4320-bb9b-4cb13cd6cf66,Operators,4f8cdd4e-f013-49e4-bbf7-7c798b525a0f,Blue Wave,2,2
2016,72,91,97b226c8-7140-4da3-91ac-15e62e131a81,Macklemore & Ryan Lewis,e46f5d60-17be-4523-9cb9-9030aea25c20,This Unruly Mess I’ve Made,3,3
2016,73,91,b6b2bb8d-54a9-491f-9607-7b546023b433,Pixies,48ddd89c-a4cf-4de4-a71a-a74dd59241ca,Head Carrier,1,1
2016,74,91,ee5f52b5-d98d-4f9b-aef9-ff4b3b45d24e,Fly Moon Royalty,badecb3e-fab9-4e2d-bf9d-9dcef78bbc3a,Delicious Trouble,1,1
2016,75,91,0eee89dc-7d86-4a15-97be-011652c49288,Conor Oberst,55116371-b16f-45d5-8416-ede56d492216,Ruminations,3,3
2016,76,91,960afc67-9c21-46dd-9c7f-ff2b509e3150,Danny Brown,88f4f8e5-ee88-4050-84ad-cf73f7c2b19a,Atrocity Exhibition,1,1
2016,77,91,284ee768-2c9a-440a-be37-db926e90fc1c,The Halluci Nation,d8dfe5be-1bc2-4e87-b834-572291335693,We Are the Halluci Nation,1,1
2016,78,91,7c340ac5-6eda-4981-91d6-d5b1f4d1bbbf,Kishi Bashi,d686b6d9-d77a-4347-b067-5b07b4f1a573,Sonderlust,4,3
2016,79,91,0a176d0a-ef46-4e7f-b018-9f4d65614668,The Avett Brothers,e9de38e4-1391-4946-87f2-ffff93a963f9,True Sadness,4,3
2016,80,91,7cf0ea9d-86b9-4dad-ba9e-2355a64899ea,M.I.A.,c5bf04b5-30ba-43b1-88a1-5395a4fdb430,AIM,5,3
2016,81,91,b7c4125d-2867-4e29-ba44-b19a69309c68,Jim James,e8eedd72-4fc9-4327-bde8-a5053cacbeda,Eternally Even,1,1
2016,82,91,2c629b8c-d751-4131-b785-5690bb5e0fd7,The Kills,8595cf30-77c4-4635-80f2-6a1375763422,Ash & Ice,3,3
2016,83,91,3e0e78e8-cf0c-46e3-84fe-555a3e8ad4d4,Cymbals Eat Guitars,2712d3fe-9469-4446-9202-1b800344032c,Pretty Years,2,2
2016,84,91,0c751690-c784-4a4f-b1e4-c1de27d47581,Animal Collective,1988499c-4dda-4e63-b952-0afd4e502842,Painting With,5,3
2016,85,91,e49dd402-2297-4192-a359-48b233d39cd4,Frankie Cosmos,9d1538bb-4c70-422a-9df5-4827ecb164cb,Next Thing,1,1
2016,86,91,753a1564-aaef-4d39-bc68-4a8d5e328cf7,Miike Snow,9fb5ac13-bfdb-40ed-b46d-6af85577a64c,iii,3,3
2016,87,91,ba2f4f3b-0293-4bc8-bb94-2f73b5207343,Underworld,33eaf2af-1f45-4d1a-98b5-bb05f199de2a,"Barbara Barbara, we face a shining future",2,2
2016,88,91,994c6d08-08f2-47f1-81bd-b26bfb597cbc,Augustines,13fe7184-5553-44df-bfcb-85926f7d7bb3,This Is Your Life,3,3
2016,89,91,b2595e56-5e19-43e1-8e6a-3e27fc7f7476,NAVVI,ff474267-cb3c-4312-8131-ff399aedcf81,Omni,2,2
2016,90,91,bc07a2b3-807a-4dda-9c19-003553f18f45,The Cave Singers,33cf4238-f7f9-4b2c-8d23-cf0de792e0c7,Banshee,5,3
2016,91,91,4486702e-7b26-43fd-babc-c0df7be0e1d9,St. Paul & The Broken Bones,7288f624-c734-4354-b571-eb54b1ab0e32,Sea of Noise,2,2
2017,1,91,2aaf7396-6ab8-40f3-9776-a41c42c8e26b,LCD Soundsystem,bfedb7ca-9067-4cdb-8921-1f0cd920f2e9,American Dream,5,3
2017,2,91,381086ea-f511-4aba-bdf9-71c753dc5077,Kendrick Lamar,b88655ba-7469-48b8-a296-b9011ab73ef3,DAMN.,7,3
2017,3,91,87b9b3b8-ab93-426c-a200-4012d667a626,The War on Drugs,a08e02b3-f076-42c2-9a6a-374e15eda4fe,A Deeper Understanding,4,3
2017,4,91,664c3e0e-42d8-48c1-b209-1efca19c0325,The National,8018fc24-6a55-45b0-8b34-19650522550a,Sleep Well Beast,9,3
2017,5,91,55111838-f001-494a-a1b5-9d818db85810,Courtney Barnett,5bf52a8c-71cf-4af2-87bd-6e84efad8ef0,Lotta Sea Lice,5,3
2017,6,91,a16371b9-7d36-497a-a9d4-42b0a0440c5e,Slowdive,9318347d-b4bc-4b50-bd5e-c9a9fcb9aa98,Slowdive,2,2
2017,7,91,5334edc0-5faf-4ca5-b1df-000de3e1f752,St. Vincent,53dd291e-372f-4f76-844b-1b5b42df6832,MASSEDUCTION,8,3
2017,8,91,52074ba6-e495-4ef3-9bb4-0703888a9f68,Arcade Fire,7a2b865d-0e23-45de-bf08-f0fcbd364883,Everything Now,5,3
2017,9,91,99450990-b24e-4132-bb68-235f8c3e2564,Alvvays,1f0a3090-ae8c-4fbd-9b70-b4371961ef11,Antisocialites,3,3
2017,10,91,172053e5-a7fb-4548-a64d-c53858b5e775,Father John Misty,a74acf07-a198-400f-b54b-9f41dbaa4b1d,Pure Comedy,5,3
2017,11,91,84eac621-1c5a-49a1-9500-555099c6e184,Spoon,a58dce0f-ecb9-4cb5-b3b8-a86e95882510,Hot Thoughts,8,3
2017,12,91,309c62ba-7a22-4277-9f67-4a162526d18a,Beck,84d67365-a2ca-4580-a239-9446231f27a0,Colors,7,3
2017,13,91,8d50cd20-34f2-4abe-ba16-0759ee0fb9f5,Sharon Jones and the Dap‐Kings,0225abc7-6b49-48cb-ab52-12146a7b0f81,Soul of a Woman,4,3
2017,14,91,2e222fce-02ae-4221-b1c6-3c3242b423b6,ODESZA,724699f1-9153-4c72-9ac4-cbf2d598582b,A Moment Apart,3,3
2017,15,91,fa97dd36-1b82-43d7-a6e4-2adeafd59cef,Fleet Foxes,0a35f45c-c89c-418a-93e5-e29ed1d34caf,Crack-Up,4,3
2017,16,91,3547f34a-db02-4ab7-b4a0-380e1ef951a9,Wolf Alice,7f231c61-20b2-49d6-ac66-1cacc4cc775f,Visions of a Life,4,3
2017,17,91,944267d5-c0f0-4f4e-b3f2-7987d25d0441,Chastity Belt,7282fbf0-b2f1-4242-bd68-d4ff7e69acb5,I Used to Spend So Much Time Alone,3,3
2017,18,91,c4593b34-2a94-4e44-ae10-4a0f4c0b4da8,Sylvan Esso,7f9e5db1-ea21-4195-887f-11da4ce7f83e,What Now,4,3
2017,19,91,59a7fbcb-ff74-494d-abd0-9c82359040c9,Grizzly Bear,3c04d855-7213-48e6-bead-f617c779f0d0,Painted Ruins,5,3
2017,20,91,c5c2ea1c-4bde-4f4d-bd0b-47b200bf99d6,The xx,8f7e23d4-8b15-491f-b006-4a9ff5a41229,I See You,4,3
2017,21,91,9f81247f-7f57-42f3-a8ba-75bef554e591,Big Thief,3fd9b616-15ec-4a3d-81df-866bd9942202,Capacity,5,3
2017,22,91,a80c5dc5-b12e-4667-9f5a-b568961f3839,Run the Jewels,d568d976-f77d-4283-964b-79f100c693f0,Run the Jewels 3,3,3
2017,23,91,7dc8f5bd-9d0b-4087-9f73-dc164950bbd8,Queens of the Stone Age,7e7270ae-a73a-48e2-a8a6-20e1112e21f8,Villains,5,3
2017,24,91,fc7bbf00-fbaa-4736-986b-b3ac0266ca9b,alt‐J,8a103b36-a632-425f-8980-da934b0c1eb3,Relaxer,5,3
2017,25,91,272989c8-5535-492d-a25c-9f58803e027f,SZA,8f892c1b-0709-4cf4-9711-493892a9eb9b,Ctrl,1,1
2017,26,91,3599a39e-4e10-4cb5-90d4-c8a015ebc73b,Portugal. The Man,d18f6a72-abf4-4dc0-9bef-89c31d8ee877,Woodstock,3,3
2017,27,91,e3bda984-f349-4924-b4b8-f72478bbb3f3,Julien Baker,5768576a-679d-4ae4-a04d-e41da4998aa1,Turn Out the Lights,2,2
2017,28,91,2eada8f8-056a-4093-bbc2-004909ce743b,Broken Social Scene,02c033c9-f660-48cb-9927-531a02a6bd9a,Hug of Thunder,4,3
2017,29,91,49814f71-8fef-41ec-9af8-b6995c0bd601,The Black Angels,217bf0ca-e5f1-44bf-9411-ca3f1ac22a41,Death Song,7,3
2017,30,91,b7ddce8b-9e5c-46bd-9d33-41b134ce1a7f,Wolf Parade,4a6a32f8-8b07-4435-8b2f-5a6b88e2aa53,Cry Cry Cry,5,3
2017,31,91,f2492c31-54a8-4347-a1fc-f81f72873bbf,Mac DeMarco,f48b5c40-6343-4d94-b306-3591d294caeb,This Old Dog,5,3
2017,32,91,bda332e2-59e7-4e20-bc2c-a57763b325f4,DoNormaal,2188c6a6-ede7-4463-ae6f-6cd3d74a7c9f,Third Daughter,1,1
2017,33,91,42321e24-42b6-4f08-b0d9-8325ee887a20,Waxahatchee,b3808167-f635-4e88-b0c4-a7873e86237e,Out in the Storm,4,3
2017,34,91,c4ff10e0-ae5a-467d-a409-6e0b4bf241eb,Perfume Genius,06e1f743-b02e-4162-a9bb-d7cdb478a308,No Shape,5,3
2017,35,91,e5306b29-16c0-4520-bb05-6b21f041b2f0,Mount Eerie,ef53005d-918f-49c1-9e65-4c595d5939ae,A Crow Looked at Me,1,1
2017,36,91,6abbad28-95fc-484e-ae86-9c86c44f6bf4,Diet Cig,8f8be484-654c-4d0f-8bb7-c1ca7cd47831,Swear I’m Good at This,1,1
2017,37,91,e21857d5-3256-4547-afb3-4b6ded592596,Gorillaz,066f840f-e357-436f-bb0a-47ad7cfcd84a,Humanz,8,3
2017,38,91,f44faa22-e7b5-401b-9016-e34f4b06427b,BREAD & BUTTER,8d663fc6-6ae2-4b8b-b242-c0e65bd73b44,Bread & Butter,1,1
2017,39,91,07a17571-81fc-4cf8-a634-98f0d926d313,Ty Segall,bcc76cdb-fd40-4c62-945b-fc79519d2d26,Ty Segall,9,3
2017,40,91,b5adb729-a140-4994-baae-6f320eb88454,Hobosexual,4a21442a-a1f2-4314-82d9-305286a7cb2b,Monolith,1,1
2017,41,91,f58384a4-2ad2-4f24-89c5-c7b74ae1cce7,King Gizzard & the Lizard Wizard,ad6e81ac-2298-4e1d-849f-226953c9a30a,Flying Microtonal Banana,13,4
2017,42,91,0a28e2c9-20d3-4541-8e25-bcea06916fc2,True Loves,f720b751-8be4-4f6f-b839-757c35238e54,Famous Last Words,2,2
2017,43,91,a74b1b7f-71a5-4011-9441-d0b5e4122711,Radiohead,b1392450-e666-3926-a536-22c65f834433,OK Computer,8,3
2017,44,91,1f025caf-b67f-42ab-a3bf-38cc510ed21c,Pickwick,7cd2a4b3-6a73-4816-9232-6b298536f431,LoveJoys,3,3
2017,45,91,044fd265-79dd-43eb-afc4-8b20becf7e17,Thundercat,f0c89a63-6cb0-4b5f-9ced-79396b58a191,Drunk,2,2
2017,46,91,8c529495-91f5-4e2f-b71b-adcb66878d04,Japanese Breakfast,0d5370c5-4391-4428-90cc-1a578d8d80c2,Soft Sounds From Another Planet,3,3
2017,47,91,eac962e1-0295-4e69-a266-4dab2adb4f11,Kevin Morby,ce2c280d-0477-4901-ae43-86d0df621d10,City Music,5,3
2017,48,91,25b75a66-ce83-4db3-b136-395a3c3784c4,The New Pornographers,f81fe6df-733a-42d7-9987-f0aded301b3c,Whiteout Conditions,8,3
2017,49,91,74963434-dcb6-4b14-98cc-99873b06db66,Future Islands,3a2976c4-e944-467f-9b2b-a2d1a5d2639b,The Far Field,4,3
2017,50,91,857c2983-0a33-466f-8607-28504ba8a6c0,Jason Isbell and the 400 Unit,b0dada6a-8874-4b48-961f-2a9b022ffdb0,The Nashville Sound,4,3
2017,51,91,3cb3928a-526c-4a3d-93c5-53315fa9bde0,Elbow,d4bea9d0-1cf1-4cb5-a823-f30e4722de88,Little Fictions,6,3
2017,52,91,2feb192c-2363-46d6-b476-1c88a25cb294,The Afghan Whigs,0d1d34bf-c1b3-4069-8198-2f80897d00e6,In Spades,3,3
2017,53,91,34557d8f-ee4a-44ab-ae6e-49bb8ac604d0,Cigarettes After Sex,90a85020-515c-427e-9a59-5cc4dbcac0e3,Cigarettes After Sex,3,3
2017,54,91,64a0c404-58af-4083-8fc6-a6725ef02ecb,Cherry Glazerr,f6a18ee9-f1e5-4933-bdd8-58546fbc76f3,Apocalipstick,3,3
2017,55,91,00467da8-2a92-498f-8b10-a80889bcded7,The Horrors,0f207e08-dd7f-4757-be5b-5815fb29e3c9,V,4,3
2017,56,91,b3d5b1c9-95df-42ea-83eb-c86b18f61f8d,The New Year,696ef140-c042-41ea-a853-2b5c5097d467,Snow,2,2
2017,57,91,78e854b8-9713-4ff2-9218-6b3784893bff,Vince Staples,847a8456-f742-4894-8fdb-5911afc65e9c,Big Fish Theory,1,1
2017,58,91,b053efc9-e8ea-474a-981f-a3c6fffcc694,Hurray for the Riff Raff,23573120-b2c9-49b5-9db3-e1621aa9b775,The Navigator,3,3
2017,59,91,6069d86f-ca46-48a5-bb34-77d21f6e3d0a,Charly Bliss,191cc667-6c1b-45e2-9fcc-19cffca89d90,Guppy,2,2
2017,60,91,19f40952-e3ba-44ba-87b2-218e2744fb58,Mark Lanegan Band,5ab38b8c-6dc7-4525-aff1-700775aa17e1,Gargoyle,5,3
2017,61,91,a46c2fea-ec1d-44c1-88f1-dbc6c62a8acc,Sera Cahoone,9cd417b6-58f4-4821-85ae-ae5b90280ccb,From Where I Started,4,3
2017,62,91,3f575ecd-627d-4f08-a89f-abd46d469c7e,Ride,8589d191-7d6f-450f-a380-ae9a4a18a8b8,Weather Diaries,2,2
2017,63,91,6462c4f6-6f69-4636-a835-02eebe81c90f,Shabazz Palaces,51f7966c-cadc-4291-8fe1-f30f1dbfb316,Quazarz: Born on a Gangster Star,6,3
2017,64,91,a23b8dc2-97f4-4eab-a76d-dc3b2ef4b537,Beth Ditto,c62f6f2d-d97f-42a2-a006-6c5ed109403d,Fake Sugar,1,1
2017,65,91,6d5c33ee-5357-4eee-8420-e50aec54982b,Bully,79f91898-4faa-49e5-8c3d-f1f5e09b77dc,Losing,4,3
2017,66,91,fd29d2c0-a38d-45fa-9f07-259bdea755f4,Emma Lee Toyoda,6ec8ad8d-9cf4-4380-b272-a7d832bbcb33,Sewn Me Anew,1,1
2017,67,91,d1714baa-2174-4233-8272-f537bfa9fbba,David Bazan,b0e43342-c625-4c5f-a3f5-2885a3663fd4,Care,2,2
2017,68,91,f6beac20-5dfe-4d1f-ae02-0b0a740aafd6,"Tyler, The Creator",e248e931-c26c-4c94-aba2-2f89ce583901,Flower Boy,4,3
2017,69,91,1ce990a5-52a0-448f-ba6d-4cc011ebe4b3,Dude York,cbcd0e94-2d33-4181-a70c-bdf0bba47253,Sincerely,1,1
2017,70,91,c80f38a6-9980-485d-997c-5c1a9cbd0d64,Ryan Adams,1ca6cc52-9141-49a4-b2e2-871628889ab4,Prisoner,8,3
2017,71,91,551946bc-e6db-4d69-b50a-4f3cfb29963f,Polyrhythmics,a957ab67-4d3f-4f97-8c33-9bce9d2434f9,Caldera,3,3
2017,72,91,258e8672-1db1-469a-a505-00a42aaf0973,Algiers,4df4d199-19c9-450d-bf32-35115788a9f1,The Underside of Power,1,1
2017,73,91,9d4c4835-c71a-4647-a4fc-263e26832cd0,Grandaddy,74bcd0ac-2a17-4030-9d71-69ecb6c9dd00,Last Place,2,2
2017,74,91,c0daae21-ec2a-4dd0-a323-4f53f5945d04,King Krule,6ee668b0-8d9b-490b-bdf2-1c68cf197891,The Ooz,1,1
2017,75,91,3df3818e-7984-4c62-bee3-81f95f8c6651,Beach Fossils,a86441c8-6cc9-48f5-bb34-a849cc09f1a6,Somersault,2,2
2017,76,91,9a709693-b4f8-4da9-8cc1-038c911a61be,Bonobo,d9a5aa9a-6e35-47b1-b74e-b83cb5b3beed,Migration,3,3
2017,77,91,a670e05a-cea8-4b37-bce9-d82daf1a0fa4,Feist,d850a18f-f616-41f3-9292-9d47727371f2,Pleasure,5,3
2017,78,91,dc0d05ce-2f47-4962-b4fa-8631a0a51987,The Replacements,c9a12577-1615-4db4-bcb0-6a8f3fda80b4,For Sale: Live at Maxwell’s 1986,1,1
2017,79,91,2008d65c-31ee-4382-8960-5188523568d5,Japandroids,821cc072-9ac3-483c-a184-bf2619be85b7,Near to the Wild Heart of Life,3,3
2017,80,91,69e2d47d-b16e-4a20-b954-921ec13e92c8,Shelby Earl,dcafe7ad-8c9e-44aa-a393-8d30a6c4dbc0,The Man Who Made Himself a Name,2,2
2017,81,91,75167b8b-44e4-407b-9d35-effe87b223cf,Neil Young,0ac81b52-8ed5-4d97-8731-cb328878d60e,Hitchhiker,4,3
2017,82,91,caaba574-dfbc-4681-8e56-19b5150897d2,Cut Copy,6cd61135-a165-49ab-a083-ff37577d03a4,Haiku From Zero,5,3
2017,83,91,9639cd52-c351-4a17-9797-58880e95a7ef,The Mountain Goats,1669fb02-649d-4f4f-a9b3-1b1e09c76f4a,Goths,8,3
2017,84,91,e938a15c-b17e-4e7a-9f68-ff0d536cab44,The Jesus and Mary Chain,240e7810-1c7a-45c0-8537-339ee98c78ef,Damage and Joy,2,2
2017,85,91,01d3c51b-9b98-418a-8d8e-37f6fab59d8c,Sufjan Stevens,339ee657-7aa0-485e-b294-30a481bafc82,Planetarium,9,3
2017,86,91,6c8b9855-ba8b-48f9-ac1d-42167f7f7b18,The Shins,a18f9089-0e21-41c0-8039-f85a81abab19,Heartworms,5,3
2017,87,91,3a6d5180-a336-464b-824c-689c53ae57a4,Fotoform,84ed432b-1eb0-4f33-9e2f-c81cbb9bc2c5,Fotoform,2,2
2017,88,91,fa4f4b89-3ddc-4e97-88fa-0e30121f986a,Dan Auerbach,61121abf-4a5a-48e5-b419-f5c35ec8d7da,Waiting on a Song,2,2
2017,89,91,b7539c32-53e7-4908-bda3-81449c367da6,Lana Del Rey,4f2ec6cd-b15f-4c53-af6e-f8848811b902,Lust for Life,6,3
2017,90,91,f7df5df4-4dfa-459d-972b-1ba051c15ddc,Fever Ray,5f27805c-1491-4524-acf7-2293b0d79cf5,Plunge,3,3
2017,91,91,db3c0a20-bf05-4b30-ac22-f294aea24172,Aimee Mann,2665c3e5-8408-4050-93a6-88321d515924,Mental Illness,2,2
2018,1,91,55111838-f001-494a-a1b5-9d818db85810,Courtney Barnett,b061cb70-1d31-4d5f-91cb-378c3a22f9dd,Tell Me How You Really Feel,5,3
2018,2,91,be465d4f-c28d-4ba1-94ab-ebaada7db8af,IDLES,45003bef-d379-441d-b246-358f0b78985c,Joy as an Act of Resistance.,4,3
2018,3,91,d5cc67b8-1cc4-453b-96e8-44487acdebea,Beach House,668db76f-6d20-40fd-a719-f9e7d2d95192,7,8,3
2018,4,91,ee190f6b-7d98-43ec-b924-da5f8018eca0,Janelle Monáe,c3b6435c-2698-4909-9879-d80439e180fe,Dirty Computer,4,3
2018,5,91,e01755e3-58ab-4a5b-a9e9-a0a3bd3dff4c,Parquet Courts,053742a1-ac6a-4a0d-ad40-d1d3b904d5c9,Wide Awake!,5,3
2018,6,91,0fabbc1d-8d94-4a61-bd1d-1099ad1e4559,Car Seat Headrest,eeab54c6-ad8d-40c9-b595-87bae6a42397,Twin Fantasy (Face to Face),5,3
2018,7,91,fa58cf24-0e44-421d-8519-8bf461dcfaa5,Mitski,18564a20-d557-4f7c-81e7-8d1d40a1be55,Be the Cowboy,4,3
2018,8,91,e07a111e-4e8a-4651-a849-01ac60551ab2,Kurt Vile,2497ecd5-22e0-495b-a35c-cd3079c5b4ff,Bottle It In,6,3
2018,9,91,5334edc0-5faf-4ca5-b1df-000de3e1f752,St. Vincent,37a3ea81-7958-4c28-9362-bb8ef53f9708,MassEducation,8,3
2018,10,91,3ceeddbd-fba5-4bdb-99f7-2d028ed5afda,boygenius,93ac0ca3-6e5c-4a97-98ed-c17c1defffca,boygenius,2,2
2018,11,91,e13d2935-8c42-4c0a-96d7-654062acf106,Neko Case,4b1dd705-afb8-4eef-b1a7-51c509c01688,Hell-On,7,3
2018,12,91,172053e5-a7fb-4548-a64d-c53858b5e775,Father John Misty,c0fe261d-d690-463b-9a07-e42568a6987b,God’s Favorite Customer,5,3
2018,13,91,0039c7ae-e1a7-4a7d-9b49-0cbc716821a6,Death Cab for Cutie,e33e26a4-1d27-428f-ba12-1c970cf860fb,Thank You for Today,9,3
2018,14,91,c7a3e868-c6d8-4512-a5ef-f6cbe42899b0,Kamasi Washington,88999726-f7aa-4024-adcb-429c057c5edd,Heaven and Earth,1,1
2018,15,91,1822e292-b283-451c-9ba5-c38132dfda63,Thunderpussy,3587a05c-73b7-4214-8c33-57028f5a6cad,Thunderpussy,3,3
2018,16,91,47553783-12bd-4f2c-999c-d5743be93668,Jenn Champion,7b4f1d8a-1b7e-42e3-8f1d-01669ee3d066,Single Rider,2,2
2018,17,91,373faa02-74d7-4b1d-9b47-7574ad510f8d,First Aid Kit,2db65b00-baa9-454d-b4a5-9f9e6f239cd1,Ruins,4,3
2018,18,91,86cd4d38-857c-42bd-a5da-9acedcab1e01,Snail Mail,aab57d48-aa8f-48ed-bba0-c8dc56aba8ab,Lush,2,2
2018,19,91,c485632c-b784-4ee9-8ea1-c5fb365681fc,MGMT,ff9b0645-2327-46f4-b2b4-a7f41946d39e,Little Dark Age,4,3
2018,20,91,e21857d5-3256-4547-afb3-4b6ded592596,Gorillaz,593abbcc-0803-47ae-b0fc-e1f5666e9bbc,The Now Now,8,3
2018,21,91,aea4c9b9-9f8d-49dc-b2ca-57d6f26e8634,Khruangbin,62074290-985b-4220-a796-b752112e73c7,Con todo el mundo,5,3
2018,22,91,dbe7fdf7-81b2-418b-b3f6-81ae71532f40,Lucy Dacus,4206db7f-7de6-4e0c-9619-2e0b50a3a3fa,Historian,3,3
2018,23,91,76a91880-2242-4c2a-8982-d56fb1ee686d,Black Belt Eagle Scout,45afbf13-6c7e-4530-9ee9-0072dd90f104,Mother of My Children,3,3
2018,24,91,f4805b9d-68f8-438e-8f13-ec7bcb4c8581,Damien Jurado,13b572ec-5305-426d-81e3-4a8a4af6508f,The Horizon Just Laughed,7,3
2018,25,91,ada7a83c-e3e1-40f1-93f9-3e73dbc9298a,Arctic Monkeys,97ee3a0f-183b-4830-aa5c-45507a084d37,Tranquility Base Hotel & Casino,7,3
2018,26,91,3294b9ce-0bef-4080-8ae8-95bad1abd71c,shame,fd833315-4aac-4364-a43e-aefb623898bc,Songs of Praise,2,2
2018,27,91,24aa5c20-a275-468a-93a9-b3d96b344b6c,Young Fathers,95aea47d-79b6-483a-8abe-fccfdfa23eae,Cocoa Sugar,3,3
2018,28,91,baf05baf-69fb-47dd-93c2-033536b8c385,Brandi Carlile,4230612f-f9e0-4d70-a969-b10f2cf4539b,"By the Way, I Forgive You",4,3
2018,29,91,739da2f1-0741-4c60-a6ed-f42d49bf2eb1,Phosphorescent,d763b8bf-7760-4c19-9dc0-c279c40db155,C’est la vie,3,3
2018,30,91,07a17571-81fc-4cf8-a634-98f0d926d313,Ty Segall,b413f67f-a68b-48d7-8b33-abbc09e9f763,Freedom’s Goblin,9,3
2018,31,91,f58384a4-2ad2-4f24-89c5-c7b74ae1cce7,King Gizzard & the Lizard Wizard,c6fc4f99-6c1f-46aa-8faf-2c22154d26c4,Gumboot Soup,13,4
2018,32,91,84803b1d-dcb3-490d-9af5-debbba64a011,Soccer Mommy,edf9aacf-ba73-4eef-a83c-83a7a3225fa8,Clean,4,3
2018,33,91,05755bf1-380c-487f-983f-d1a02401fa28,Cat Power,83720f3f-3207-4a95-8fca-0d68c2b049b3,Wanderer,5,3
2018,34,91,c926bc4a-97c9-4412-b56e-7e5844f09579,Amen Dunes,5b8d6b45-e0a2-4846-8ce3-1f2d9fc9340d,Freedom,1,1
2018,35,91,3d254f1e-7d18-431b-baeb-68e57695dfdb,Blood Orange,a1ee0d2c-2c29-43d0-836f-53a26ff422dc,Negro Swan,3,3
2018,36,91,65e668e9-9cd1-4809-b7e7-26439732e1eb,Rolling Blackouts Coastal Fever,0b901245-6a23-4f7d-b5dc-ed036f83f1bb,Hope Downs,1,1
2018,37,91,97b1142f-c71e-4971-8736-4a8ceaf6b4c3,The Decemberists,ac02498c-272e-49cd-8c1c-52fd7061c896,I’ll Be Your Girl,10,4
2018,38,91,69d9dfd7-19b7-4a75-8a53-9f733fb5d774,Leon Bridges,6ee2c096-526b-4c39-a939-8a38dea54d58,Good Thing,4,3
2018,39,91,230f2c85-8b1c-4e88-ab5d-0d015a4bbe16,ACTORS,0497c70f-4b52-4ab0-acc3-2a5a04924510,It Will Come to You,2,2
2018,40,91,5fee3020-513b-48c2-b1f7-4681b01db0c6,Florence + the Machine,d3263546-8b78-473d-8f2c-ad40bcaaa246,High as Hope,6,3
2018,41,91,3c8ff4c9-b5b9-4e78-ad9d-5157c323de24,Wye Oak,e0663598-ce07-4287-9324-87220341b2fa,"The Louder I Call, the Faster It Runs",3,3
2018,42,91,d4659efb-b8eb-4f03-95e9-f69ce35967a9,David Byrne,3e7a3cd4-fb2c-40e8-b093-eaffe8c9cfdd,American Utopia,5,3
2018,43,91,228ae4f7-2425-4b1f-9d24-78cb9e267651,Superorganism,ee5c3881-8162-4832-bb0f-9cbdaeadc103,Superorganism,1,1
2018,44,91,b23e8a63-8f47-4882-b55b-df2c92ef400e,Interpol,fdec9bd2-4dc3-4311-99ad-722cb5016ce5,Marauder,6,3
2018,45,91,5a8e07d5-d932-4484-a7f7-e700793a9c94,Robyn,6f46d5e4-1e46-4480-b120-d04b37145f7f,Honey,1,1
2018,46,91,32b90c92-9978-4a07-90eb-caa4b22f4907,Black Rebel Motorcycle Club,4269e8c4-42a4-4d50-86b3-b6ec0f31550c,Wrong Creatures,6,3
2018,47,91,381086ea-f511-4aba-bdf9-71c753dc5077,Kendrick Lamar,4e317e28-e6b2-46d7-81f7-306e349b3dd4,Black Panther: The Album (Music From and Inspired By),7,3
2018,48,91,9c90ffbf-b137-4dee-bfcc-b8010787840d,Christine and the Queens,1fb1b4bf-2148-4dc1-84c3-ae846933b8c6,Chris,2,2
2018,49,91,6a93afbb-257f-4166-b389-9f2a1e5c5df8,CHVRCHES,d4ae1ef3-2694-4cf9-be55-730818b60ba9,Love Is Dead,4,3
2018,50,91,e2305342-0bde-4a2c-aed0-4b88694834de,Unknown Mortal Orchestra,83f5b7c1-3caf-4a76-a1db-156df94aaa24,Sex & Food,4,3
2018,51,91,667e856e-f3a7-42e9-8244-95422ef31321,The Breeders,2ac7fcc2-149e-4156-ab68-daa7e2468142,All Nerve,1,1
2018,52,91,42faad37-8aaa-42e4-a300-5a7dae79ed24,Low,d24e94ad-80e2-405d-b20a-8fd6927213dd,Double Negative,6,3
2018,53,91,fc7bbf00-fbaa-4736-986b-b3ac0266ca9b,alt‐J,85ea7e3b-d3d5-49de-80b0-db34f3160f7d,Reduxer,5,3
2018,54,91,174744a2-8f85-4602-a0e6-5f2097c2e945,The Moondoggies,e33d94b2-ed6b-4060-9dce-92dec4a789e9,A Love Sleeps Deep,4,3
2018,55,91,9b5ae4cc-15ae-4f0b-8a4e-8c44e42ba52a,La Luz,18272961-ff6a-4c35-965a-48e08d47f481,Floating Features,5,3
2018,56,91,51c76d97-0635-433c-b26d-66beb81657f8,Lord Huron,8bdcb59d-6dd8-4489-a9de-601af56ff8f7,Vide noir,5,3
2018,57,91,527c65d1-9fdb-4482-8796-dde2980bd63a,Neneh Cherry,2fda0cd0-db31-4448-81f6-4979b5192077,Broken Politics,1,1
2018,58,91,036912f5-c717-498d-8958-6058de17bb70,U.S. Girls,5c61b138-6ffa-4f14-a156-25e6d6e70120,In a Poem Unlimited,1,1
2018,59,91,4dc4935e-1d04-41f0-99aa-ec449b8c5fc7,Let’s Eat Grandma,5c2f70bf-800a-4155-9075-94f7366dedba,I’m All Ears,1,1
2018,60,91,ff621094-2a76-401f-8398-b75b5fd2be24,Johnny Marr,51f48366-fa8d-4fb0-afd0-ae6895d7d0f9,Call the Comet,1,1
2018,61,91,194272cc-dcc8-4640-a4a6-66da7d250d5c,Osees,b2cb65f0-2e0f-47cb-aff7-0f6793990e45,Smote Reverser,8,3
2018,62,91,3ae2fb37-8a23-429d-9920-bac811c4fc22,Jack White,e084177d-10ad-4b06-af26-c0586272150a,Boarding House Reach,5,3
2018,63,91,65041e06-83d2-4987-ae52-c17a915fc82a,Spiritualized,bd913f09-b4bd-4d2f-a5ad-2c2d01419e23,And Nothing Hurt,3,3
2018,64,91,c8e6242c-bc88-446c-8723-e354b806243d,Against All Logic,20f7f4bb-c9cb-424e-9106-cbd41a00e18f,2012–2017,1,1
2018,65,91,b7ffd2af-418f-4be2-bdd1-22f8b48613da,Nine Inch Nails,a63e5fa6-d6ad-47bd-986d-4a27b0c9de70,Bad Witch,3,3
2018,66,91,4c74fc48-8108-4556-87af-154af74f2ce5,The Beths,7b662b2b-c393-4c21-b7a8-a4b7bc689c58,Future Me Hates Me,4,3
2018,67,91,97b20fe3-0924-4a5f-9955-d0b5c5f9587f,Santigold,28b4d7f9-c8b4-4f81-ac9f-b093594bbda1,I Don’t Want: The Gold Fire Sessions,4,3
2018,68,91,91640d9b-b077-4271-9fb7-84f3ea543f24,Hop Along,4c991884-e84d-4efc-ac65-372cd1d3a848,"Bark Your Head Off, Dog",1,1
2018,69,91,45804465-4271-4e6a-b881-ce668ef09530,The Internet,57d84f17-7b18-4800-b7c2-15833b468637,Hive Mind,1,1
2018,70,91,3f542031-b054-454d-b57b-812fa2a81b11,Yo La Tengo,91517369-8453-4727-899e-e0b0abacf624,There’s a Riot Going On,7,3
2018,71,91,6bbb3983-ce8a-4971-96e0-7cae73268fc4,Jungle,6cac3a96-2661-4d2b-a253-bef16a559616,For Ever,4,3
2018,72,91,3a605eba-b6a1-4298-855d-b3033df0bf8b,幾何学模様,fe815acc-e833-46e1-a995-6d0a2a62dc80,Masana Temples,2,2
2018,73,91,0b183251-c4a7-47ab-87b4-4cc0e50dfe95,Naked Giants,b68ea581-3f07-425f-8ff4-3fc6fdbfb849,SLUFF,2,2
2018,74,91,98e4bf9e-9e33-4f07-9962-f7c1c2d773ba,Stephen Malkmus and the Jicks,494fdd85-d552-472c-992f-a3e8e72607ea,Sparkle Hard,3,3
2018,75,91,8ed2e0b3-aa4c-4e13-bec3-dc7393ed4d6b,Thom Yorke,a529e027-d547-44d8-924b-a66da87e6330,Suspiria: Music for the Luca Guadagnino Film,4,3
2018,76,91,a1221205-1526-4474-9f10-caa822779fe2,Kyle Craft,0991b7e4-0065-4ebe-96cc-fb68a53912a6,Full Circle Nightmare,2,2
2018,77,91,3944b36f-0ec2-4972-bab4-c45477b7b8f1,Left at London,53a25af4-8c22-4b3f-a78e-eeb9f49af718,"Transgender Street Legend, Vol. 1",3,3
2018,78,91,2371c6a6-4a8e-411a-8288-7d51163b1247,Parisalexa,13ee931b-3251-4932-9356-085c4fa0cec2,Bloom,1,1
2018,79,91,e8160bb0-f4ba-4577-9e82-04d8f7ddcca4,Sunflower Bean,97bd0c42-b6d7-4c16-9438-2616b23d8ffd,Twentytwo in Blue,1,1
2018,80,91,fac3ff34-6ba4-425a-8f01-b181ef4a908a,tUnE-yArDs,f13091f6-bdd4-4364-abce-20e28815d2f6,I Can Feel You Creep Into My Private Life,5,3
2018,81,91,4449ccf6-c948-4d33-aa97-b6ad98ce4b5b,Metric,648c101a-9e3a-46ac-9bbb-eb0eb8aaff01,Art of Doubt,4,3
2018,82,91,e6eda7e1-2758-47c5-80e3-77493a7e469f,Dilly Dally,0133ebf1-715b-499b-b68a-9c009fdde681,Heaven,1,1
2018,83,91,e675295a-1efe-4247-aa3b-53b78d0cdffc,Mudhoney,4bea5ba5-54a4-4f06-93c0-78883705173f,Digital Garbage,2,2
2018,84,91,f7f8e2fb-f3d3-4dc4-ad7b-5c6670e76020,Camp Cope,0b3e46bc-d3bc-4d78-abbf-31281dba6f1d,How to Socialise & Make Friends,1,1
2018,85,91,a66cc38c-e6cd-4725-a8fd-7d32b998347f,DeVotchKa,914d17f1-175a-4efa-9935-0aec39ce9ef3,This Night Falls Forever,4,3
2018,86,91,c118bc97-11a7-41dc-a55e-48c3bcf22ac2,Belly,88ed1d80-32a9-4fe4-83a3-7478bdf3e664,Dove,1,1
2018,87,91,b574bfea-2359-4e9d-93f6-71c3c9a2a4f0,All Them Witches,0d1e495c-f25f-4792-bb20-00a6f58e0e56,ATW,1,1
2018,88,91,a3e6fa6e-32de-4152-ae38-81291597a10c,Elvis Costello & The Imposters,ccb7c7cf-361e-4439-87ba-56c1f540ae29,Look Now,1,1
2018,89,91,b2595e56-5e19-43e1-8e6a-3e27fc7f7476,NAVVI,a9508029-ad3e-4aec-a665-ecb26f1ef8cd,Ultra,2,2
2018,90,91,7e01053e-e701-4e55-8a29-b8cfdcdee205,Iceage,0fcbf1b0-1740-40cd-9a63-6e9f6def5dd2,Beyondless,1,1
2018,91,91,1822e292-b283-451c-9ba5-c38132dfda63,Thunderpussy,52df5701-ab1f-401d-b0e6-bedfe26f9a1f,Greatest Tits,3,3
2019,1,91,8fb5370b-9568-4b61-9da5-2aa12c9928db,Lizzo,b0b9a346-658c-48b4-97ee-8cd49c19c2e6,Cuz I Love You,2,2
2019,2,91,fd87acc7-e0a0-4a45-bc2a-d2ab5c10be68,Fontaines D.C.,84c01ae7-82e5-4965-a5b6-7aeaf539f85c,Dogrel,4,3
2019,3,91,5a2e9cd3-010a-4aae-9f83-629253284202,Sharon Van Etten,62cc7255-7e38-4214-badc-ce418a805414,Remind Me Tomorrow,6,3
2019,4,91,185527bf-c293-4c24-8213-ed98fb8976be,Angel Olsen,4262c677-2646-461a-93f2-80526ae2bb1a,All Mirrors,6,3
2019,5,91,9f81247f-7f57-42f3-a8ba-75bef554e591,Big Thief,7b95343d-835d-474c-bba0-0025462b36c5,Two Hands,5,3
2019,6,91,23b19bc5-813e-4456-bbae-ac3ca118f535,SAULT,5620cb68-c239-4fec-aad6-2cc0c220653d,5,9,3
2019,7,91,b7539c32-53e7-4908-bda3-81449c367da6,Lana Del Rey,24fd0887-9e83-42e3-b27e-e7f89ead4c03,Norman Fucking Rockwell!,6,3
2019,8,91,11f570ff-44d9-4e9c-8812-e6d56103c5c1,Michael Kiwanuka,042fe94f-5846-469c-a739-38a9e0574d5c,KIWANUKA,2,2
2019,9,91,9f81247f-7f57-42f3-a8ba-75bef554e591,Big Thief,f480ab60-a5c1-4472-8789-393d0b0e4a7a,U.F.O.F.,5,3
2019,10,91,2ade52c8-bb0d-469a-ad97-030c90dcb414,Rudy Willingham,8be7cc79-6468-48bd-8599-9ab0a972c619,Dunk Reactions,1,1
2019,11,91,172e1f1a-504d-4488-b053-6344ba63e6d0,Nick Cave & the Bad Seeds,99fc75a4-3ff2-4248-9ae2-65d7026c7296,Ghosteen,7,3
2019,12,91,664c3e0e-42d8-48c1-b209-1efca19c0325,The National,ed8d7c1d-10aa-4b9a-9e86-2ad12be38a83,I Am Easy to Find,9,3
2019,13,91,e36e78eb-3ace-4acd-882c-16789e700ab7,Sleater‐Kinney,474906cf-88cc-414e-9b50-e8112dd44431,The Center Won’t Hold,6,3
2019,14,91,437b356d-88f1-4dde-af5e-dec1c9d7dde4,Orville Peck,62e8d6c6-876c-4fe5-a557-05787adbb70a,Pony,4,3
2019,15,91,af37c51c-0790-4a29-b995-456f98a6b8c9,Vampire Weekend,1e083685-2e58-40eb-81ef-4163c26e01d6,Father of the Bride,5,3
2019,16,91,2aaf7396-6ab8-40f3-9776-a41c42c8e26b,LCD Soundsystem,deada5ea-efcf-49df-9370-cd0d9c3d65aa,Electric Lady Sessions,5,3
2019,17,91,ddcfd686-79f0-4eda-9eb9-4c28591bf87e,The Black Tones,f869d011-7fb7-438f-b1b4-497670bee3a1,Cobain and Cornbread,1,1
2019,18,91,9861b813-3e8e-4e3a-b5ec-78ac6280489a,Better Oblivion Community Center,0b2f8403-a8c2-420b-a146-e99c596a4ece,Better Oblivion Community Center,1,1
2019,19,91,8ed2e0b3-aa4c-4e13-bec3-dc7393ed4d6b,Thom Yorke,447435e2-8395-45f5-812b-f03f7525c8d6,ANIMA,4,3
2019,20,91,76a91880-2242-4c2a-8982-d56fb1ee686d,Black Belt Eagle Scout,b9d24eff-6382-47a2-8844-4d1d27383e5c,At the Party With My Brown Friends,3,3
2019,21,91,f58384a4-2ad2-4f24-89c5-c7b74ae1cce7,King Gizzard & the Lizard Wizard,8ef7f453-bf44-4bcc-bdb8-ac86eadf90fe,Infest the Rats’ Nest,13,4
2019,22,91,6a65d878-fcd0-42cf-aff9-ca1d636a8bcc,Foals,ebbf6f7c-a843-4de9-96b7-5081dce485c7,"Everything Not Saved Will Be Lost, Part 1",7,3
2019,23,91,03eda2c4-a2b3-4a4e-9527-6791b0ed9d2d,Brittany Howard,4577df3e-7447-43d2-a426-8ab74be0951f,Jaime,2,2
2019,24,91,469d6414-1f06-43de-80d5-17762d4a356a,Weyes Blood,b30447b9-8e32-4e98-a128-9c18d9378e8d,Titanic Rising,2,2
2019,25,91,437a0e49-c6ae-42f6-a6c1-84f25ed366bc,Bon Iver,e53d381a-3b37-4154-9a6e-7d343b3e182e,"i,i",7,3
2019,26,91,b0635f14-7d93-4276-8943-6bc251aea033,Tacocat,9f5e55ef-59b4-4cfd-ae93-480a9650cad1,This Mess Is a Place,3,3
2019,27,91,14d44067-99c2-4f77-b58b-138f0b6911fa,Karen O,c5b39f08-78b8-41cd-a5c6-3ddfe0cd406a,Lux Prima,1,1
2019,28,91,1946a82a-f927-40c2-8235-38d64f50d043,The Chemical Brothers,137d0c73-1cfb-4c9e-a5ac-a7eb9dc53cea,No Geography,3,3
2019,29,91,aea5a115-b437-4d93-aa2e-fd829b8cfd1f,Lemolo,2dd68c7f-e3a4-43b2-ba74-8d6ddcd51c2e,Swansea,3,3
2019,30,91,25b75a66-ce83-4db3-b136-395a3c3784c4,The New Pornographers,ed533e70-0e45-42c7-be0b-e4da80c884ea,In the Morse Code of Brake Lights,8,3
2019,31,91,dd569857-d15e-4dbe-baad-b46a5ffe34a0,Black Pumas,a59674f1-3160-44c5-bb67-3fe77f266ce9,Black Pumas,2,2
2019,32,91,74ca2f03-18e4-4ec1-9537-3cfefbcfd4ec,HÆLOS,1db281cd-5798-48dd-a321-a5279afb3159,Any Random Kindness,1,1
2019,33,91,440d564f-7288-45e2-8449-885d65dc4d33,The Dip,98bdcaeb-b740-469c-ad16-947a21d99b44,The Dip Delivers,1,1
2019,34,91,fe920df0-e56d-4556-84c4-11f530ec4abc,Great Grandpa,dc97c04b-cfb7-45f7-adfc-7a1c55e1cea7,Four of Arrows,1,1
2019,35,91,64a0c404-58af-4083-8fc6-a6725ef02ecb,Cherry Glazerr,7f0dd17d-aa6c-4277-83ad-fc7333876848,Stuffed & Ready,3,3
2019,36,91,f1c5239b-0c9c-4453-8620-168df0b7f636,Purple Mountains,94d6a299-c6f1-45d0-bf70-bf84220660b2,Purple Mountains,1,1
2019,37,91,9ad6d1e3-427f-4921-b603-7e9eda94a061,Jenny Lewis,a1ca525f-28f5-4162-9f6a-c7412fdf5c36,On the Line,5,3
2019,38,91,081b133e-ce74-42ba-92c1-c18234acb532,Andrew Bird,1f22d328-ce8e-47d8-9fa6-814b13b67152,My Finest Work Yet,5,3
2019,39,91,f6beac20-5dfe-4d1f-ae02-0b0a740aafd6,"Tyler, The Creator",0f1b9e07-b38b-4bba-9794-55e0924d7177,IGOR,4,3
2019,40,91,3cb3928a-526c-4a3d-93c5-53315fa9bde0,Elbow,b3dadd3d-9f27-496a-8ff0-5ab80ff589f9,Giants of All Sizes,6,3
2019,41,91,b5ff61dd-0154-4e80-b46b-c733f87db602,DIIV,f34571bf-03f3-4fcb-b994-699186815ca9,Deceiver,4,3
2019,42,91,f95d0f4f-d344-4acd-bec8-cc512b40f629,Julia Jacklin,09a69267-c46e-4d68-8381-27517bf3288a,Crushing,2,2
2019,43,91,f6e61750-a6b7-4d88-979b-052345cd0e4a,Sturgill Simpson,a8ed767b-cb92-4c1c-bf97-147fa56b1180,SOUND & FURY,5,3
2019,44,91,b51f07c9-a42c-4ea7-b5ed-ce4b7f47101a,Hatchie,99537b68-419e-43a2-a1bd-8f1a8f47e50b,Keepsake,3,3
2019,45,91,9e53f84d-ef44-4c16-9677-5fd4d78cbd7d,Wilco,ff16aeb5-f7f8-4987-94a1-bac0bd574f2e,Ode to Joy,11,4
2019,46,91,9d79c790-9897-464e-aef0-db5bd3290f00,Sampa the Great,23b3e312-6669-4e15-af16-085db52903df,The Return,2,2
2019,47,91,b8e3d1ae-5983-4af1-b226-aa009b294111,TR/ST,9e2882b6-b68d-42f3-81e4-5f5d73d14837,The Destroyer — 1,1,1
2019,48,91,d44d63b8-3da4-4f7d-aba1-a05ba8941b44,The Twilight Sad,75536410-91dd-4fd2-85ba-efe08b0a12c1,It Won’t Be Like This All the Time,3,3
2019,49,91,d8915e13-d67a-4aa0-9c0b-1f126af951af,Hot Chip,82144736-4ae1-47aa-9248-faa1416ce906,A Bath Full of Ecstasy,7,3
2019,50,91,944267d5-c0f0-4f4e-b3f2-7987d25d0441,Chastity Belt,80774eff-3edb-4e13-8fcc-aadd01e71406,Chastity Belt,3,3
2019,51,91,0f74b263-65bf-4027-9708-45aadf40122d,Amyl and the Sniffers,bab638f1-6de5-4997-9dbe-11931c98782e,Amyl and the Sniffers,3,3
2019,52,91,a357b4fb-b0ca-4b4e-9b6b-2030bb2ce2d6,Jamila Woods,c5f84905-0f9c-4e2b-8a56-b2ff60464a76,LEGACY! LEGACY!,2,2
2019,53,91,d15721d8-56b4-453d-b506-fc915b14cba2,The Black Keys,fe8578f8-0e93-4b54-bedf-fac877514383,“Let’s Rock”,9,3
2019,54,91,7f89e20f-46f3-4571-9ae0-b29dcdb4bbe9,Moon Duo,becc6731-4517-4c14-ade8-8d4c083b9eed,Stars Are the Light,2,2
2019,55,91,6a65d878-fcd0-42cf-aff9-ca1d636a8bcc,Foals,3661b7c1-4675-4185-b59e-4c4a7e5c7669,"Everything Not Saved Will Be Lost, Part 2",7,3
2019,56,91,8dc08b1f-e393-4f85-a5dd-300f7693a8b8,James Blake,8fceea87-5273-408b-a2f3-723d9b64800a,Assume Form,6,3
2019,57,91,4f416ed7-dda2-45de-a6f1-b986e861cf4b,Deerhunter,0581d71c-db37-4b5d-9c9e-e11ceb9a22fa,Why Hasn’t Everything Already Disappeared?,5,3
2019,58,91,194272cc-dcc8-4640-a4a6-66da7d250d5c,Osees,27205364-61d9-4bd1-ba85-59eab30839f3,Face Stabber,8,3
2019,59,91,23b19bc5-813e-4456-bbae-ac3ca118f535,SAULT,b8f26553-ac42-4242-8e1b-f716810fa995,7,9,3
2019,60,91,c89ea689-c053-4d97-bada-8b81a6236f58,Chromatics,d556f7ce-1bae-46d6-ad5f-eeda6526706a,Closer to Grey,2,2
2019,61,91,3a6d6481-142d-423f-91d4-55bbfff318ed,Toro y Moi,2753885d-8835-4ecd-a125-c9a23f176efe,Outer Peace,3,3
2019,62,91,dc6d2ba1-012c-47a7-ba3f-d74e76c30d53,Charles Bradley,765fa212-2b3d-4356-b37a-5abd813a3ee9,Black Velvet,2,2
2019,63,91,1d779dfd-d292-48b5-b232-a09687b9881a,Aldous Harding,189a9252-59e5-4395-b745-f690915cf213,Designer,1,1
2019,64,91,3b910f7b-018f-408f-950b-47e02d2ce305,Jay Som,19a15576-2027-497d-93e7-07c67879db0e,Anak Ko,2,2
2019,65,91,0039c7ae-e1a7-4a7d-9b49-0cbc716821a6,Death Cab for Cutie,d6e3acb5-d0e8-4769-92b0-6a1b38a06205,The Blue EP,9,3
2019,66,91,1e4e9db7-5068-4a9c-bdd0-5777e47172c8,FKA twigs,5d78819e-18b5-4d1a-a286-d816ce868044,MAGDALENE,5,3
2019,67,91,be407b02-f3e6-4ed5-9489-f8e5f0ab36dc,The Raconteurs,ec9290a5-e64d-4afc-a70e-1815d30aea04,Help Us Stranger,3,3
2019,68,91,410e7fd3-b865-4fa0-bb18-1b7fd53382ca,Solange,3ec17787-1d35-4d05-ac06-5294c99a8d4e,When I Get Home,2,2
2019,69,91,859d0860-d480-4efd-970c-c05d5f1776b8,Beyoncé,a32fb3f5-0c38-47cc-980c-44cc181c52de,HOMECOMING: THE LIVE ALBUM,4,3
2019,70,91,f4abc0b5-3f7a-4eff-8f78-ac078dbce533,Billie Eilish,72375978-a9a1-4254-b957-85565c716b7e,"WHEN WE ALL FALL ASLEEP, WHERE DO WE GO?",1,1
2019,71,91,d02dd67e-f655-4600-bc47-f789f59e7367,Anderson .Paak,59732510-a2ad-447d-bd8b-9cbdfef39f88,Ventura,2,2
2019,72,91,4afbef0a-05ee-4551-b0e0-f1f1870d8f1c,black midi,c65fb96b-08dc-44b4-b0ca-3576317b5513,Schlagenheim,3,3
2019,73,91,19f40952-e3ba-44ba-87b2-218e2744fb58,Mark Lanegan Band,50242085-1f54-46e3-8838-ed8b6661b7f4,Somebody’s Knocking,5,3
2019,74,91,3f575ecd-627d-4f08-a89f-abd46d469c7e,Ride,923ad3ed-9f87-43d9-aad2-5fbb5d1a302c,This Is Not a Safe Place,2,2
2019,75,91,0efbd9d6-4c5b-48e5-b7ff-d61e0969893a,Strand of Oaks,36971440-e5b0-41cc-bb18-cba82b5c5212,Eraserland,3,3
2019,76,91,7c340ac5-6eda-4981-91d6-d5b1f4d1bbbf,Kishi Bashi,43aebfcf-69dc-42be-952e-f8af99572474,Omoiyari,4,3
2019,77,91,19301485-ac9c-4dad-885b-cd8e8c8b4184,Kim Gordon,6dcdf820-c5c5-4f30-97fb-f4eee66a74f4,No Home Record,2,2
2019,78,91,0af78501-5647-4c18-9a0d-66ac8789e13b,Beirut,5d4637b7-d118-44b4-a29e-57cf8e029a62,Gallipoli,6,3
2019,79,91,309c62ba-7a22-4277-9f67-4a162526d18a,Beck,67ad5df9-bd8c-45d9-aa1b-14a3ff2cb2ee,Hyperspace,7,3
2019,80,91,41e30723-07ab-40fd-8f6b-983981a76d8b,The Murder Capital,ddba21a7-f6a5-4c8e-a2b9-3b0db8f6d5ca,When I Have Fears,1,1
2019,81,91,f2492c31-54a8-4347-a1fc-f81f72873bbf,Mac DeMarco,e3319d41-37c3-442c-bfe9-e8d55537a7ad,Here Comes the Cowboy,5,3
2019,82,91,84ca8fa4-7cca-4948-a90a-cb44db29853d,clipping.,16af6d23-9d40-49a6-952b-5631d4ec7981,There Existed an Addiction to Blood,3,3
2019,83,91,e86c1345-25e1-46cc-94c7-7056d301a7ab,Stef Chura,de9e7004-3168-46e2-83d9-715639dde598,Midnight,1,1
2019,84,91,34557d8f-ee4a-44ab-ae6e-49bb8ac604d0,Cigarettes After Sex,21759bba-54bc-4357-8f17-a6bcd50e0aa3,Cry,3,3
2019,85,91,3cdb40fe-a63e-4bb9-b40d-17cda5f50979,Little Simz,c41347b7-c93c-42d8-825b-529c7de0bed2,GREY Area,4,3
2019,86,91,6069d86f-ca46-48a5-bb34-77d21f6e3d0a,Charly Bliss,17b968bd-25ed-4df1-a301-936f3b4ce3bb,Young Enough,2,2
2019,87,91,373a4c98-a46b-48e4-86ec-f6ca65b4f438,Chance the Rapper,20802b79-0b52-4053-9f7b-fad69d4a34f7,The Big Day,2,2
2019,88,91,7a2533c3-790e-4828-9b30-ca5467c609c5,Kae Tempest,696f2388-f520-4e50-bcc6-9c58dcfd879c,The Book of Traps and Lessons,3,3
2019,89,91,eac962e1-0295-4e69-a266-4dab2adb4f11,Kevin Morby,41c741fa-0bf3-44e7-a556-23c630158005,Oh My God,5,3
2019,90,91,30a1b97e-0614-4320-bb9b-4cb13cd6cf66,Operators,1887e185-1d14-432e-a89b-2776ecc43709,Radiant Dawn,2,2
2019,91,91,5e372a49-5672-4fb8-ba14-18c90780c4f9,Calexico,fb59c066-7187-4a8c-a866-2b34b10bc98d,Years to Burn,7,3
2020,1,91,18a627eb-c6e8-4175-b947-9322d8deb938,Deep Sea Diver,93fcb691-244c-4591-ab42-d437ff896a5e,Impossible Weight,4,3
2020,2,91,96855c21-b832-4366-ba12-0d2330c36a86,Phoebe Bridgers,cf75fd5a-ca84-4371-94d7-27410360f06b,Punisher,1,1
2020,3,91,a9ee533f-8871-4f62-a6bb-91eb264abc90,Fiona Apple,882db6d8-e28b-46ba-8a30-277e86fbddf7,Fetch the Bolt Cutters,2,2
2020,4,91,be465d4f-c28d-4ba1-94ab-ebaada7db8af,IDLES,baa817a4-1987-44b7-bd0e-1d5eba738619,Ultra Mono,4,3
2020,5,91,a80c5dc5-b12e-4667-9f5a-b568961f3839,Run the Jewels,46dc2b09-a6b1-4271-bf1d-01f3b3b95c23,RTJ4,3,3
2020,6,91,23b19bc5-813e-4456-bbae-ac3ca118f535,SAULT,c24db83b-e929-4dbf-b270-6344a7ea4fea,UNTITLED (Rise),9,3
2020,7,91,23b19bc5-813e-4456-bbae-ac3ca118f535,SAULT,3024784e-af94-4ff7-9755-d5df24556e37,UNTITLED (Black Is),9,3
2020,8,91,42321e24-42b6-4f08-b0d9-8325ee887a20,Waxahatchee,38b46e05-894f-432a-97cb-a3a1219c14bd,Saint Cloud,4,3
2020,9,91,fd87acc7-e0a0-4a45-bc2a-d2ab5c10be68,Fontaines D.C.,8eac43e3-2fbc-488b-b728-f79c17836fef,A Hero’s Death,4,3
2020,10,91,fa97dd36-1b82-43d7-a6e4-2adeafd59cef,Fleet Foxes,46de46b0-ecad-4b12-b26e-2b453b4c001f,Shore,4,3
2020,11,91,63aa26c3-d59b-4da4-84ac-716b54f1ef4d,Tame Impala,c6fc678e-e987-45c5-811c-e2bd09c8b902,The Slow Rush,5,3
2020,12,91,aea4c9b9-9f8d-49dc-b2ca-57d6f26e8634,Khruangbin,53e6ec80-ddc7-4db8-80f8-5e081545c856,Mordechai,5,3
2020,13,91,3944b36f-0ec2-4972-bab4-c45477b7b8f1,Left at London,e3de6efe-0023-4a48-81ef-414984782714,"Transgender Street Legend, Vol. 2",3,3
2020,14,91,0fabbc1d-8d94-4a61-bd1d-1099ad1e4559,Car Seat Headrest,6dc61ab6-c71a-4790-b54b-7eec5c6a2cfe,Making a Door Less Open,5,3
2020,15,91,e21857d5-3256-4547-afb3-4b6ded592596,Gorillaz,bd8866c2-3d48-4c4e-97d8-442ec2792b40,"Song Machine, Season One: Strange Timez",8,3
2020,16,91,aef06569-098f-4218-a577-b413944d9493,HAIM,73b8f504-93e5-483d-918d-1006ca3a315c,"Women in Music, Pt. III",3,3
2020,17,91,20244d07-534f-4eff-b4d4-930878889970,Taylor Swift,f1d08326-c23b-4b43-be3b-20b33ab10bf6,folklore,1,1
2020,18,91,c4ff10e0-ae5a-467d-a409-6e0b4bf241eb,Perfume Genius,cbf252c7-bb3f-484f-825e-fc2a42b55849,Set My Heart on Fire Immediately,5,3
2020,19,91,735e3514-a8ae-401f-af3b-6300df1b8d2c,Caribou,975b39ae-77fa-4b6e-b1fc-e981b4c62f1c,Suddenly,5,3
2020,20,91,84803b1d-dcb3-490d-9af5-debbba64a011,Soccer Mommy,22d131b0-4de5-4cd8-a07f-e30555769934,color theory,4,3
2020,21,91,aea4c9b9-9f8d-49dc-b2ca-57d6f26e8634,Khruangbin,b3582356-e701-48f0-be6a-2f9e4ff134ef,Texas Sun,5,3
2020,22,91,c4593b34-2a94-4e44-ae10-4a0f4c0b4da8,Sylvan Esso,b60a1cee-1d30-4531-acc5-d26810e61fa6,Free Love,4,3
2020,23,91,f181961b-20f7-459e-89de-920ef03c7ed0,The Strokes,43ca5aa6-92de-47e9-8f0b-9112e4881426,The New Abnormal,4,3
2020,24,91,74963434-dcb6-4b14-98cc-99873b06db66,Future Islands,a72b7c49-18f4-4770-993d-983ed1275eca,As Long as You Are,4,3
2020,25,91,88927646-0c28-4b1b-a69e-cb33c400d650,Nation of Language,cb8dc9d9-d4bd-4ec2-88f3-f63a85beaba5,"Introduction, Presence",4,3
2020,26,91,01d3c51b-9b98-418a-8d8e-37f6fab59d8c,Sufjan Stevens,cfc20ba0-8c55-46c2-ba3e-745a9a76ce40,The Ascension,9,3
2020,27,91,b675f327-4738-4af4-bb83-1adb0003f2d3,Yves Tumor,448bf766-1101-4554-9b23-2d3b254a984d,Heaven to a Tortured Mind,3,3
2020,28,91,c8b03190-306c-4120-bb0b-6f2ebfc06ea9,The Weeknd,78570bea-2a26-467c-a3db-c52723ceb394,After Hours,3,3
2020,29,91,83b9cbe7-9857-49e2-ab8e-b57b01038103,Pearl Jam,076e2345-be1c-490d-a7ff-59a2dbd33867,Gigaton,6,3
2020,30,91,763cb144-afdb-471e-bd86-d4f5b9b58641,Adrianne Lenker,5ff627e4-b8a0-43af-8ee2-4d84adf4541f,songs,2,2
2020,31,91,f8bc2114-691d-48c7-bc19-41c7126896a8,Chong the Nomad,a688abd0-f778-431f-9aa1-44215116637f,A Long Walk,2,2
2020,32,91,185527bf-c293-4c24-8213-ed98fb8976be,Angel Olsen,66175261-11e1-497b-a958-cf6fad9d3fad,Whole New Mess,6,3
2020,33,91,857c2983-0a33-466f-8607-28504ba8a6c0,Jason Isbell and the 400 Unit,8cf356af-da3f-4725-925e-d86ed11838bf,Reunions,4,3
2020,34,91,2cef242c-86e3-4631-9669-7d96aca66b09,Tomo Nakayama,4fcceeb8-a2e9-4625-a343-4c28a14b1eba,Melonday,2,2
2020,35,91,044fd265-79dd-43eb-afc4-8b20becf7e17,Thundercat,9ffdc0f1-6683-44f1-9194-a247ecb9b297,It Is What It Is,2,2
2020,36,91,84ca8fa4-7cca-4948-a90a-cb44db29853d,clipping.,8e5a1df1-2cb8-4a7e-985c-f78919c2c9b2,Visions of Bodies Being Burned,3,3
2020,37,91,7fb57fba-a6ef-44c2-abab-2fa3bdee607e,Childish Gambino,47f9980d-8a1d-434c-86c8-43a0c07fbb31,3.15.20,2,2
2020,38,91,4c74fc48-8108-4556-87af-154af74f2ce5,The Beths,7855f930-f049-401a-a432-d49aa32d115b,Jump Rope Gazers,4,3
2020,39,91,437b356d-88f1-4dde-af5e-dec1c9d7dde4,Orville Peck,57203a09-16e4-474a-9e31-cf8a6889b430,Show Pony,4,3
2020,40,91,b6fa9b9b-41cf-45a6-adc0-0a4c9a8c0d3c,The Budos Band,0c411624-71b7-489c-b1ad-14a53182dee1,Long in the Tooth,3,3
2020,41,91,6e8e3717-a62d-4a3f-886d-6a4e82507930,Arlo Parks,85e53301-946a-48e4-8f6f-d55ad9f53f6b,Sophie,3,3
2020,42,91,7e5a2a59-6d9f-4a17-b7c2-e1eedb7bd222,Grimes,ab58a63b-a5a5-4e2c-b9fd-f3312b5828a6,Miss Anthropocene,3,3
2020,43,91,0b183251-c4a7-47ab-87b4-4cc0e50dfe95,Naked Giants,f36c276f-a171-4569-9687-52ea101b6c1e,The Shadow,2,2
2020,44,91,72c536dc-7137-4477-a521-567eeb840fa8,Bob Dylan,43b12592-d808-44de-a5df-ebd7c6b2b75c,Rough and Rowdy Ways,6,3
2020,45,91,6d5c33ee-5357-4eee-8420-e50aec54982b,Bully,02c8b0c2-8683-4232-99e4-50cfb322bd4b,SUGAREGG,4,3
2020,46,91,9c90ffbf-b137-4dee-bfcc-b8010787840d,Christine and the Queens,f5218004-620e-46e2-b38d-40677ab6594b,La vita nuova,2,2
2020,47,91,6ed40778-8d03-4a5c-ad35-93cf814627c9,Jessie Ware,38d0e2a3-06a0-4c2e-ac5d-faf1b2d7e563,What’s Your Pleasure?,2,2
2020,48,91,8d50cd20-34f2-4abe-ba16-0759ee0fb9f5,Sharon Jones and the Dap‐Kings,3f3bc0c7-d9f6-4145-a482-e43bd823823c,Just Dropped in to See What Condition My Rendition Was In,4,3
2020,49,91,991813f5-27c6-4ff3-88dd-90e750dad545,Matt Berninger,7def901a-0765-4dd7-8393-c5a9ddadce3a,Serpentine Prison,2,2
2020,50,91,eac962e1-0295-4e69-a266-4dab2adb4f11,Kevin Morby,4a69bde2-1223-4d98-b694-2663711a4307,Sundowner,5,3
2020,51,91,1f43d76f-8edf-44f6-aaf1-b65f05ad9402,The Flaming Lips,d2dc5bf8-080c-4438-9bc2-d9407243b9da,American Head,5,3
2020,52,91,a0e8a1b1-5f8f-475a-a253-17415c17d0ff,Mac Miller,1a19e11b-106c-45fc-8452-387216ed18f7,Circles,1,1
2020,53,91,e5aa5d68-311e-435e-a143-68165adb05ca,Porridge Radio,6bbb582d-a671-4a16-8b2d-0f46eb344712,Every Bad,2,2
2020,54,91,63287966-6021-474a-ba76-edc37a5f1b7c,Jeff Tweedy,cd89aed2-9c7b-4154-96e2-17a88b1ef095,Love Is the King,2,2
2020,55,91,d7f5305a-15fc-4af4-a61b-f6f45510cc8f,Bob Mould,f9ee77bd-34f2-4703-82be-293fb838210a,Blue Hearts,5,3
2020,56,91,b569861e-935b-434e-b521-7f77991299aa,Bonny Light Horseman,a259fb18-a782-43e6-a40f-7517c85891dd,Bonny Light Horseman,2,2
2020,57,91,78f797e3-4913-4026-aad0-1cd858bd735b,Bright Eyes,11e3ccd7-a9a3-4798-ab3a-6115b023e116,"Down in the Weeds, Where the World Once Was",6,3
2020,58,91,89c081d4-2ab2-4d3e-8589-ad77dfc40384,Moses Sumney,1c50740c-1acb-4bd8-bf54-fc6a6dc859cb,græ,1,1
2020,59,91,20395131-fbde-43ce-b141-b700cfdae99c,Glass Animals,1ccd441a-a906-4773-8e72-e4055732a784,Dreamland,3,3
2020,60,91,fae834bb-51d6-436f-9492-29455f42ba0d,Thao & the Get Down Stay Down,21ee5fae-5a20-4d73-8e78-7a123f43de1d,Temple,4,3
2020,61,91,75167b8b-44e4-407b-9d35-effe87b223cf,Neil Young,de8c4624-9d37-416b-b87c-7711bd6c1743,Homegrown,4,3
2020,62,91,4342cf80-7c06-4402-a431-457e77310474,Holy Fuck,0d13a53f-486d-4f39-a96b-416167877c50,Deleter,1,1
2020,63,91,0ae49abe-d6af-44fa-8ab0-b9ace5690e6f,Bombay Bicycle Club,5bf829a8-bb49-43ca-be70-81d50629a0cc,Everything Else Has Gone Wrong,3,3
2020,64,91,cd9713d6-6e5f-4143-9412-4d12b7bd47f2,Laura Marling,95335b28-967c-49a2-bbc1-952c9fd0fb58,Song for Our Daughter,2,2
2020,65,91,9de8f66e-3cd1-4f11-8328-38200f0612b0,Doves,d47ed363-bf57-426d-b061-34675b8892b6,The Universal Want,4,3
2020,66,91,f6e61750-a6b7-4d88-979b-052345cd0e4a,Sturgill Simpson,945eea4e-c42e-4b86-976b-df4604b15d35,"Cuttin’ Grass, Vol. 1: The Butcher Shoppe Sessions",5,3
2020,67,91,6462c4f6-6f69-4636-a835-02eebe81c90f,Shabazz Palaces,037f5951-3f52-43ed-a95a-5965a4ec651e,The Don of Diamond Dreams,6,3
2020,68,91,ea5883b7-68ce-48b3-b115-61746ea53b8c,My Morning Jacket,a64a1915-2883-4f21-95b6-61a57d557851,The Waterfall II,9,3
2020,69,91,e07a111e-4e8a-4651-a849-01ac60551ab2,Kurt Vile,0e851efe-d13d-4a6c-af3d-9a0d32687406,"Speed, Sound, Lonely KV (ep)",6,3
2020,70,91,b7ddce8b-9e5c-46bd-9d33-41b134ce1a7f,Wolf Parade,d971359a-0c65-4e3e-b73b-2c7d5d786444,Thin Mind,5,3
2020,71,91,61604b45-8a91-4e33-a1b6-45d7b1fec4e5,Destroyer,431f17be-5991-4730-b01f-b2b2c47ecd56,Have We Met,4,3
2020,72,91,2c6f97fd-746b-442d-b5ec-238cccd7441d,Smokey Brights,63894e71-a51f-4bee-b671-641245cb7890,I Love You But Damn,3,3
2020,73,91,17d69e72-9cf2-496f-aa64-ba238de2087e,Moodymann,0e152200-b399-42d6-8027-e61862e17855,Taken Away,1,1
2020,74,91,8eae1e0a-1696-4532-9e3c-0a072217ef4c,Drive‐By Truckers,fe72c8a8-46a6-47f7-993d-0d9a27d8a982,The Unraveling,6,3
2020,75,91,260b6184-8828-48eb-945c-bc4cb6fc34ca,Charli xcx,e6f8d52b-3b24-4546-b86d-99d79b0df209,how i’m feeling now,3,3
2020,76,91,04c5ca8a-4afa-4031-aced-6357440dbc25,Hum,213c3c06-f954-4a60-b655-721fabb52042,Inlet,1,1
2020,77,91,70248960-cb53-4ea4-943a-edb18f7d336f,Bruce Springsteen,48e335f3-8e4a-4e38-b2df-e1514b9f9126,Letter to You,3,3
2020,78,91,887b5b46-3f15-4475-b2bd-4d026c2b2031,BRONSON,d95b8366-994d-448d-8689-422b20b6cabb,BRONSON,1,1
2020,79,91,9639cd52-c351-4a17-9797-58880e95a7ef,The Mountain Goats,9446cf48-4acd-47b8-8cc1-3e11a1a063a2,Getting Into Knives,8,3
2020,80,91,9efaf639-6332-44b8-94ae-c25896320ca7,Protomartyr,16b0d4f1-5541-489d-b30c-a68598768e0e,Ultimate Success Today,2,2
2020,81,91,74a30f2a-dae6-4e99-8a75-cb0f93b31aa6,Washed Out,52fca5ae-3bfc-404b-8eda-37b2b6f7513b,Purple Noon,4,3
2020,82,91,7a3809ff-b299-441b-a963-1c7bd635db78,Andy Shauf,b3757361-bee3-43f1-9457-20fd866fa784,The Neon Skyline,1,1
2020,83,91,9d88eaab-f90a-4fbe-b84f-20da5518cd26,Kelly Lee Owens,4f883542-76d0-4fb1-bd7f-f53ccd5e8bc3,Inner Song,2,2
2020,84,91,9ae93352-6da7-4efb-abb2-e43ef51acb25,EOB,43b0dee9-2952-41ad-a43a-d35d06900603,Earth,1,1
2020,85,91,acc25e07-3392-437a-b409-ed73b47f3d59,Songhoy Blues,6edde8f8-fce8-4ddf-9ae8-9d334bf5c441,Optimisme,1,1
2020,86,91,5ab8835e-ac44-4055-9c11-7878199606b5,Best Coast,e5bc5aa8-9f72-4906-bf5a-4dc49c09232b,Always Tomorrow,5,3
2020,87,91,d5ccd5b5-44b5-497e-9829-d8f1b69f412c,Dehd,4449d3fb-e82e-497c-aab3-a920ce41acb9,Flower of Devotion,3,3
2020,88,91,21685b15-3074-446e-aa1d-ff7157014f53,Lucinda Williams,b986064b-c590-4a90-bc84-748d0eb5366a,Good Souls Better Angels,3,3
2020,89,91,aba64937-3334-4c65-90a1-4e6b9d4d7ada,Aesop Rock,41e3b037-f9e7-4d57-ba10-5d1ceca56e01,Spirit World Field Guide,5,3
2020,90,91,42f0a4aa-644b-4bb6-aca0-07207562e8cb,Courtney Marie Andrews,cc9319ef-5bd5-4d1c-a02a-e7524bb757d9,Old Flowers,1,1
2020,91,91,551946bc-e6db-4d69-b50a-4f3cfb29963f,Polyrhythmics,363ae7f2-2df1-427c-b82a-d89e3b28e849,Man From the Future,3,3
2021,1,91,8c529495-91f5-4e2f-b71b-adcb66878d04,Japanese Breakfast,f4e55ff9-2fe6-417c-a631-f4cf528edc61,Jubilee,3,3
2021,2,91,6e8e3717-a62d-4a3f-886d-6a4e82507930,Arlo Parks,9700de59-1397-4375-ba4b-058e094e5f7a,Collapsed in Sunbeams,3,3
2021,3,91,be465d4f-c28d-4ba1-94ab-ebaada7db8af,IDLES,da9a2af4-e97d-43aa-92a9-f8e6c0eab37d,CRAWLER,4,3
2021,4,91,88927646-0c28-4b1b-a69e-cb33c400d650,Nation of Language,0aa93ff3-6bbe-4433-95f8-7c1061f6e58e,A Way Forward,4,3
2021,5,91,87b9b3b8-ab93-426c-a200-4012d667a626,The War on Drugs,af8f5795-7d03-449d-b6ee-65cf4b1e3a95,I Don’t Live Here Anymore,4,3
2021,6,91,8a74e5ea-6f68-49e1-951c-80d2291f7c3f,Dry Cleaning,adfb59fc-f1ea-4e2c-9de9-25be31c3019d,New Long Leg,3,3
2021,7,91,e01755e3-58ab-4a5b-a9e9-a0a3bd3dff4c,Parquet Courts,288c6409-6e97-4e9c-baa9-abcf3346a678,Sympathy for Life,5,3
2021,8,91,3cdb40fe-a63e-4bb9-b40d-17cda5f50979,Little Simz,e95de3f4-84db-4d24-8d06-fd970576a6ef,Sometimes I Might Be Introvert,4,3
2021,9,91,23b19bc5-813e-4456-bbae-ac3ca118f535,SAULT,f510ee22-32b9-42ce-9252-d8b1f7525622,NINE,9,3
2021,10,91,6bbb3983-ce8a-4971-96e0-7cae73268fc4,Jungle,7cb74cf3-7e87-4822-835a-2d2bbdf7f558,Loving in Stereo,4,3
2021,11,91,55111838-f001-494a-a1b5-9d818db85810,Courtney Barnett,0492f324-cd37-4295-a52c-d02e35753f1b,"Things Take Time, Take Time",5,3
2021,12,91,3547f34a-db02-4ab7-b4a0-380e1ef951a9,Wolf Alice,8216c4a1-367e-405e-8d67-9457f6e76c22,Blue Weekend,4,3
2021,13,91,dbe7fdf7-81b2-418b-b3f6-81ae71532f40,Lucy Dacus,5cc3fbf0-bfcd-4b2d-9242-c353626764e6,Home Video,3,3
2021,14,91,5334edc0-5faf-4ca5-b1df-000de3e1f752,St. Vincent,57d00bbd-bbec-440d-9e93-7ae6798dd630,Daddy’s Home,8,3
2021,15,91,0f74b263-65bf-4027-9708-45aadf40122d,Amyl and the Sniffers,dae7fa1e-f8e6-4eef-a0a4-700307c439be,Comfort to Me,3,3
2021,16,91,baf05baf-69fb-47dd-93c2-033536b8c385,Brandi Carlile,f72c752e-599f-40f0-b1db-ec74319303e0,In These Silent Days,4,3
2021,17,91,86cd4d38-857c-42bd-a5da-9acedcab1e01,Snail Mail,294e4822-77bd-499e-ae6f-4c890d79b699,Valentine,2,2
2021,18,91,5da8d9b1-af89-43a3-a519-8e32ec21e7f5,Durand Jones & The Indications,055a1a06-044c-4cd8-8d9b-05e80bea2b55,Private Space,1,1
2021,19,91,e3bda984-f349-4924-b4b8-f72478bbb3f3,Julien Baker,03e8da57-fd08-4864-89e7-4919ddfe4735,Little Oblivions,2,2
2021,20,91,b1cd7f1a-96a9-4990-a991-34b44088a756,Warren Dunes,559d0db0-1bb6-4271-9379-c6337548563b,Get Well Soon,2,2
2021,21,91,d70f3879-b92c-4948-a430-fc25d2e3c52d,Delvon Lamarr Organ Trio,10e02ce0-f9bf-47bd-9105-b97e8796a80e,I Told You So,2,2
2021,22,91,69d9dfd7-19b7-4a75-8a53-9f733fb5d774,Leon Bridges,23e43de4-5382-444b-a6ec-aa8cfb7701bd,Gold-Diggers Sound,4,3
2021,23,91,f58384a4-2ad2-4f24-89c5-c7b74ae1cce7,King Gizzard & the Lizard Wizard,0d818618-f507-4a76-a245-7b9c86738b68,Butterfly 3000,13,4
2021,24,91,9b422c81-017c-4f8f-a7a9-ba6229c29343,TORRES,8d3f3dfc-6393-4701-b89e-34e30912ca93,Thirstier,2,2
2021,25,91,3381882a-9e5a-44f9-b383-89759edf1dbd,Curtis Harding,ad96e417-76ba-4a7c-baf4-8e46fd1e65fb,If Words Were Flowers,1,1
2021,26,91,6a93afbb-257f-4166-b389-9f2a1e5c5df8,CHVRCHES,3c6bde65-dacd-4eb7-96e8-2db869b61b99,Screen Violence,4,3
2021,27,91,a74b1b7f-71a5-4011-9441-d0b5e4122711,Radiohead,6f25f9fb-e9e3-4c0d-8904-ecb8b46cd8aa,KID A MNESIA,8,3
2021,28,91,f6beac20-5dfe-4d1f-ae02-0b0a740aafd6,"Tyler, The Creator",c65de046-7a48-4269-b4e5-4db0ed328f47,CALL ME IF YOU GET LOST,4,3
2021,29,91,42faad37-8aaa-42e4-a300-5a7dae79ed24,Low,b835ce22-736e-4338-8a88-f558daa84d60,HEY WHAT,6,3
2021,30,91,29a2e15e-b14f-42ca-8f65-d52479872452,Goat Girl,78d42053-c873-47f4-94bf-17badea7d027,On All Fours,1,1
2021,31,91,5422ef5d-00d4-4c7a-81ab-03cb8fc3cc45,Squid,1cda298d-bffd-40e5-b4b7-a5fc35a3e5a1,Bright Green Field,2,2
2021,32,91,503f5f52-0cfc-4f7a-b9c4-f3fc79479a34,Ambar Lucid,f522682d-0d83-420a-ae34-20c6f6c48780,Get Lost in the Music,1,1
2021,33,91,4afbef0a-05ee-4551-b0e0-f1f1870d8f1c,black midi,2ef2d793-4fe4-4947-a476-828ccfad19ad,Cavalcade,3,3
2021,34,91,51c76d97-0635-433c-b26d-66beb81657f8,Lord Huron,86832b46-99be-44fd-afcd-4b3ad327c0ec,Long Lost,5,3
2021,35,91,9b5ae4cc-15ae-4f0b-8a4e-8c44e42ba52a,La Luz,8bc5ac6a-fce4-46d1-9c7e-1d60cefb8e97,La Luz,5,3
2021,36,91,230f2c85-8b1c-4e88-ab5d-0d015a4bbe16,ACTORS,5d03fe2c-5db3-4764-b972-0b771164f3da,Acts of Worship,2,2
2021,37,91,3944b36f-0ec2-4972-bab4-c45477b7b8f1,Left at London,31a18f36-0e29-405d-8ee7-29fb52a9a6dd,t.i.a.p.f.y.h.,3,3
2021,38,91,e9403d9c-329b-4108-a26f-564159d441d9,"Black Country, New Road",968b13bb-026b-410e-831e-a7bb7418ea60,For the First Time,3,3
2021,39,91,b7539c32-53e7-4908-bda3-81449c367da6,Lana Del Rey,b76289b0-605e-495e-b9f4-80437b70c94e,Chemtrails Over the Country Club,6,3
2021,40,91,95f7536d-b2f7-4087-8668-a663ec201f5a,Sleigh Bells,30319b47-d95e-41d3-a87f-8f06d11f95c0,Texis,3,3
2021,41,91,f58384a4-2ad2-4f24-89c5-c7b74ae1cce7,King Gizzard & the Lizard Wizard,cce52fc7-408a-43bf-9c86-f77e358877dd,L.W.,13,4
2021,42,91,ea5883b7-68ce-48b3-b115-61746ea53b8c,My Morning Jacket,2dbf59ee-b48d-4c18-9ff6-db03ef9a42ee,My Morning Jacket,9,3
2021,43,91,0fc78799-38c2-4ee1-8c0f-0b8f7009b7ba,Silk Sonic,97a8636b-af26-46b9-a3f4-4ed57c75a2da,An Evening With Silk Sonic,1,1
2021,44,91,6757d72a-3ac9-4ccb-b69b-39f691477180,Big Red Machine,ec0d1513-6db9-4c11-a9b3-4dd5b51b5f73,How Long Do You Think It’s Gonna Last?,1,1
2021,45,91,cd8c5019-5d75-4d5c-bc28-e1e26a7dd5c8,José González,bf40c3b8-4a1f-49da-9549-109a4d57d092,Local Valley,3,3
2021,46,91,fac3ff34-6ba4-425a-8f01-b181ef4a908a,tUnE-yArDs,3471afbd-b1c9-4852-acf8-3cae147a9e2c,sketchy.,5,3
2021,47,91,4ecf50fc-b788-4d67-9972-ff6e1aed5295,Flock of Dimes,bbe37e61-38a5-4812-89f4-ee8305a6dee9,Head of Roses,1,1
2021,48,91,09d8290b-6ada-422f-8ce3-19349fb1c15d,Sleaford Mods,adc9976e-dc67-4604-b907-4e4e12cdb292,Spare Ribs,2,2
2021,49,91,b625448e-bf4a-41c3-a421-72ad46cdb831,John Coltrane,629eabdb-f91a-4024-9099-38061c2ca365,A Love Supreme: Live in Seattle,1,1
2021,50,91,754294d5-d7d2-4ea2-8184-1dcaaf55a56f,BADBADNOTGOOD,441eca34-2e70-4ecb-8b07-da009aa1680f,Talk Memory,2,2
2021,51,91,77c167d2-4965-4421-830a-9815e4956475,Dinosaur Jr.,0c1df9c2-b00d-43ce-981a-305dbb594e67,Sweep It Into Space,5,3
2021,52,91,07a17571-81fc-4cf8-a634-98f0d926d313,Ty Segall,53b893e3-8500-4186-808c-f6016c71e736,Harmonizer,9,3
2021,53,91,d85defaf-b82e-48be-beb5-2672099e392e,Mdou Moctar,6dad7139-7cd5-41bc-b7fc-6bf20fc1155a,Afrique victime,2,2
2021,54,91,eda7da10-0b65-41df-ac36-9c83b7017f7a,The Weather Station,297db407-0049-42c3-8640-e05174f3b5b8,Ignorance,1,1
2021,55,91,7b748dac-f5ce-45a7-9b95-c1d8b5b013ed,Turnstile,0f06bec9-22c7-4f7d-8784-5e902096246b,GLOW ON,2,2
2021,56,91,4aae17a7-9f0c-487b-b60e-f8eafb410b1d,Nick Cave,189d0b66-b509-43dc-baac-59ee6fe0ab90,CARNAGE,1,1
2021,57,91,a96ac800-bfcb-412a-8a63-0a98df600700,Modest Mouse,e3af9c96-14e3-4a69-8091-1e2e4d6ea725,The Golden Casket,5,3
2021,58,91,8dc08b1f-e393-4f85-a5dd-300f7693a8b8,James Blake,dddf4559-2271-4fb7-90ba-8ae7b4a61af3,Friends That Break Your Heart,6,3
2021,59,91,d15721d8-56b4-453d-b506-fc915b14cba2,The Black Keys,1299df7b-411d-4fa7-9f19-5c1001a69eb5,Delta Kream,9,3
2021,60,91,ed924a5c-b7a6-4df4-ada5-1fde52f17387,Aaron Frazer,e943e56f-5a36-4fb0-af91-76f01dddf9f9,Introducing…,1,1
2021,61,91,ce4a1c08-6912-423f-bf6c-97ce69f5e89f,Faye Webster,aa790ade-a90c-4c8c-a312-a671b8238a49,I Know I'm Funny haha,1,1
2021,62,91,b675f327-4738-4af4-bb83-1adb0003f2d3,Yves Tumor,6522d96c-91b4-4620-96df-2612dad0e22b,The Asymptotical World EP,3,3
2021,63,91,cc2c9c3c-b7bc-4b8b-84d8-4fbd8779e493,Adele,d8a99910-33c2-481d-9b96-085ece5545f6,30,2,2
2021,64,91,d1393ecb-431b-4fde-a6ea-d769f2f040cb,Kacey Musgraves,91fa494d-c409-4dc2-a8d3-430b63dd2aa9,star-crossed,1,1
2021,65,91,69d9c5ba-7bba-4cb7-ab32-8ccc48ad4f97,Floating Points,970f689d-1778-4953-b3ed-48d057625724,Promises,1,1
2021,66,91,e21857d5-3256-4547-afb3-4b6ded592596,Gorillaz,663d23d3-f238-42f5-bc16-96cdc02b55bf,Meanwhile EP,8,3
2021,67,91,9df0c0ec-619e-447d-a155-23e19d9c84ce,Viagra Boys,8a2010c4-cfea-4ea1-b15e-034727293ca8,Welfare Jazz,2,2
2021,68,91,93998e01-ff53-4af7-ba2a-5674adcdf21e,H.E.R.,51ad97fa-2a53-4b45-ab1d-c44e2a386f53,Back of My Mind,1,1
2021,69,91,cd5799f6-e6cf-4322-a659-96f5de4a2f6c,Altın Gün,b792d7b5-505a-427b-8f3d-f3edd2247252,Yol,2,2
2021,70,91,37e87694-b263-4ff4-839f-463f78cfef54,Cleo Sol,951451ec-f5bf-4c2c-8bf4-f6bd7f1dc9ed,Mother,1,1
2021,71,91,01d3c51b-9b98-418a-8d8e-37f6fab59d8c,Sufjan Stevens,56b4b3e0-70a6-421d-bf3e-34e46787cbf5,A Beginner’s Mind,9,3
2021,72,91,d700b3f5-45af-4d02-95ed-57d301bda93e,Mogwai,ef8e8e4d-05a2-4732-b68a-c5b6af86d786,As the Love Continues,6,3
2021,73,91,b76c1bf7-f33b-460c-bfc3-f140d023fc94,Valerie June,82ef3d3c-0276-4596-aeee-ee4a418280aa,The Moon and Stars: Prescriptions for Dreamers,1,1
2021,74,91,e36e78eb-3ace-4acd-882c-16789e700ab7,Sleater‐Kinney,66018a12-50af-4274-be9c-16706fc60507,Path of Wellness,6,3
2021,75,91,0a28e2c9-20d3-4541-8e25-bcea06916fc2,True Loves,5ee1076b-8b60-4e4e-bcc4-8b6be7af8b7a,Sunday Afternoon,2,2
2021,76,91,4ae429fe-735c-4968-8253-a591421b1bd0,girl in red,8a139f4b-0ad9-4265-8d91-d8e80d9c053f,if i could make it go quiet,1,1
2021,77,91,a8d894ce-0e6b-4ddd-a49b-46f6330a590f,Indigo De Souza,34ef3688-9601-41ed-8ade-7fa557d42581,Any Shape You Take,3,3
2021,78,91,f4ccf6c5-ad41-4f8f-bb9e-6e2c6ad23302,Deafheaven,6d015238-53a5-4dc6-8c83-0afd2b6e350a,Infinite Granite,2,2
2021,79,91,aa0a54b3-d37e-4c1d-a53f-b3b94a3dfcad,Helado Negro,1c16e634-5e81-439b-8b64-a8535938d8d4,Far In,1,1
2021,80,91,a2a72dba-3a08-43c4-859c-4c7f5fcc9599,Jon Batiste,eeb0cb68-afe0-4800-b91c-e0b559e0724f,WE ARE,1,1
2021,81,91,3294b9ce-0bef-4080-8ae8-95bad1abd71c,shame,e9500fdb-b6a0-4817-be83-b276cd4bab68,Drunk Tank Pink,2,2
2021,82,91,92de1f8d-833e-47d0-ba85-02a03c81848a,illuminati hotties,d01c6235-7760-4e9d-887b-8dc368c1c55d,Let Me Do One More,1,1
2021,83,91,0efbd9d6-4c5b-48e5-b7ff-d61e0969893a,Strand of Oaks,55c573f3-501c-45e9-96a8-9c8fd06339c0,In Heaven,3,3
2021,84,91,aba64937-3334-4c65-90a1-4e6b9d4d7ada,Aesop Rock,842eeeec-6aab-4e62-acc1-5a3504327844,Garbology,5,3
2021,85,91,d3149a8a-6854-45ce-8b91-9f327be22c3f,Bachelor,1f5a4827-580f-45db-92e7-8bfcf71623e9,Doomin’ Sun,1,1
2021,86,91,1b8a634e-9fa2-4ddb-bdcf-50bc7e4b167c,Celeste,07a41871-12aa-4b90-ac94-9beac1854de2,Not Your Muse,1,1
2021,87,91,857c2983-0a33-466f-8607-28504ba8a6c0,Jason Isbell and the 400 Unit,f8392165-0556-4725-ba5c-bad182c777c0,Georgia Blue,4,3
2021,88,91,185527bf-c293-4c24-8213-ed98fb8976be,Angel Olsen,35e94238-b7b3-4cc0-854a-17cd0d5c309e,Aisles,6,3
2021,89,91,dbf0a5c5-3665-4495-b13b-99438a6a0900,El Michels Affair,a04b849a-81ee-4a9d-b419-7eb39c8212ef,Yeti Season,2,2
2021,90,91,2c02eece-9832-4850-9150-b0e269f65d8b,Middle Kids,2bdb12aa-4ade-4558-8120-65c05d52a7bb,Today We’re the Greatest,2,2
2021,91,91,f6e61750-a6b7-4d88-979b-052345cd0e4a,Sturgill Simpson,7ba12a78-e4b3-450f-96ec-caf29a1abcee,The Ballad of Dood & Juanita,5,3
2022,1,91,90744b3e-363a-458e-8da1-e3e392a489c4,Wet Leg,d53be2e5-fe7c-4681-85f3-960493aa02b5,Wet Leg,2,2
2022,2,91,584c04d2-4acc-491b-8a0a-e63133f4bfc4,Yeah Yeah Yeahs,4d49427b-f9d9-46f6-9922-5e9499433880,Cool It Down,7,3
2022,3,91,fd87acc7-e0a0-4a45-bc2a-d2ab5c10be68,Fontaines D.C.,aa2f908a-5aba-40c1-a198-3d0ad4f43486,Skinty Fia,4,3
2022,4,91,9f81247f-7f57-42f3-a8ba-75bef554e591,Big Thief,d705a3ed-be7a-459c-ac74-58cddaf98576,Dragon New Warm Mountain I Believe in You,5,3
2022,5,91,d5cc67b8-1cc4-453b-96e8-44487acdebea,Beach House,0609eab3-6dc1-4cd7-b1c3-d5c87a5c2133,Once Twice Melody,8,3
2022,6,91,2e222fce-02ae-4221-b1c6-3c3242b423b6,ODESZA,3a5d4174-1a4f-4840-93b4-0330052ee03f,The Last Goodbye,3,3
2022,7,91,99450990-b24e-4132-bb68-235f8c3e2564,Alvvays,0e68df76-a5fc-4d70-9ff6-e71e2ad83330,Blue Rev,3,3
2022,8,91,859d0860-d480-4efd-970c-c05d5f1776b8,Beyoncé,2c385052-5083-43a2-b1e5-36566d2ae3c0,RENAISSANCE,4,3
2022,9,91,b51f07c9-a42c-4ea7-b5ed-ce4b7f47101a,Hatchie,caae693a-ba31-4408-948d-e1c62f66ae97,Giving the World Away,3,3
2022,10,91,4c74fc48-8108-4556-87af-154af74f2ce5,The Beths,5efba732-477d-4dbd-9389-db7441ddf233,Expert in a Dying Field,4,3
2022,11,91,84eac621-1c5a-49a1-9500-555099c6e184,Spoon,0ea1a9de-547e-4317-a747-f7b2ffb54274,Lucifer on the Sofa,8,3
2022,12,91,aea4c9b9-9f8d-49dc-b2ca-57d6f26e8634,Khruangbin,f8d90c4a-34b9-4d3f-a88b-cf91d5ea8acc,Texas Moon,5,3
2022,13,91,6ce5eca0-4ad6-49e0-a5ab-e11482d85324,Sudan Archives,b7cf92f5-a814-4e4c-9906-97a2af67f357,Natural Brown Prom Queen,2,2
2022,14,91,9055fca5-69bc-4d47-b569-ab2012a19565,The Smile,50b9771f-40fd-4511-bc8e-408cd3358b12,A Light for Attracting Attention,4,3
2022,15,91,381086ea-f511-4aba-bdf9-71c753dc5077,Kendrick Lamar,6bd70eee-bd46-4738-851a-f50c19d8d6db,Mr. Morale & the Big Steppers,7,3
2022,16,91,8fb5370b-9568-4b61-9da5-2aa12c9928db,Lizzo,29bd1493-ce60-43c6-afb4-487b77de494c,Special,2,2
2022,17,91,4173ee0d-e003-496a-98eb-a2eaa90cb3f7,Nilüfer Yanya,d831b7a0-da93-49df-8102-b3c219a811df,PAINLESS,2,2
2022,18,91,3ac482b8-1494-4071-a0e9-f192f9d2c2b0,Built to Spill,ef4d4b99-a73c-48f4-8e7f-5244c38e4cbd,When the Wind Forgets Your Name,5,3
2022,19,91,5a2e9cd3-010a-4aae-9f83-629253284202,Sharon Van Etten,61219950-ea7f-4d85-8c8c-fabafcdb7394,We’ve Been Going About This All Wrong,6,3
2022,20,91,0039c7ae-e1a7-4a7d-9b49-0cbc716821a6,Death Cab for Cutie,8b9d6185-ec7b-472e-84f1-19aaf50ed39c,Asphalt Meadows,9,3
2022,21,91,4b356f05-bcc2-4544-925b-fd9a1bf708be,Danger Mouse,3d4b56c0-0abf-4bea-a12e-99def53e306f,Cheat Codes,1,1
2022,22,91,185527bf-c293-4c24-8213-ed98fb8976be,Angel Olsen,c66ca7b3-aad2-41e9-9826-b2675fe21545,Big Time,6,3
2022,23,91,fa58cf24-0e44-421d-8519-8bf461dcfaa5,Mitski,f99a6b54-900b-4f17-bdcf-451639873b5d,Laurel Hell,4,3
2022,24,91,eac962e1-0295-4e69-a266-4dab2adb4f11,Kevin Morby,255dec0f-b481-45ad-bb6e-8106ceac1c07,This Is a Photograph,5,3
2022,25,91,373faa02-74d7-4b1d-9b47-7574ad510f8d,First Aid Kit,cbd76ffb-9e6a-4993-a72a-95d351491bc4,Palomino,4,3
2022,26,91,469d6414-1f06-43de-80d5-17762d4a356a,Weyes Blood,a392a1a8-8d91-4a79-82a4-0f7e894eb435,"And in the Darkness, Hearts Aglow",2,2
2022,27,91,8a74e5ea-6f68-49e1-951c-80d2291f7c3f,Dry Cleaning,e158aa01-e752-4d4b-9cfb-69335efd54d3,Stumpwork,3,3
2022,28,91,23b19bc5-813e-4456-bbae-ac3ca118f535,SAULT,84c9b4f5-673c-40df-b257-3a5998c274b9,11,9,3
2022,29,91,e9403d9c-329b-4108-a26f-564159d441d9,"Black Country, New Road",d622ed70-ccc3-4658-8a0a-b7a2d577c28d,Ants From Up There,3,3
2022,30,91,84803b1d-dcb3-490d-9af5-debbba64a011,Soccer Mommy,87df703b-d824-4766-b0b1-961674db2430,"Sometimes, Forever",4,3
2022,31,91,f58384a4-2ad2-4f24-89c5-c7b74ae1cce7,King Gizzard & the Lizard Wizard,42e0586b-7ef2-4254-a056-8db8d90df8c5,"Ice, Death, Planets, Lungs, Mushrooms and Lava",13,4
2022,32,91,437b356d-88f1-4dde-af5e-dec1c9d7dde4,Orville Peck,99bea649-be72-4e3b-a892-bce7ad6f3d3f,Bronco,4,3
2022,33,91,b60c8ec7-f8a7-424f-ae88-b1b2fcbe1aab,Enumclaw,233797e9-3a65-4bfc-92a3-040be52d1bd0,Save the Baby,1,1
2022,34,91,0ece139d-19a4-44c6-85e6-0406e8055a21,Ibibio Sound Machine,09d5a6e2-95b8-403d-ab5c-18de5c8262ac,Electricity,2,2
2022,35,91,c69af97b-4d3b-4f72-9746-829b6b9d5f88,Yard Act,c127d9f0-336b-4766-a927-b2eaa8737180,The Overload,2,2
2022,36,91,5fee3020-513b-48c2-b1f7-4681b01db0c6,Florence + the Machine,bcdc25a0-7c27-4a77-80fa-f5feb8f49733,Dance Fever,6,3
2022,37,91,d70f3879-b92c-4948-a430-fc25d2e3c52d,Delvon Lamarr Organ Trio,82851f0f-c67b-4fff-bf72-449a506c1a65,Cold as Weiss,2,2
2022,38,91,f58384a4-2ad2-4f24-89c5-c7b74ae1cce7,King Gizzard & the Lizard Wizard,13c20751-6910-4233-8e81-a4b772b517c0,Omnium Gatherum,13,4
2022,39,91,87c5dedd-371d-4a53-9f7f-80522fb7f3cb,Björk,b1977359-d45c-4e49-8ae7-1dbbb37f0811,Fossora,6,3
2022,40,91,e07a111e-4e8a-4651-a849-01ac60551ab2,Kurt Vile,be9f0937-17e0-4c01-a095-91ca11825a52,(watch my moves),6,3
2022,41,91,4424a6e5-5232-4410-b1f0-b8b510d31ffd,Horsegirl,b8c0ad69-d7be-4069-86f4-aa53493cc25e,Versions of Modern Performance,2,2
2022,42,91,25f3abd9-63b5-471a-bd25-feb9672dfa11,ROSALÍA,f455f658-dd55-4790-8cd3-99c7c273018a,MOTOMAMI,2,2
2022,43,91,9b627d78-b041-4b23-bb70-3534e61afc7e,Automatic,9bea8a2b-246d-43bb-91ed-3d1f5bd37f99,Excess,2,2
2022,44,91,d8915e13-d67a-4aa0-9c0b-1f126af951af,Hot Chip,4fda022b-4589-4628-b38d-b4ebe4a5a96b,Freakout/Release,7,3
2022,45,91,7df4c4de-3181-4a69-bd36-9d663970cebb,Alex G,26e50192-3b06-4556-952c-36d86c4253e3,God Save the Animals,2,2
2022,46,91,9a709693-b4f8-4da9-8cc1-038c911a61be,Bonobo,c0b8d15f-baed-499c-80d3-037325756e9c,Fragments,3,3
2022,47,91,ada7a83c-e3e1-40f1-93f9-3e73dbc9298a,Arctic Monkeys,249d7049-7d56-497b-abfe-464e3c535daf,The Car,7,3
2022,48,91,c8b03190-306c-4120-bb0b-6f2ebfc06ea9,The Weeknd,3344452a-3da9-4b4f-8954-ae23a86c2ecf,Dawn FM,3,3
2022,49,91,260b6184-8828-48eb-945c-bc4cb6fc34ca,Charli xcx,8d0f0148-7c6e-455d-872e-9851284c5522,CRASH,3,3
2022,50,91,97b20fe3-0924-4a5f-9955-d0b5c5f9587f,Santigold,273c7e33-ce6f-42bf-8cd0-97965be68ee6,Spirituals,4,3
2022,51,91,9e53f84d-ef44-4c16-9677-5fd4d78cbd7d,Wilco,e03fbefb-4b8f-4c14-974d-5e93d8a71f8c,Cruel Country,11,4
2022,52,91,4afbef0a-05ee-4551-b0e0-f1f1870d8f1c,black midi,d9ca78a8-e6d1-442c-bad1-4e5f26542111,Hellfire,3,3
2022,53,91,f58384a4-2ad2-4f24-89c5-c7b74ae1cce7,King Gizzard & the Lizard Wizard,46b8a415-405e-44ed-ba65-0aeed626355c,Changes,13,4
2022,54,91,fc7bbf00-fbaa-4736-986b-b3ac0266ca9b,alt‐J,09cd958e-754b-414d-b8da-e2376135dcd0,The Dream,5,3
2022,55,91,5f95440d-7737-4a36-9bcf-c05337f7129b,Denzel Curry,299a1b9f-7cdd-46da-a5ea-77571ce04009,Melt My Eyez See Your Future,1,1
2022,56,91,d5ccd5b5-44b5-497e-9829-d8f1b69f412c,Dehd,ad59316e-071d-4da7-88cd-1607de08c27b,Blue Skies,3,3
2022,57,91,cf82a38f-9413-4333-bacb-ca5b6db95794,Warpaint,65ce7e4b-fbf5-4177-bd34-ec9ff74b2217,Radiate Like This,3,3
2022,58,91,5aeb21a3-4606-4a0d-8369-50c768d1e99a,Stars,e4ce7a0f-a1c4-4022-9ac9-4138c4f80993,From Capelton Hill,5,3
2022,59,91,3a6d6481-142d-423f-91d4-55bbfff318ed,Toro y Moi,56debeaa-5db4-4c68-bfd5-a4c6b19128cf,MAHAL,3,3
2022,60,91,ecd00b8b-f697-4d90-8641-6633af356747,The Linda Lindas,c6ae5ab2-e785-4cdc-9b27-7add7fada3a7,Growing Up,1,1
2022,61,91,c4593b34-2a94-4e44-ae10-4a0f4c0b4da8,Sylvan Esso,63e2635e-4b4a-46dc-ba4a-c3b0e8a95e5f,No Rules Sandy,4,3
2022,62,91,6a65d878-fcd0-42cf-aff9-ca1d636a8bcc,Foals,659d06b9-726b-4cda-9741-8d87d53b05fc,Life Is Yours,7,3
2022,63,91,89ad4ac3-39f7-470e-963a-56509c546377,Various Artists,ab512ab8-b5c4-4f43-9726-d6987aba9e8b,"Live at KEXP, Volume 10",8,3
2022,64,91,f95d0f4f-d344-4acd-bec8-cc512b40f629,Julia Jacklin,fe36198d-c1e6-4b63-8170-2541d8c28550,Pre Pleasure,2,2
2022,65,91,7bab7a05-8b0f-4778-b0b8-02dd6deb463a,Just Mustard,e2169093-28bf-45dc-b490-95321a5833d3,Heart Under,2,2
2022,66,91,4449ccf6-c948-4d33-aa97-b6ad98ce4b5b,Metric,054eb133-cbe9-4b7e-b3bf-41fdc9f1cfa1,Formentera,4,3
2022,67,91,dde26295-8cd4-474c-8740-3edb801b2776,Maggie Rogers,c002fafd-04cb-43a3-a006-1274d2c1e65c,Surrender,2,2
2022,68,91,9e1ea361-c2cc-45a4-a926-00518453efc0,Bartees Strange,cd88b8dd-a6a7-4e02-9e71-c1a12b2db71b,Farm to Table,1,1
2022,69,91,f8a7e6b4-0e44-4792-ab72-ee7e4b04e99d,Plains,d68e021d-8740-4f67-aa19-52f7e26b56a0,I Walked With You a Ways,1,1
2022,70,91,fc0b6d53-d174-4b91-9c8e-dc0564275ff6,Cheekface,05a6d772-a08f-4e2e-bd86-18a45c9b76aa,Too Much to Ask,1,1
2022,71,91,49814f71-8fef-41ec-9af8-b6995c0bd601,The Black Angels,0ff6c0af-9859-4b5f-b28a-ed9cf9271375,Wilderness of Mirrors,7,3
2022,72,91,19991eaf-c64b-4db7-bc06-12cade54bfe5,MUNA,ba73f52e-18db-4010-bb67-719ee1062da1,MUNA,1,1
2022,73,91,1e4e9db7-5068-4a9c-bdd0-5777e47172c8,FKA twigs,edc8b011-6294-48b6-b064-67dfd1712c1b,CAPRISONGS,5,3
2022,74,91,5b6ebfe0-f72b-4902-bba9-74c8af0f1af0,The 1975,1273cb92-8775-404b-bc1b-4381a8c6a5b1,Being Funny in a Foreign Language,1,1
2022,75,91,23b19bc5-813e-4456-bbae-ac3ca118f535,SAULT,480b5208-88af-472b-98a3-6f7577dcc7c3,UNTITLED (God),9,3
2022,76,91,b053efc9-e8ea-474a-981f-a3c6fffcc694,Hurray for the Riff Raff,3d9a5964-9285-4ceb-9e61-0a7d6ed7b453,Life on Earth,3,3
2022,77,91,7a2533c3-790e-4828-9b30-ca5467c609c5,Kae Tempest,31311835-e230-489c-bc1c-0b3fd087f96d,The Line Is a Curve,3,3
2022,78,91,2feb192c-2363-46d6-b476-1c88a25cb294,The Afghan Whigs,0905cbf6-42e8-49bf-a4f8-8a6a28b554ee,How Do You Burn?,3,3
2022,79,91,b4c8edcb-9cc9-4900-89cc-6d8b9817d6c8,Blushing,0cdbfda4-585b-4d45-bb21-95e318970359,Possessions,1,1
2022,80,91,b29020d6-5dbf-4c99-b16f-c009f8a712ff,Steve Lacy,ab1c1fd8-f769-4d78-90bc-4677f8ad8c22,Gemini Rights,1,1
2022,81,91,677e31f1-4035-463c-8ca4-41175440c919,Ethel Cain,5413753c-9404-4cb7-af0c-f3957a91487d,Preacher’s Daughter,1,1
2022,82,91,3e3c2787-4412-4614-82af-ce903b4d8b96,PVA,d0fc3764-be5d-4f68-83c3-24bcd35ec7bf,BLUSH,1,1
2022,83,91,6dc9bc09-a0c7-40f9-b491-f90845927533,Boy Harsher,a997db62-f64c-4aab-8373-f959d685644c,The Runner (Original Soundtrack),1,1
2022,84,91,9d79c790-9897-464e-aef0-db5bd3290f00,Sampa the Great,97bc9081-881a-49ea-8004-d66955c3a55c,As Above So Below,2,2
2022,85,91,3a605eba-b6a1-4298-855d-b3033df0bf8b,幾何学模様,b9a6d3d3-e308-4d87-9b9b-6f33c655a41c,Kumoyo Island,2,2
2022,86,91,3ae2fb37-8a23-429d-9920-bac811c4fc22,Jack White,c0024f0b-27c6-4fec-9ab1-93ca7a491af1,Fear of the Dawn,5,3
2022,87,91,8d455809-96b3-4bb6-8829-ea4beb580d35,Phoenix,ef781f85-796a-48f4-b581-8f4dd513641f,Alpha Zulu,4,3
2022,88,91,7d04679e-a855-4214-9543-febaf02de725,Original Koffee,5a26bb85-a06d-4243-b392-38fbab1b358a,Gifted,1,1
2022,89,91,e5aa5d68-311e-435e-a143-68165adb05ca,Porridge Radio,aece812b-f8b2-4aad-b25c-065009a353bd,"Waterslide, Diving Board, Ladder to the Sky",2,2
2022,90,91,88d17133-abbc-42db-9526-4e2c1db60336,beabadoobee,b27250e6-f50f-45fb-8d62-38003e5a9753,Beatopia,1,1
2022,91,91,07b6020a-c539-4d68-aeef-f159f3befc76,Band of Horses,10d53273-c82e-4943-bdc3-8a34d6f4ac46,Things Are Great,7,3
2023,1,91,3ceeddbd-fba5-4bdb-99f7-2d028ed5afda,boygenius,1339f18d-220a-4405-8ae9-e52993b1ef70,the record,2,2
2023,2,91,88927646-0c28-4b1b-a69e-cb33c400d650,Nation of Language,af9301be-e8e6-4068-a332-2b92e1bfc95e,Strange Disciple,4,3
2023,3,91,a16371b9-7d36-497a-a9d4-42b0a0440c5e,Slowdive,0070ec11-d0ef-4df2-9cf8-f8a10f083f27,everything is alive,2,2
2023,4,91,d8f43dc5-4613-48ac-8c23-a62b82f8c67a,Caroline Polachek,20bbd8b3-35fa-4a29-9a94-13f4f01bf9ca,"Desire, I Want to Turn Into You",1,1
2023,5,91,6bbb3983-ce8a-4971-96e0-7cae73268fc4,Jungle,07bd527b-afe9-405b-bc92-0766cb280d05,Volcano,4,3
2023,6,91,01d3c51b-9b98-418a-8d8e-37f6fab59d8c,Sufjan Stevens,56dba069-d0a1-4353-b786-db6fc8269139,Javelin,9,3
2023,7,91,dd569857-d15e-4dbe-baad-b46a5ffe34a0,Black Pumas,673e7ff1-ea90-4253-8f86-a224c7505a11,Chronicles of a Diamond,2,2
2023,8,91,e21857d5-3256-4547-afb3-4b6ded592596,Gorillaz,160bc106-a0d1-456e-b704-6f91b05dfa04,Cracker Island,8,3
2023,9,91,8538e728-ca0b-4321-b7e5-cff6565dd4c0,Depeche Mode,5db2f1f0-ae05-4de2-930d-b0d3cea31d15,Memento Mori,1,1
2023,10,91,6d5c33ee-5357-4eee-8420-e50aec54982b,Bully,14a5b68c-ce61-43ff-bbaa-6cb0f901c3bb,Lucky for You,4,3
2023,11,91,b675f327-4738-4af4-bb83-1adb0003f2d3,Yves Tumor,7a7d42ce-73e2-433d-a774-148eb8727e0a,"Praise a Lord Who Chews but Which Does Not Consume; (Or Simply, Hot Between Worlds)",3,3
2023,12,91,6e8e3717-a62d-4a3f-886d-6a4e82507930,Arlo Parks,0deb2b89-fa86-4700-932f-e130925351a4,My Soft Machine,3,3
2023,13,91,fa58cf24-0e44-421d-8519-8bf461dcfaa5,Mitski,242741bf-182e-45d9-9276-5af8d1b31ad9,The Land Is Inhospitable and So Are We,4,3
2023,14,91,ee190f6b-7d98-43ec-b924-da5f8018eca0,Janelle Monáe,b002f5a0-5687-41b5-9042-e455489ca041,The Age of Pleasure,4,3
2023,15,91,664c3e0e-42d8-48c1-b209-1efca19c0325,The National,33ad1a8e-9877-430d-9fae-524ad5f7999a,First Two Pages of Frankenstein,9,3
2023,16,91,1946a82a-f927-40c2-8235-38d64f50d043,The Chemical Brothers,0eb13d65-b2a3-4b1b-9a2e-da61d6ba55e5,For That Beautiful Feeling,3,3
2023,17,91,76a91880-2242-4c2a-8982-d56fb1ee686d,Black Belt Eagle Scout,2c95b991-6a13-4a01-8013-b62e132da4fc,"The Land, the Water, the Sky",3,3
2023,18,91,3f542031-b054-454d-b57b-812fa2a81b11,Yo La Tengo,557bc850-2155-4dfd-84dd-01babf329a11,This Stupid World,7,3
2023,19,91,64dad611-8ada-4696-ac5f-ecb8bf73d51b,Say She She,844cf4cc-bcde-492b-9615-65d7b0029f3d,Silver,2,2
2023,20,91,92657af8-298e-495b-9df3-455b6efbcc29,Waves Crashing,b80bb5c5-3a27-4634-848e-7f626424bc71,The Viewing,2,2
2023,21,91,6ed40778-8d03-4a5c-ad35-93cf814627c9,Jessie Ware,cebbae42-8612-4c33-9d1c-ac1319794ec4,That! Feels Good!,2,2
2023,22,91,b7539c32-53e7-4908-bda3-81449c367da6,Lana Del Rey,247ec1bd-06a6-4faa-af47-f64d7caa1f71,Did you know that there’s a tunnel under Ocean Blvd,6,3
2023,23,91,f58384a4-2ad2-4f24-89c5-c7b74ae1cce7,King Gizzard & the Lizard Wizard,381a758e-82bf-403f-85ea-b4f97ed1e0b7,"PetroDragonic Apocalypse; or, Dawn of Eternal Night: An Annihilation of Planet Earth and the Beginning of Merciless Damnation",13,4
2023,24,91,632258cb-4ab5-4f2d-be29-bcc641a275eb,Genesis Owusu,6563575a-43a0-4119-8078-b403230a5b72,STRUGGLER,1,1
2023,25,91,a668565b-41b8-44a8-9d5c-8e609dbf69fc,Lil Yachty,d1be3d86-3756-46f1-ba44-7d5a49290efc,Let’s Start Here.,1,1
2023,26,91,e795e03d-b5d5-4a5f-834d-162cfb308a2c,PJ Harvey,b2ad526e-08f1-4852-8adb-f7e3bd29cd57,I Inside the Old Year Dying,5,3
2023,27,91,9e53f84d-ef44-4c16-9677-5fd4d78cbd7d,Wilco,6335c162-4d39-45ad-a944-befba3bae913,Cousin,11,4
2023,28,91,24aa5c20-a275-468a-93a9-b3d96b344b6c,Young Fathers,2d47a09b-3fe4-45fb-b0c1-360da0929672,Heavy Heavy,3,3
2023,29,91,6d7b7cd4-254b-4c25-83f6-dd20f98ceacd,M83,f9f36abd-2bb7-4586-b422-26ae2287eb4a,Fantasy,6,3
2023,30,91,3cdb40fe-a63e-4bb9-b40d-17cda5f50979,Little Simz,f8ab53bd-395c-4763-98ca-0c19ab059e64,NO THANK YOU,4,3
2023,31,91,9833b455-0da2-40b5-8e63-37816c910604,Wednesday,a0ad316d-89a2-4f49-b439-8296ca98be01,Rat Saw God,2,2
2023,32,91,f6621a8d-5644-460a-b0a8-9171cb2c595d,Blondshell,66393333-3e8a-4a18-ade5-007934ec1ad4,Blondshell,2,2
2023,33,91,64a0c404-58af-4083-8fc6-a6725ef02ecb,Cherry Glazerr,f6c25a67-00f3-4192-af43-fbca52c4c035,I Don’t Want You Anymore,3,3
2023,34,91,857c2983-0a33-466f-8607-28504ba8a6c0,Jason Isbell and the 400 Unit,930e72ce-e852-4ab6-91c8-db4cf26c0e2c,Weathervanes,4,3
2023,35,91,cd5799f6-e6cf-4322-a659-96f5de4a2f6c,Altın Gün,c328d0b5-ef7c-4c2f-a920-17a03631100c,Aşk,2,2
2023,36,91,f6f2326f-6b25-4170-b89d-e235b25508e8,Sigur Rós,7a6e4394-1bbe-434c-a8e0-679d5d58e649,ÁTTA,9,3
2023,37,91,d5cc67b8-1cc4-453b-96e8-44487acdebea,Beach House,f814482c-32c5-41cc-9481-266a271a1c1e,Become,8,3
2023,38,91,e0c97a4d-c392-41a9-a374-57af3e3eeab3,Geese,d87d8f5d-4d89-45e1-b86d-2f9241db0edc,3D Country,2,2
2023,39,91,ba853904-ae25-4ebb-89d6-c44cfbd71bd2,Blur,27cafe53-6ee8-4be7-bdb8-6e28b9a0856b,The Ballad of Darren,3,3
2023,40,91,1a969e4a-5031-4868-a0d6-e16e1b73cc02,La Fonda,9409edea-ff7c-4a5d-a82d-4f240c1c5653,We Are Infinite,1,1
2023,41,91,6821bf3f-5d5b-4b0f-8fa4-79d2ab2d9219,Blonde Redhead,bf41dab1-2920-4e61-aad7-69d2a42d24bc,Sit Down for Dinner,3,3
2023,42,91,664c3e0e-42d8-48c1-b209-1efca19c0325,The National,d24630a6-850c-415f-afc1-2fc51ad59d7c,Laugh Track,9,3
2023,43,91,f7df5df4-4dfa-459d-972b-1ba051c15ddc,Fever Ray,0babcbe7-a768-4d30-a0a6-3a9098f53a94,Radical Romantics,3,3
2023,44,91,f58384a4-2ad2-4f24-89c5-c7b74ae1cce7,King Gizzard & the Lizard Wizard,70cbf290-4584-4a31-a459-409fa9c8610a,The Silver Cord,13,4
2023,45,91,9ad6d1e3-427f-4921-b603-7e9eda94a061,Jenny Lewis,cebdc084-cb98-447f-bb77-594421bc90ea,Joy’All,5,3
2023,46,91,4a18722d-5a98-41c8-9e86-814afbffc704,Youth Lagoon,7e8398de-4d8f-4032-bfc4-3db67a456399,Heaven Is a Junkyard,3,3
2023,47,91,b46efb1e-ecd9-4044-9820-14c64c2d657e,Romy,c678d042-12c1-48ce-8557-71e847aa7831,Mid Air,1,1
2023,48,91,25b75a66-ce83-4db3-b136-395a3c3784c4,The New Pornographers,d1882bb0-b268-4c06-9cbf-ed443fa6488b,Continue as a Guest,8,3
2023,49,91,c8a9ae11-63bf-409b-8bf3-a96b3712a2ff,Little Dragon,a580c63d-2330-402e-9353-6babd24967ab,Slugs of Love,3,3
2023,50,91,2c6f97fd-746b-442d-b5ec-238cccd7441d,Smokey Brights,bc7fbdc2-d161-4b7c-96af-c0f0a2df08ab,Levitator,3,3
2023,51,91,7dc8f5bd-9d0b-4087-9f73-dc164950bbd8,Queens of the Stone Age,1411b1fe-f4d4-4583-ac28-1f6fa906ddf2,In Times New Roman…,5,3
2023,52,91,47864525-aea7-439a-800f-17c57e51cbcc,Killer Mike,36c53ffe-7dc6-4311-a4fe-5a3717c8e5e8,MICHAEL,1,1
2023,53,91,959cf5bf-ee29-4af6-a85a-0b480181d988,Everything but the Girl,e09f368f-8441-4aa6-91ee-06e056744694,Fuse,1,1
2023,54,91,fc6fe95d-ab24-44fd-a086-f33a505ad518,bar italia,ba68dbcf-f386-44ee-b69f-c84c1aa40853,Tracey Denim,2,2
2023,55,91,487bfd74-71bf-46dd-b89c-80b7a0f06f2f,The Hives,887367f0-fc74-4cb2-a6c6-53e13ff9672a,The Death of Randy Fitzsimmons,4,3
2023,56,91,6fc531d2-9a47-496b-b4b5-01e2b17fe99d,WITCH,83fa81b6-fbeb-4356-b41b-cdfbc3aac7d6,Zango,1,1
2023,57,91,50d1da2e-d70d-46cc-8d65-21e524802c49,Grian Chatten,bf93b54c-7243-4d7d-b3e0-fd4929279fa9,Chaos for the Fly,1,1
2023,58,91,dd56519f-0db0-4893-9663-17bb1092b37d,Medejin,fd59d5b0-7538-41d7-bdde-367e7e26ec48,The Garden,1,1
2023,59,91,47553783-12bd-4f2c-999c-d5743be93668,Jenn Champion,f0937025-c7d2-4b8a-831f-68076583855c,The Last Night of Sadness,2,2
2023,60,91,a8d894ce-0e6b-4ddd-a49b-46f6330a590f,Indigo De Souza,08d1b7a6-03bf-498c-b41e-f9e66b5d0322,All of This Will End,3,3
2023,61,91,194272cc-dcc8-4640-a4a6-66da7d250d5c,Osees,c6dcf657-4373-448b-938e-fe77990b779d,Intercepted Message,8,3
2023,62,91,dbf0a5c5-3665-4495-b13b-99438a6a0900,El Michels Affair,825075cb-4bb0-4eb2-aec0-fe50dbf54e27,Glorious Game,2,2
2023,63,91,1395c84b-2e84-4f25-9962-f1c0d5aa31ed,Noname,f8c51f7d-b7d0-4e82-8197-36169fc1db90,Sundial,1,1
2023,64,91,423a85de-66ba-4113-abdc-ba2678ee89ba,Ratboys,f6b65cfd-0354-4aef-9cf3-1514190f7d79,The Window,1,1
2023,65,91,c2a23d44-99f9-4f5c-9924-13220ddf1b9f,Small Paul,0ba6c796-8e5c-42c8-bf4a-44abf552f7ab,Come Alive & Live Again,1,1
2023,66,91,551946bc-e6db-4d69-b50a-4f3cfb29963f,Polyrhythmics,5094f05a-19b0-4e2b-bf97-15026fb020cd,Filter System,3,3
2023,67,91,d0d25805-3446-49eb-bf6b-b4fa821c3a7f,Palehound,756e34cb-a0c3-4214-8cee-ebeaaf457b11,Eye on the Bat,1,1
2023,68,91,cc846715-ccc7-4391-868b-0876d135daa0,Frankie and The Witch Fingers,5f84e234-15a1-4775-911c-22db89ddaf3f,Data Doom,1,1
2023,69,91,72042f4e-7652-4bf4-8846-d4981b760f67,Spirit Award,468d6ffe-aae3-46aa-b972-a1016350a87f,The Fear,1,1
2023,70,91,a357b4fb-b0ca-4b4e-9b6b-2030bb2ce2d6,Jamila Woods,7509208a-12b6-4812-885b-6ca0f0b30e04,Water Made Us,2,2
2023,71,91,5422ef5d-00d4-4c7a-81ab-03cb8fc3cc45,Squid,a27c4dbb-b617-4fd9-81ff-c2f704463324,O Monolith,2,2
2023,72,91,a670e05a-cea8-4b37-bce9-d82daf1a0fa4,Feist,28db34db-f4a4-46f4-b316-f3dd6fda1e4f,Multitudes,5,3
2023,73,91,8a74e5ea-6f68-49e1-951c-80d2291f7c3f,Dry Cleaning,304e3a0b-eec9-426f-9cc2-e9f38c3e0c1b,Swampy,3,3
2023,74,91,31f07dfd-df64-48dc-856e-9968059b8e35,The Bug Club,2437fbed-dc41-4623-a50d-c32e832279d1,Rare Birds: Hour of Song,3,3
2023,75,91,e2305342-0bde-4a2c-aed0-4b88694834de,Unknown Mortal Orchestra,0b2fa2d0-b755-4c3c-bb9b-9cb8ee014892,V,4,3
2023,76,91,da8b6c67-710c-4480-bf2a-ca2849b42094,DEBBY FRIDAY,baca9b01-ae35-4c9e-a57c-8997de648a88,GOOD LUCK,1,1
2023,77,91,8dc08b1f-e393-4f85-a5dd-300f7693a8b8,James Blake,9980f970-e6a5-493c-973f-1c45a5c4a0ba,Playing Robots Into Heaven,6,3
2023,78,91,3df3818e-7984-4c62-bee3-81f95f8c6651,Beach Fossils,90b533b4-fbf9-4f97-aa4c-e2895ed7e072,Bunny,2,2
2023,79,91,0ae49abe-d6af-44fa-8ab0-b9ace5690e6f,Bombay Bicycle Club,82fa1ba9-9e1f-4627-9948-3373b9d68d30,My Big Day,3,3
2023,80,91,130c2184-14f2-4180-a216-04b5a333be57,Sampha,b745c43d-3abf-48a3-8caf-81c25d40d100,Lahai,1,1
2023,81,91,2c6f97fd-746b-442d-b5ec-238cccd7441d,Smokey Brights,14701169-155f-4689-9718-9b32c10eea35,Broken Too,3,3
2023,82,91,28a7d9a8-36c0-4bdd-ae4d-abcfb76f5a18,Nabihah Iqbal,64ed4b3d-04a3-4ff2-a0ff-ea31b92a7fa6,DREAMER,1,1
2023,83,91,6462c4f6-6f69-4636-a835-02eebe81c90f,Shabazz Palaces,8fe379fe-f664-42de-9b84-193cc49df0d4,Robed in Rareness,6,3
2023,84,91,17862c0f-a9b1-46dd-b85d-7af965974afd,Caroline Rose,4d4b3ed4-949f-43e3-9bc9-3033e7d81b9c,The Art of Forgetting,1,1
2023,85,91,7b6baeda-94ec-4475-9b09-6486a36c8e40,Calibro 35,b4f3edb4-aac4-4348-8951-039d2eb9c274,Nouvelles Aventures,1,1
2023,86,91,fdbffd97-c991-433c-9137-cafee3ded97a,Yussef Dayes,77dfcfc2-44b7-4265-9334-ddd6efc0d47f,Black Classical Music,1,1
2023,87,91,a1ced3e5-476c-4046-bd74-d428f419989b,Daughter,24b9a34a-1b2a-4fa5-b55d-88fdcf12f4b5,Stereo Mind Game,3,3
2023,88,91,09d8290b-6ada-422f-8ce3-19349fb1c15d,Sleaford Mods,175d2148-dcc2-4b95-aa94-53c0cb956330,UK GRIM,2,2
2023,89,91,9055fca5-69bc-4d47-b569-ab2012a19565,The Smile,359e463d-f54e-4577-8856-0c869ab2d930,At Montreux Jazz Festival July 2022,4,3
2023,90,91,68025033-de1b-42f5-8a21-bedfb8895dda,Califone,66b3a80d-47b2-4341-bdc4-245077342dbd,villagers,2,2
2023,91,91,00505f51-68a8-45fc-b6d6-51be64751378,Slow Pulp,56c8ef95-b330-4e37-962d-07f463194230,Yard,1,1
2024,1,100,fd87acc7-e0a0-4a45-bc2a-d2ab5c10be68,Fontaines D.C.,92b095c1-3bbf-456f-9425-2078ad4e9504,Romance,4,3
2024,2,100,69ee3720-a7cb-4402-b48d-a02c366f2bcf,The Cure,97650540-f489-40e1-957c-6fd67baa739d,Songs of a Lost World,2,2
2024,3,100,42321e24-42b6-4f08-b0d9-8325ee887a20,Waxahatchee,f9aa9b53-2c89-4901-926e-e992f1e4d8c0,Tigers Blood,4,3
2024,4,100,be465d4f-c28d-4ba1-94ab-ebaada7db8af,IDLES,8ba0ce4a-5fd3-48bf-8b36-da3d58760e32,TANGK,4,3
2024,5,100,260b6184-8828-48eb-945c-bc4cb6fc34ca,Charli xcx,e0fdb431-0109-420d-8a37-f99eaeb4d671,BRAT,3,3
2024,6,100,0f74b263-65bf-4027-9708-45aadf40122d,Amyl and the Sniffers,32fdf291-cd36-4b48-9c6c-fd3ad7956092,Cartoon Darkness,3,3
2024,7,100,4f52595e-652d-4894-95ea-f925234629fc,MJ Lenderman,0c308741-7b98-4a36-b44e-1ba437b4e2c4,Manning Fireworks,1,1
2024,8,100,859d0860-d480-4efd-970c-c05d5f1776b8,Beyoncé,fa566e7b-254a-4fab-8aa5-ebcb7592d7f2,COWBOY CARTER,4,3
2024,9,100,e160f589-dbe6-4b8f-88b5-f528ff4443b4,Mannequin Pussy,ed0dba28-0154-4a2f-8d4c-830dfe340ed4,I Got Heaven,1,1
2024,10,100,172e1f1a-504d-4488-b053-6344ba63e6d0,Nick Cave & the Bad Seeds,cbe390d1-88b3-4ff2-8f53-b3b9d8a0e25c,Wild God,7,3
2024,11,100,3ae2fb37-8a23-429d-9920-bac811c4fc22,Jack White,5ef2a512-3680-4661-bfea-870cb8bf6507,No Name,5,3
2024,12,100,af37c51c-0790-4a29-b995-456f98a6b8c9,Vampire Weekend,91ee3856-0ee6-467d-b01d-9d529affc9f4,Only God Was Above Us,5,3
2024,13,100,8389ff77-a7a4-4ba4-bf1b-17ded47d41a1,Suki Waterhouse,05de6349-e348-4d32-a46e-9f23f6cb3b15,Memoir of a Sparklemuffin,1,1
2024,14,100,2c02eece-9832-4850-9150-b0e269f65d8b,Middle Kids,3a638c34-072e-4cb8-b706-5e44ef8f0ca2,"Faith Crisis, Pt 1",2,2
2024,15,100,381086ea-f511-4aba-bdf9-71c753dc5077,Kendrick Lamar,32cb822c-a14e-49ce-a169-f209c5f31e0f,GNX,7,3
2024,16,100,5334edc0-5faf-4ca5-b1df-000de3e1f752,St. Vincent,9eae5bc4-4c1c-4a6c-9aeb-145eb02f2a03,All Born Screaming,8,3
2024,17,100,aea4c9b9-9f8d-49dc-b2ca-57d6f26e8634,Khruangbin,758d7fb2-fa83-4276-aa20-f7e5120e4002,A LA SALA,5,3
2024,18,100,4173ee0d-e003-496a-98eb-a2eaa90cb3f7,Nilüfer Yanya,0afc2c07-d35c-4618-864a-0519a8bc69c4,My Method Actor,2,2
2024,19,100,9055fca5-69bc-4d47-b569-ab2012a19565,The Smile,87f4d5ae-5e94-4768-b8ee-f52fbabfbaa6,Wall of Eyes,4,3
2024,20,100,763cb144-afdb-471e-bd86-d4f5b9b58641,Adrianne Lenker,60db66ba-34f8-4a1d-b91a-67e85cfcb269,Bright Future,2,2
2024,21,100,172053e5-a7fb-4548-a64d-c53858b5e775,Father John Misty,4a1dd863-7f8a-4c5e-991b-ad315b367b21,Mahashmashana,5,3
2024,22,100,f58384a4-2ad2-4f24-89c5-c7b74ae1cce7,King Gizzard & the Lizard Wizard,2dc473a8-c4af-4dc0-8907-c609bf953499,Flight b741,13,4
2024,23,100,80eadd49-ee92-44bc-a234-769e61ea9a75,BABY SCHILLACI,562496d1-e6c0-4d80-b830-de266aecaa75,The Soundtrack,1,1
2024,24,100,030fe78b-f2e0-4555-bfed-aa52bb790562,Mikey Moo,629b95f2-d4fe-430c-8bb3-45d625a41a11,Fresh Idiot,1,1
2024,25,100,83b9cbe7-9857-49e2-ab8e-b57b01038103,Pearl Jam,2f1d3f46-c9cc-4157-b198-0a4c6881a807,Dark Matter,6,3
2024,26,100,7739f53a-f809-48a3-942a-fbea493f0a17,Céu,b7a2602e-3ef7-4526-94b5-5796b9d4dd72,Novela,1,1
2024,27,100,d1515727-4a93-4c0d-88cb-d7a9fce01879,Jamie xx,1668c806-5c28-4655-89a2-f1f7bc786084,In Waves,2,2
2024,28,100,d786f59b-1836-4ddb-8393-ab753edbe984,Clairo,6fb46378-9cb7-4693-b76d-a62f2cc09214,Charm,1,1
2024,29,100,d5ccd5b5-44b5-497e-9829-d8f1b69f412c,Dehd,1b596224-e7ed-4f2a-8176-4fa20fbd74e4,Poetry,3,3
2024,30,100,19301485-ac9c-4dad-885b-cd8e8c8b4184,Kim Gordon,c35d3885-e1a2-4959-81ff-9c005c319b22,The Collective,2,2
2024,31,100,b5ff61dd-0154-4e80-b46b-c733f87db602,DIIV,d90290b3-5187-4a06-bf65-d5b327cabad9,Frog in Boiling Water,4,3
2024,32,100,55c963e3-6b37-4887-ab08-f3f15f0a22c4,Liraz,4573a505-6460-43fe-a50f-1a6a06853733,Enerjy - انرژی,1,1
2024,33,100,68c261d5-48c8-4ea9-9466-9fc908dc79bb,Magdalena Bay,9c710cb4-6b20-47d7-a31a-5adb064c6c6b,Imaginal Disk,1,1
2024,34,100,256e0b36-88cb-453a-9ce4-7b73cb6b882f,SPRINTS,3801c47e-f902-49d2-8b0f-608ec03d8a6d,Letter to Self,2,2
2024,35,100,6738d800-5160-4959-b78a-ae12c5dba3d0,Goat,cb134247-bcfd-43c1-86aa-6cbca0191e50,Goat,1,1
2024,36,100,b60fd6f1-a47a-4021-b8df-83f8e8893e91,English Teacher,6a6b9cb9-92c1-45ff-b4ed-940887fc04ca,This Could Be Texas,1,1
2024,37,100,31f07dfd-df64-48dc-856e-9968059b8e35,The Bug Club,b8b17ee8-c7a6-489b-8b9f-b2b7ec1fc625,On the Intricate Inner Workings of the System,3,3
2024,38,100,e36e78eb-3ace-4acd-882c-16789e700ab7,Sleater‐Kinney,ebfca4fe-da13-4edc-818a-1facf255d0fc,Little Rope,6,3
2024,39,100,b053efc9-e8ea-474a-981f-a3c6fffcc694,Hurray for the Riff Raff,69d92c18-f4f8-4948-99fa-e6d0c6f98498,The Past Is Still Alive,3,3
2024,40,100,9055fca5-69bc-4d47-b569-ab2012a19565,The Smile,0f02313d-f0d7-4bdc-a1b4-235103c477b9,Cutouts,4,3
2024,41,100,a7537f5b-ef6f-424e-9f4d-9b990cb8866f,Cindy Lee,442d3e54-f7f2-45b7-a743-61e0c2372284,Diamond Jubilee,1,1
2024,42,100,b1cd7f1a-96a9-4990-a991-34b44088a756,Warren Dunes,82550c7b-b0fe-4972-90db-cfbf1b77532b,Aquamarine,2,2
2024,43,100,03eda2c4-a2b3-4a4e-9527-6791b0ed9d2d,Brittany Howard,164fc46f-f349-4708-a676-c93f686b761a,What Now,2,2
2024,44,100,afb6cc6d-a060-4f5e-bc3a-00d4b6832e41,Remi Wolf,9fc40af7-4b44-4f63-a27b-fed0545f28d0,Big Ideas,1,1
2024,45,100,ee88a13a-f9fd-45f0-a7dd-3551566c4976,Black Ends,2399cefe-5436-430c-8e88-c550de9bb079,Psychotic Spew,1,1
2024,46,100,735e3514-a8ae-401f-af3b-6300df1b8d2c,Caribou,224850e8-6a9d-4351-8401-1ec2d3585219,Honey,5,3
2024,47,100,dfe78af2-779e-4137-826a-3073a16e3278,Phantogram,505e3b3a-9304-40c1-9292-cf8cc4c3ed9f,Memory of a Day,6,3
2024,48,100,9b5ae4cc-15ae-4f0b-8a4e-8c44e42ba52a,La Luz,d784bbee-d889-4524-a892-693111760ef8,News of the Universe,5,3
2024,49,100,75bbdfdb-2fc5-4811-8ef7-25ec23f246e1,Chinese American Bear,8de1f7e2-8dbb-41f0-a557-b6f372848744,Wah!!!,1,1
2024,50,100,437a0e49-c6ae-42f6-a6c1-84f25ed366bc,Bon Iver,f3ae2ecf-f9d2-4b59-a8cc-a3eefde84b89,"SABLE,",7,3
2024,51,100,74963434-dcb6-4b14-98cc-99873b06db66,Future Islands,931c6c36-eb72-4519-a91e-57a2779d8d22,People Who Aren’t There Anymore,4,3
2024,52,100,69d9dfd7-19b7-4a75-8a53-9f733fb5d774,Leon Bridges,e10184a1-7777-40d1-b4e9-1f394f8e41a7,Leon,4,3
2024,53,100,97b1142f-c71e-4971-8736-4a8ceaf6b4c3,The Decemberists,e82c4e86-e4b8-4c2f-8136-4f2855cd4bc5,"As It Ever Was, So It Will Be Again",10,4
2024,54,100,84803b1d-dcb3-490d-9af5-debbba64a011,Soccer Mommy,c084071b-f42b-49f8-ab69-724a658ba4e1,Evergreen,4,3
2024,55,100,9d88eaab-f90a-4fbe-b84f-20da5518cd26,Kelly Lee Owens,dee9395f-96d0-4a36-bffb-4a1e6a172a74,Dreamstate,2,2
2024,56,100,c69af97b-4d3b-4f72-9746-829b6b9d5f88,Yard Act,ad8aa119-c68a-48c7-97c0-556e17da6279,Where’s My Utopia?,2,2
2024,57,100,5adcb9d9-5ea2-428d-af46-ef626966e106,Beth Gibbons,eaa72e4a-0e22-471f-bc92-97fd5d93d7d3,Lives Outgrown,1,1
2024,58,100,35400219-c689-41f9-855d-9c5a0137f4f6,The Slaps,19619272-bcf8-4716-b27f-008d4d7a3993,Mudglimmer,1,1
2024,59,100,3648db01-b29d-4ab9-835c-83f6a5068fe4,Godspeed You! Black Emperor,7df4cbb0-30ed-4fed-9383-dd5fe3dbff30,"“NO TITLE AS OF 13 FEBRUARY 2024 28,340 DEAD”",2,2
2024,60,100,437b356d-88f1-4dde-af5e-dec1c9d7dde4,Orville Peck,0dac6611-0a26-4b2b-a70f-1ea1fe665b3a,Stampede,4,3
2024,61,100,11dee790-19d5-4afb-bff7-fd85115e3ed3,Angélica Garcia,025a02ec-b976-4e03-bdeb-683c02611df5,Gemelo,1,1
2024,62,100,262cf0ce-2af2-4686-a8cc-d6b33e97336d,Mk.gee,be4a083e-be93-4715-8a22-b06539ccacc4,Two Star & The Dream Police,1,1
2024,63,100,9f75277c-b283-4846-ac8c-f932255cd0ac,Doechii,2b837d13-b456-4c0c-98d6-afe4aeda417b,Alligator Bites Never Heal,1,1
2024,64,100,d15721d8-56b4-453d-b506-fc915b14cba2,The Black Keys,2ae819fe-673e-4227-96df-ad5505d9294e,Ohio Players,9,3
2024,65,100,2f0c90b1-84d5-47f1-ad75-ad8d30f53f70,The Last Dinner Party,e279319c-2121-44c5-a93a-204492bfe7a6,Prelude to Ecstasy,1,1
2024,66,100,1a331805-47cc-4f30-a123-94d820dbca31,Jessica Pratt,80d6be52-084e-4dc4-ba42-3f8f29db67f9,Here in the Pitch,1,1
2024,67,100,d9447e90-e1f0-486f-b3dc-fc8208756370,Kit Sebastian,02d7884a-4912-4b42-89d3-8799e228b1cf,New Internationale,1,1
2024,68,100,2df279da-29e0-42d8-9e1e-0e3fd722f3d3,Dark Chisme,10e39631-bb46-48bd-9708-f66184ec6495,Dark Chisme,1,1
2024,69,100,c485632c-b784-4ee9-8ea1-c5fb365681fc,MGMT,49451d08-8ec8-46ff-9189-9388c82baa37,Loss of Life,4,3
2024,70,100,e938a15c-b17e-4e7a-9f68-ff0d536cab44,The Jesus and Mary Chain,27c22707-7f36-42dc-9da1-e14c8b0176ab,Glasgow Eyes,2,2
2024,71,100,e70fa82b-1080-42a9-b4d0-bae7f02e66d0,GUM,d0ca17e0-22fb-4846-8318-a3f1f866ceb5,Ill Times,1,1
2024,72,100,82b922a4-410d-4b89-ac2e-c0d1f00136cd,Hermanos Gutiérrez,e62a945c-f07c-4feb-ae5e-f631d0e7f030,Sonido cósmico,1,1
2024,73,100,23b19bc5-813e-4456-bbae-ac3ca118f535,SAULT,33698c6d-811f-469c-9046-e88181806a1f,Acts of Faith,9,3
2024,74,100,4d802853-4a6e-47d6-b574-11f8e5b0c53e,Brimheim,19a1dc04-ab1f-4137-9547-390d2db667df,RATKING,1,1
2024,75,100,dde26295-8cd4-474c-8740-3edb801b2776,Maggie Rogers,f34a2661-5007-4c6b-aeca-b98364c3858b,Don’t Forget Me,2,2
2024,76,100,69ac44f7-c80d-47b4-9bc8-fcc758d209e6,Pond,b702c0fb-2012-4e0c-a1b9-161093381520,Stung!,1,1
2024,77,100,484a4e90-6899-4e4b-a948-a2255d365340,AURORA,66abc6cf-3afd-4a6e-a66a-2b9566b5c63c,What Happened to the Heart?,1,1
2024,78,100,f8bc2114-691d-48c7-bc19-41c7126896a8,Chong the Nomad,1685fdb0-8d4e-43f8-a520-af3ce6dbe0d0,DO WE MAKE OF THIS?,2,2
2024,79,100,0ece139d-19a4-44c6-85e6-0406e8055a21,Ibibio Sound Machine,d1b914ac-df17-4192-b4e0-6cbb412f22f9,Pull the Rope,2,2
2024,80,100,b9a2a9a6-7a40-48a6-bcb1-8eff5b89ad5b,Nada Surf,37ffc9e6-f580-4c4a-9e60-68fe9ccfd162,Moon Mirror,6,3
2024,81,100,2ff49515-1701-4bac-a53a-04345893f3f3,Gillian Welch,be2579e4-3359-4ccf-a32b-5335988c48c2,Woodland,4,3
2024,82,100,7fb57fba-a6ef-44c2-abab-2fa3bdee607e,Childish Gambino,cd265612-3dd1-4703-b50b-289a6af72377,Bando Stone and the New World,2,2
2024,83,100,860b2707-6153-4e3a-aa57-74d2b42c55b5,Justice,08110ae5-16bc-4baf-900c-9ce04c9a9e40,Hyperdrama,2,2
2024,84,100,1822e292-b283-451c-9ba5-c38132dfda63,Thunderpussy,a3c18682-5b39-415a-8a35-97eb98854296,West,3,3
2024,85,100,5bb54b77-2caa-4377-bdc3-3b8c0f5e507f,Glass Beams,613a09e3-97da-4a18-9236-cdac95f4bb2c,Mahal,1,1
2024,86,100,d85defaf-b82e-48be-beb5-2672099e392e,Mdou Moctar,591e3145-737f-4765-95b3-297ea7ceb0e2,Funeral for Justice,2,2
2024,87,100,ef314f79-8242-41ad-a22f-4d78d8f86473,Day Soul Exquisite,7a737ee2-26c3-475f-bb25-c0dce94af1c4,Sanguine & Cardamom,1,1
2024,88,100,b569861e-935b-434e-b521-7f77991299aa,Bonny Light Horseman,90b38daf-c32c-4d35-a8ef-d051d70a4215,Keep Me on Your Mind/See You Free,2,2
2024,89,100,edda8263-7286-4227-9dc4-9ed8e6177f84,Shannon and the Clams,3bdff444-eb6c-4ad2-9731-6d772cad602f,The Moon Is in the Wrong Place,1,1
2024,90,100,76eca232-2e52-4a21-b6cf-50b403026d00,Jswiss,b7ca0a1e-6ee9-400d-a926-a04c455fc18c,You Never Really Know,1,1
2024,91,100,07a17571-81fc-4cf8-a634-98f0d926d313,Ty Segall,07977ce9-7229-47c2-a902-e4613e6def36,Three Bells,9,3
2024,92,100,34557d8f-ee4a-44ab-ae6e-49bb8ac604d0,Cigarettes After Sex,34d33075-e1ae-4bca-aacb-ee20857f2672,X’s,3,3
2024,93,100,5e23e428-d9f5-4679-bd7c-8254d6f0a437,Fcukers,d97b9915-fe8d-4a72-b2cd-09480e319ac2,Baggy$$,1,1
2024,94,100,69cc36eb-d88c-4f54-bea2-7b59e0d6374f,Rasco,b28be767-4763-4520-b4f4-a24210fc3b5b,Dmaot,1,1
2024,95,100,74a30f2a-dae6-4e99-8a75-cb0f93b31aa6,Washed Out,91dd3500-6a24-4c1c-8b31-e76ca4840610,Notes From a Quiet Life,4,3
2024,96,100,615ba4a9-e5d2-45dc-bf75-a1b444a33fc9,Hinds,991d934a-7d99-4064-9199-33800b8b83cc,Viva Hinds,1,1
2024,97,100,f32d94e8-8d55-4ee2-9077-53d1c024a03b,The Lemon Twigs,1b90d83e-329c-44ba-ba6f-7ddc47d44a7e,A Dream Is All We Know,1,1
2024,98,100,90955e9c-860e-4881-a454-07de62c85534,Being Dead,12c6d51b-a823-49b0-984c-628a3333a596,EELS,1,1
2024,99,100,9e53f84d-ef44-4c16-9677-5fd4d78cbd7d,Wilco,38f4a637-d631-4d79-afe4-878c31fd2c74,Hot Sun Cool Shroud,11,4
2024,100,100,4ba8a084-2772-400f-9738-6736895c965d,Chat Pile,9d4c2553-042b-40d4-9c33-fd25820e3a40,Cool World,1,1
2025,1,100,90744b3e-363a-458e-8da1-e3e392a489c4,Wet Leg,660fd111-0d68-4d0e-8b83-ff5ca450bfa3,moisturizer,2,2
2025,2,100,18a627eb-c6e8-4175-b947-9322d8deb938,Deep Sea Diver,7a1a9a88-2202-4f8d-8b61-a7a1bf797c18,Billboard Heart,4,3
2025,3,100,e0c97a4d-c392-41a9-a374-57af3e3eeab3,Geese,3c18308c-9072-4810-b26e-0c573e46fb07,Getting Killed,2,2
2025,4,100,88927646-0c28-4b1b-a69e-cb33c400d650,Nation of Language,d29e8491-8f3d-4f70-b494-3a196796ce75,Dance Called Memory,4,3
2025,5,100,9f81247f-7f57-42f3-a8ba-75bef554e591,Big Thief,8fd54a87-a6df-4046-a9f6-7f2f171301ba,Double Infinity,5,3
2025,6,100,1b5cc4ba-5ade-494e-bf3c-aaf3abf75b65,Tunde Adebimpe,1f21db5a-fe89-4240-8ffc-034d81ddf95f,Thee Black Boltz,1,1
2025,7,100,9833b455-0da2-40b5-8e63-37816c910604,Wednesday,5bed2109-60ce-4c13-804a-fc04946ba7f7,Bleeds,2,2
2025,8,100,7b748dac-f5ce-45a7-9b95-c1d8b5b013ed,Turnstile,58310aac-65aa-492e-83fb-ec50c58e5a1d,NEVER ENOUGH,2,2
2025,9,100,4c74fc48-8108-4556-87af-154af74f2ce5,The Beths,f24f6952-1b4d-4042-b7ca-cb836a514ae9,Straight Line Was a Lie,4,3
2025,10,100,69ee3720-a7cb-4402-b48d-a02c366f2bcf,The Cure,0ef1d20b-847b-4034-9ec2-a9854cd1f9a8,Mixes of a Lost World,2,2
2025,11,100,25f3abd9-63b5-471a-bd25-feb9672dfa11,Rosalía,bb3ec118-57df-4eb9-a8fe-a26a70a7dbe0,LUX,2,2
2025,12,100,5a2e9cd3-010a-4aae-9f83-629253284202,Sharon Van Etten,cdd03b77-429e-4fa4-82e2-452c82257e31,Sharon Van Etten & The Attachment Theory,6,3
2025,13,100,63aa26c3-d59b-4da4-84ac-716b54f1ef4d,Tame Impala,3ee3e2bb-2584-4f74-ba06-cdecc370a1ba,Deadbeat,5,3
2025,14,100,9df0c0ec-619e-447d-a155-23e19d9c84ce,Viagra Boys,97751ad2-72e1-4b96-832b-76530defaaa8,viagr aboys,2,2
2025,15,100,3547f34a-db02-4ab7-b4a0-380e1ef951a9,Wolf Alice,40ef5f61-a3f8-4624-834b-39290ee47ab2,The Clearing,4,3
2025,16,100,5fee3020-513b-48c2-b1f7-4681b01db0c6,Florence + the Machine,54f918d0-b4c9-4f9b-ab38-e73d4f2b1a3d,Everybody Scream,6,3
2025,17,100,f1df0431-9250-4ec8-95d8-f19ce7cf7fb6,Stereolab,446fc616-c4db-46ce-8d4c-e4efc019b3f8,Instant Holograms on Metal Film,1,1
2025,18,100,3cdb40fe-a63e-4bb9-b40d-17cda5f50979,Little Simz,749672ae-a51d-4cf5-920c-beaeab147bb6,Lotus,4,3
2025,19,100,e13d2935-8c42-4c0a-96d7-654062acf106,Neko Case,7a243c26-f7f8-4200-97f4-9bf93ccf63da,Neon Grey Midnight Green,7,3
2025,20,100,a9747313-da0d-414c-ad81-5fe89a5245d4,Dead Pioneers,9880abbf-a887-47c4-a131-625af3a619b8,PO$T AMERICAN,1,1
2025,21,100,49d81580-762a-4c60-8c57-c1fe9f3c9485,Suzzallo,e8a25d28-66c7-415a-a741-35b4cac34733,The Quiet Year,1,1
2025,22,100,0fabbc1d-8d94-4a61-bd1d-1099ad1e4559,Car Seat Headrest,1ffb40da-b2b5-486b-aec8-e3e685e9983e,The Scholars,5,3
2025,23,100,437a0e49-c6ae-42f6-a6c1-84f25ed366bc,Bon Iver,4843294e-a8ab-4a39-864b-36faa09a2dd8,"SABLE, fABLE",7,3
2025,24,100,64dad611-8ada-4696-ac5f-ecb8bf73d51b,Say She She,4ca9091b-f7e1-45a0-ab9a-07dd97bc27d8,Cut & Rewind,2,2
2025,25,100,89aa5ecb-59ad-46f5-b3eb-2d424e941f19,Bad Bunny,b3073a10-2d7c-484c-b387-e49ae629da3d,DeBÍ TiRAR MáS FOToS,1,1
2025,26,100,63287966-6021-474a-ba76-edc37a5f1b7c,Jeff Tweedy,ad8aa827-01fb-4d2e-bc74-c8ace754ed1c,Twilight Override,2,2
2025,27,100,f6621a8d-5644-460a-b0a8-9171cb2c595d,Blondshell,791d0f83-6cd4-45d6-9c01-190a2a9eba41,If You Asked for a Picture,2,2
2025,28,100,4eeea7eb-7554-48cb-9e50-c26d434ed9ef,Lambrini Girls,31e2c201-6167-4eb6-8432-c83c533425ce,Who Let the Dogs Out,1,1
2025,29,100,8c529495-91f5-4e2f-b71b-adcb66878d04,Japanese Breakfast,3cc55d86-0df6-4721-9502-ac0822935202,For Melancholy Brunettes (& sad women),3,3
2025,30,100,76b2e842-5e85-4c97-ab62-d5bc315595b5,Pulp,4a71079c-4145-4466-a52f-6e3dd1318ecb,More.,1,1
2025,31,100,baf05baf-69fb-47dd-93c2-033536b8c385,Brandi Carlile,57acb85c-ec18-4e4c-8c6a-9052a7115ece,Returning to Myself,4,3
2025,32,100,f58384a4-2ad2-4f24-89c5-c7b74ae1cce7,King Gizzard & the Lizard Wizard,716f0986-f131-4e3c-a140-55845bbded3c,Phantom Island,13,4
2025,33,100,5396d542-5270-4bbf-bd25-4ab0208d0541,Snocaps,10784c68-fc54-4a0c-96df-29157ae6005d,Snocaps,1,1
2025,34,100,256e0b36-88cb-453a-9ce4-7b73cb6b882f,SPRINTS,2e3e4bdd-63c3-4a4f-9f87-253f1ea28308,All That Is Over,2,2
2025,35,100,4424a6e5-5232-4410-b1f0-b8b510d31ffd,Horsegirl,a1b1c950-334e-40b5-b819-209ed6c49673,Phonetics On and On,2,2
2025,36,100,d4659efb-b8eb-4f03-95e9-f69ce35967a9,David Byrne,153dc33e-59bc-4990-9c9d-d4c3861f541e,Who Is the Sky?,5,3
2025,37,100,a17342a6-e661-4874-9687-957caf010377,Momma,453f2f7b-fa88-4d29-bd43-a512464ef2d0,Welcome to My Blue Sky,1,1
2025,38,100,6bd920ac-3b7c-47e0-8f0f-c390f63f5112,Anna von Hausswolff,0a1c27b4-7490-42d9-9cd0-ed65ec47ed9a,Iconoclasts,1,1
2025,39,100,b4b5b5a7-feff-47d0-9458-83d0d135a692,Hayley Williams,15c3b397-9652-4537-a14b-7eb8489092ff,Ego Death at a Bachelorette Party,1,1
2025,40,100,6ce5eca0-4ad6-49e0-a5ab-e11482d85324,Sudan Archives,f9e98ca4-0311-4f33-961f-f41154271ef0,THE BPM,2,2
2025,41,100,f6beac20-5dfe-4d1f-ae02-0b0a740aafd6,"Tyler, The Creator",34cefdcf-dd34-408b-aafd-b55ffa9ccc4a,DON’T TAP THE GLASS,4,3
2025,42,100,dbe7fdf7-81b2-418b-b3f6-81ae71532f40,Lucy Dacus,a4cabd17-ba0f-4c88-a2c4-164c29038cbd,Forever Is a Feeling,3,3
2025,43,100,3d254f1e-7d18-431b-baeb-68e57695dfdb,Blood Orange,778e2320-736e-4634-ae65-354d408c40e9,Essex Honey,3,3
2025,44,100,7bab7a05-8b0f-4778-b0b8-02dd6deb463a,Just Mustard,b4b9c376-96b2-4e78-b87e-a13f1a2bbb7f,WE WERE JUST HERE,2,2
2025,45,100,c4ff10e0-ae5a-467d-a409-6e0b4bf241eb,Perfume Genius,9026098c-a577-4097-8274-944db1536d13,Glory,5,3
2025,46,100,81cefa59-d9cd-410f-ac11-7b66519a9514,Die Spitz,47e4801b-2e0d-4de4-bbc1-56a55eacec98,Something to Consume,1,1
2025,47,100,07a17571-81fc-4cf8-a634-98f0d926d313,Ty Segall,ad302229-cd11-472f-88ab-1e245977372f,Possession,9,3
2025,48,100,4799fba1-5a7f-4f0e-b341-90da2838fb5a,Sea Lemon,6cd59453-033c-4b4c-95ba-95eabc9a9c5f,Diving for a Prize,1,1
2025,49,100,9b627d78-b041-4b23-bb70-3534e61afc7e,Automatic,98460e0a-a764-4f61-a378-f1ecc75f5445,Is It Now?,2,2
2025,50,100,6e0c7c0e-cba5-4c2c-a652-38f71ef5785d,Lily Allen,e0a7dcaa-3d5c-49a0-bd7e-42e2c89dd43e,West End Girl,3,3
2025,51,100,fd3c3f9f-a471-498e-ab3a-940ac20b6bbd,Panda Bear,f02f15c0-3dcd-4463-bcdf-c87838fd27d4,Sinister Grift,3,3
2025,52,100,3a6d5180-a336-464b-824c-689c53ae57a4,Fotoform,bd1d54bf-611d-4cb4-b237-825f7a9c8b4a,Grief Is a Garden (Forever in Bloom),2,2
2025,53,100,1e4e9db7-5068-4a9c-bdd0-5777e47172c8,FKA twigs,05c8e133-ba85-48cc-82c3-afcf0cc9e9ff,EUSEXUA,5,3
2025,54,100,51c76d97-0635-433c-b26d-66beb81657f8,Lord Huron,e82507a6-8864-4fe4-b7c6-caeb81e88a4d,The Cosmic Selector Vol. 1,5,3
2025,55,100,caaba574-dfbc-4681-8e56-19b5150897d2,Cut Copy,b5fe115f-fd45-4602-85cc-d415e03434a0,Moments,5,3
2025,56,100,7df4c4de-3181-4a69-bd36-9d663970cebb,Alex G,2b86bcf2-220b-44d3-9ba1-75e1983e0684,Headlights,2,2
2025,57,100,072a1c1a-08a1-4bee-8ff2-94d047b50f37,Dean Johnson,b96e1864-e3e9-4cf6-a466-4a01e149c7b9,I Hope We Can Still Be Friends,1,1
2025,58,100,9fef8897-8e04-455c-9ac4-cb4c0f855dc5,Obongjayar,e3ea0e1c-ef3c-4cb6-9d94-edfcdf8d4e1c,Paradise Now,1,1
2025,59,100,09f91305-e193-48af-92e3-252b3dd5e718,Water From Your Eyes,9398c054-a0d2-4fd4-a95b-9afc02012827,It’s A Beautiful Place,1,1
2025,60,100,e6424fa5-08d3-41c6-96f3-8549f733708c,Clipse,18cdc08c-03a1-4e55-9624-b7f9dbb968f5,Let God Sort Em Out,1,1
2025,61,100,aef06569-098f-4218-a577-b413944d9493,HAIM,86fdc55b-464f-4f6a-bcf7-86acf2964e87,I quit,3,3
2025,62,100,a8d894ce-0e6b-4ddd-a49b-46f6330a590f,Indigo De Souza,268d7fcd-59db-463c-bcea-905f2bb71fa2,Precipice,3,3
2025,63,100,d7f5305a-15fc-4af4-a61b-f6f45510cc8f,Bob Mould,d2fffae5-4e22-4466-bcb8-0e5fd0363a31,Here We Go Crazy,5,3
2025,64,100,23b19bc5-813e-4456-bbae-ac3ca118f535,SAULT,69c03e83-eafe-45d8-b8b1-7dbdcc3e10f8,10,9,3
2025,65,100,be045651-fddf-4a05-9c5f-4384b389f73a,Heartworms,6ba162e2-e362-4e6a-b4e4-87aed8508e46,Glutton for Punishment,1,1
2025,66,100,310ac711-027b-4eea-833b-0b04d72f82ea,Packaging,3945d4aa-a342-42c4-bacb-9385b51e1c98,Packaging,1,1
2025,67,100,e9403d9c-329b-4108-a26f-564159d441d9,"Black Country, New Road",23a9b1c2-3dd1-408e-89cb-ca0b81429176,Forever Howlong,3,3
2025,68,100,991813f5-27c6-4ff3-88dd-90e750dad545,Matt Berninger,b205e08c-1847-4265-958d-ef9c92268270,Get Sunk,2,2
2025,69,100,d700b3f5-45af-4d02-95ed-57d301bda93e,Mogwai,a9f635d2-bff3-4079-8621-38d5ace8978e,The Bad Fire,6,3
2025,70,100,04f57a2d-2449-400e-8fff-5b1c5af9560b,Mavis Staples,b02361f2-3851-4a45-a687-8597ea7f4219,Sad and Beautiful World,1,1
2025,71,100,2cef242c-86e3-4631-9669-7d96aca66b09,Tomo Nakayama,b83eba7e-89a3-40b6-9e07-34ce3d392795,Ocean,2,2
2025,72,100,8e494408-8620-4c6a-82c2-c2ca4a1e4f12,Lorde,a3734ef9-80a8-40e0-8718-9eb39860ff4a,Virgin,2,2
2025,73,100,7dcf3b98-701a-4309-a90c-eb4179b96ea9,Barry Can't Swim,0761b8f9-f975-4865-a995-a35204d1ab74,Loner,1,1
2025,74,100,487bfd74-71bf-46dd-b89c-80b7a0f06f2f,The Hives,54799c5b-7f66-4b78-98f7-cceca58e6be7,The Hives Forever Forever the Hives,4,3
2025,75,100,c4aba54d-20a6-4fe7-b4e0-e87490d515a4,Coral Grief,83181cf6-ab22-4883-b39b-390056a9af57,Air Between Us,1,1
2025,76,100,84ca8fa4-7cca-4948-a90a-cb44db29853d,clipping.,dc8005ec-e1ef-44fb-a1d6-ccb5083bc132,Dead Channel Sky,3,3
2025,77,100,a8ebde98-7e91-46c7-992c-90039ba42017,De La Soul,05e414ac-82dd-4fbd-bd85-a6d294c8a1df,Cabin in the Sky,2,2
2025,78,100,ea5883b7-68ce-48b3-b115-61746ea53b8c,My Morning Jacket,fc90e851-b26e-4648-9ff7-e979a336757b,is,9,3
2025,79,100,aba64937-3334-4c65-90a1-4e6b9d4d7ada,Aesop Rock,c34d3356-a0f8-4d42-8b37-053629a18cae,Black Hole Superette,5,3
2025,80,100,9563966d-ca18-44f7-9d72-87a1fe27ae9d,Rocket,83220b6e-12d8-4de9-b0ee-e86d5d5326df,R Is for Rocket,1,1
2025,81,100,6709fc2d-a52b-4ceb-8b28-367444b07d22,СОЮЗ,9ad3d012-b88e-4b62-bdea-58927d41c62b,Krok,1,1
2025,82,100,b51f07c9-a42c-4ea7-b5ed-ce4b7f47101a,Hatchie,f3d448bb-7105-438b-831a-52e73a82dffb,Liquorice,3,3
2025,83,100,31f07dfd-df64-48dc-856e-9968059b8e35,The Bug Club,d89ecff3-fb73-42e0-b994-d325c5a66379,Very Human Features,3,3
2025,84,100,6824d820-be15-421f-acd1-f3353ddd2c57,Ribbon Skirt,02fccd60-61dd-41d3-8c64-4a5c575a396b,Bite Down,1,1
2025,85,100,208702fb-f566-451a-89bb-8d4362f3c8be,NightBus,d1fa29b3-b569-4ba3-94ac-c657ad3786bc,Passenger,1,1
2025,86,100,fac3ff34-6ba4-425a-8f01-b181ef4a908a,tUnE-yArDs,8a2218e9-cd28-45eb-a712-0f945bf20d8c,Better Dreaming,5,3
2025,87,100,78bde001-49b0-42d1-b62b-32c47e0ce36b,NoSo,99423b29-403f-4c12-9984-72a13affcab1,When Are You Leaving?,1,1
2025,88,100,92657af8-298e-495b-9df3-455b6efbcc29,Waves Crashing,f45a67f7-7c18-4433-9dec-96dbe9e9d5bb,Effection,2,2
2025,89,100,44c66117-552e-4e4d-a969-fb0fca779267,Samantha Crain,be633047-2dae-40ec-8e4d-9f9b6e53f0d1,Gumshoe,1,1
2025,90,100,3b910f7b-018f-408f-950b-47e02d2ce305,Jay Som,a8de19c2-5e45-4c7d-940e-b1ced88059bc,Belong,2,2
2025,91,100,b6fa9b9b-41cf-45a6-adc0-0a4c9a8c0d3c,The Budos Band,8bfcadab-015f-4c87-ac11-72deb2635c3f,VII,3,3
2025,92,100,d9217d2b-05ea-4075-af4f-4a9028e2eb78,Pit Pony,09b16f2b-089e-4391-94dc-ae7c9e22287e,Dead Stars,1,1
2025,93,100,cceea21d-f3ec-4586-be7a-d2e939c15c78,Dijon,1a1e8337-cd16-40e6-b04d-e1b5801b4c89,Baby,1,1
2025,94,100,fc6fe95d-ab24-44fd-a086-f33a505ad518,bar italia,3ccb9823-64c8-48b9-a498-b8553aef0ad2,Some Like It Hot,2,2
2025,95,100,f2492c31-54a8-4347-a1fc-f81f72873bbf,Mac DeMarco,ea5be93c-ed2d-4c8a-8bcc-250b2909fb44,Guitar,5,3
2025,96,100,4c501a41-5f23-41c9-a36a-5b86e894e08d,Jason Isbell,29a887b3-3547-448c-ac81-a75dbe3c7f19,Foxes in the Snow,3,3
2025,97,100,f4ccf6c5-ad41-4f8f-bb9e-6e2c6ad23302,Deafheaven,f88055a1-f78c-4344-8765-e4ec22eb8bf8,Lonely People With Power,2,2
2025,98,100,b949a783-214b-429d-a184-4e75c0f8be9c,Saya Gray,c44a46d5-d745-49d9-930f-18f76b7fb017,SAYA,1,1
2025,99,100,61604b45-8a91-4e33-a1b6-45d7b1fec4e5,Destroyer,b9ec0b77-20ee-4e59-ac4d-77d4b5c6c785,Dan’s Boogie,4,3
2025,100,100,13e2db47-3010-48b8-a8b9-667551f37119,Oklou,45f8261c-e781-4a8f-b1f6-ca6616bd1dfe,choke enough,1,1
